datetime,outdoor_temp,outdoor_humidity,indoor_temp,indoor_humidity,co2,occupancy,is_class_time,course_intensity,ac_setpoint,ac_on,window_open,ac_energy
2024-01-01 00:00:00,6.2,75.2,6.2,75.2,420.0,0,0,0.0,0.0,0,0,0.0
2024-01-01 01:00:00,5.6,81.5,6.1,75.8,420.0,0,0,0.0,26.0,0,0,0.0
2024-01-01 02:00:00,3.8,77.0,5.9,75.9,420.0,0,0,0.0,26.0,0,0,0.0
2024-01-01 03:00:00,6.4,80.3,6.0,76.4,420.0,0,0,0.0,26.0,0,0,0.0
2024-01-01 04:00:00,3.5,79.4,5.7,76.7,420.0,0,0,0.0,26.0,0,0,0.0
2024-01-01 05:00:00,4.0,75.5,5.5,76.6,420.0,0,0,0.0,26.0,0,0,0.0
2024-01-01 06:00:00,5.8,69.9,5.6,75.9,420.0,0,0,0.0,26.0,0,0,0.0
2024-01-01 07:00:00,3.9,72.3,5.4,75.5,420.0,0,0,0.0,26.0,0,0,0.0
2024-01-01 08:00:00,6.2,73.0,5.5,75.3,3642.0,29,1,0.483,26.0,0,0,0.0
2024-01-01 09:00:00,7.6,65.8,5.7,74.3,5000.0,29,1,0.483,26.0,0,0,0.0
2024-01-01 10:00:00,12.5,67.3,6.4,73.6,5000.0,45,1,0.75,26.0,0,0,0.0
2024-01-01 11:00:00,11.6,61.7,7.0,72.4,5000.0,45,1,0.75,26.0,0,0,0.0
2024-01-01 12:00:00,11.7,64.7,7.5,71.7,2710.0,0,0,0.0,26.0,0,0,0.0
2024-01-01 13:00:00,11.6,64.2,7.9,70.9,1565.0,0,0,0.0,26.0,0,0,0.0
2024-01-01 14:00:00,12.9,61.4,8.4,70.0,4437.0,31,1,0.517,26.0,0,0,0.0
2024-01-01 15:00:00,13.1,67.6,8.9,69.7,5000.0,31,1,0.517,26.0,0,0,0.0
2024-01-01 16:00:00,13.8,59.1,9.4,68.7,5000.0,38,1,0.633,26.0,0,0,0.0
2024-01-01 17:00:00,14.6,59.4,10.0,67.7,5000.0,38,1,0.633,26.0,0,0,0.0
2024-01-01 18:00:00,12.8,58.5,10.3,66.8,2710.0,0,0,0.0,26.0,0,0,0.0
2024-01-01 19:00:00,9.5,66.6,10.2,66.8,1565.0,0,0,0.0,26.0,0,0,0.0
2024-01-01 20:00:00,11.4,68.4,10.3,67.0,992.0,0,0,0.0,26.0,0,0,0.0
2024-01-01 21:00:00,8.8,69.1,10.2,67.2,706.0,0,0,0.0,26.0,0,0,0.0
2024-01-01 22:00:00,5.5,69.9,9.7,67.4,563.0,0,0,0.0,26.0,0,0,0.0
2024-01-01 23:00:00,5.8,77.2,9.3,68.4,492.0,0,0,0.0,26.0,0,0,0.0
2024-01-02 00:00:00,6.0,70.4,9.0,68.6,456.0,0,0,0.0,26.0,0,0,0.0
2024-01-02 01:00:00,5.2,75.8,8.6,69.3,438.0,0,0,0.0,26.0,0,0,0.0
2024-01-02 02:00:00,3.2,79.6,8.0,70.4,429.0,0,0,0.0,26.0,0,0,0.0
2024-01-02 03:00:00,5.5,80.8,7.8,71.4,424.0,0,0,0.0,26.0,0,0,0.0
2024-01-02 04:00:00,2.9,76.8,7.3,71.9,422.0,0,0,0.0,26.0,0,0,0.0
2024-01-02 05:00:00,5.2,79.9,7.1,72.7,421.0,0,0,0.0,26.0,0,0,0.0
2024-01-02 06:00:00,4.7,75.1,6.8,73.0,421.0,0,0,0.0,26.0,0,0,0.0
2024-01-02 07:00:00,4.8,70.4,6.6,72.7,420.0,0,0,0.0,26.0,0,0,0.0
2024-01-02 08:00:00,8.9,76.1,6.9,73.1,5000.0,55,1,0.917,26.0,0,0,0.0
2024-01-02 09:00:00,8.9,73.0,7.1,73.1,5000.0,55,1,0.917,26.0,0,0,0.0
2024-01-02 10:00:00,10.8,66.0,7.5,72.3,5000.0,29,1,0.483,26.0,0,0,0.0
2024-01-02 11:00:00,12.0,70.6,8.0,72.2,5000.0,29,1,0.483,26.0,0,0,0.0
2024-01-02 12:00:00,12.5,69.0,8.5,71.9,2710.0,0,0,0.0,26.0,0,0,0.0
2024-01-02 13:00:00,9.4,65.5,8.6,71.2,1565.0,0,0,0.0,26.0,0,0,0.0
2024-01-02 14:00:00,14.0,61.4,9.1,70.2,3659.0,24,1,0.4,26.0,0,0,0.0
2024-01-02 15:00:00,14.1,56.0,9.6,68.8,4706.0,24,1,0.4,26.0,0,0,0.0
2024-01-02 16:00:00,13.5,63.3,10.1,68.3,5000.0,39,1,0.65,26.0,0,0,0.0
2024-01-02 17:00:00,15.5,61.5,10.6,67.6,5000.0,39,1,0.65,26.0,0,0,0.0
2024-01-02 18:00:00,11.3,62.8,10.7,67.1,2710.0,0,0,0.0,26.0,0,0,0.0
2024-01-02 19:00:00,12.9,67.0,10.9,67.1,1565.0,0,0,0.0,26.0,0,0,0.0
2024-01-02 20:00:00,9.5,69.5,10.8,67.3,992.0,0,0,0.0,26.0,0,0,0.0
2024-01-02 21:00:00,9.1,72.9,10.6,67.9,706.0,0,0,0.0,26.0,0,0,0.0
2024-01-02 22:00:00,6.7,71.1,10.2,68.2,563.0,0,0,0.0,26.0,0,0,0.0
2024-01-02 23:00:00,5.9,69.6,9.8,68.4,492.0,0,0,0.0,26.0,0,0,0.0
2024-01-03 00:00:00,5.9,76.4,9.4,69.2,456.0,0,0,0.0,26.0,0,0,0.0
2024-01-03 01:00:00,4.7,76.2,8.9,69.9,438.0,0,0,0.0,26.0,0,0,0.0
2024-01-03 02:00:00,2.0,76.5,8.2,70.5,429.0,0,0,0.0,26.0,0,0,0.0
2024-01-03 03:00:00,3.5,75.6,7.7,71.0,424.0,0,0,0.0,26.0,0,0,0.0
2024-01-03 04:00:00,3.9,78.9,7.3,71.8,422.0,0,0,0.0,26.0,0,0,0.0
2024-01-03 05:00:00,7.5,77.5,7.4,72.4,421.0,0,0,0.0,26.0,0,0,0.0
2024-01-03 06:00:00,5.9,75.4,7.2,72.7,421.0,0,0,0.0,26.0,0,0,0.0
2024-01-03 07:00:00,3.6,73.9,6.8,72.8,420.0,0,0,0.0,26.0,0,0,0.0
2024-01-03 08:00:00,7.8,79.5,7.0,73.5,5000.0,57,1,0.95,26.0,0,0,0.0
2024-01-03 09:00:00,8.7,70.9,7.2,73.2,5000.0,57,1,0.95,26.0,0,0,0.0
2024-01-03 10:00:00,10.2,64.4,7.5,72.3,5000.0,38,1,0.633,26.0,0,0,0.0
2024-01-03 11:00:00,13.2,68.3,8.1,71.9,5000.0,38,1,0.633,26.0,0,0,0.0
2024-01-03 12:00:00,13.7,61.6,8.7,70.9,2710.0,0,0,0.0,26.0,0,0,0.0
2024-01-03 13:00:00,15.4,58.9,9.4,69.7,1565.0,0,0,0.0,26.0,0,0,0.0
2024-01-03 14:00:00,14.7,68.8,9.9,69.6,5000.0,43,1,0.717,26.0,0,0,0.0
2024-01-03 15:00:00,12.5,60.3,10.2,68.7,5000.0,43,1,0.717,26.0,0,0,0.0
2024-01-03 16:00:00,14.0,60.8,10.6,67.9,5000.0,40,1,0.667,26.0,0,0,0.0
2024-01-03 17:00:00,11.0,63.3,10.7,67.4,5000.0,40,1,0.667,26.0,0,0,0.0
2024-01-03 18:00:00,10.9,65.8,10.7,67.3,2710.0,0,0,0.0,26.0,0,0,0.0
2024-01-03 19:00:00,10.1,70.6,10.7,67.6,1565.0,0,0,0.0,26.0,0,0,0.0
2024-01-03 20:00:00,9.1,67.0,10.5,67.5,992.0,0,0,0.0,26.0,0,0,0.0
2024-01-03 21:00:00,10.2,66.3,10.5,67.4,706.0,0,0,0.0,26.0,0,0,0.0
2024-01-03 22:00:00,8.0,76.0,10.2,68.3,563.0,0,0,0.0,26.0,0,0,0.0
2024-01-03 23:00:00,4.1,74.6,9.6,68.9,492.0,0,0,0.0,26.0,0,0,0.0
2024-01-04 00:00:00,5.9,78.0,9.2,69.8,456.0,0,0,0.0,26.0,0,0,0.0
2024-01-04 01:00:00,2.8,73.0,8.6,70.1,438.0,0,0,0.0,26.0,0,0,0.0
2024-01-04 02:00:00,5.0,78.6,8.2,71.0,429.0,0,0,0.0,26.0,0,0,0.0
2024-01-04 03:00:00,4.4,79.0,7.8,71.8,424.0,0,0,0.0,26.0,0,0,0.0
2024-01-04 04:00:00,3.2,78.4,7.4,72.4,422.0,0,0,0.0,26.0,0,0,0.0
2024-01-04 05:00:00,5.1,74.8,7.1,72.7,421.0,0,0,0.0,26.0,0,0,0.0
2024-01-04 06:00:00,8.3,77.1,7.2,73.1,421.0,0,0,0.0,26.0,0,0,0.0
2024-01-04 07:00:00,4.7,76.0,7.0,73.4,420.0,0,0,0.0,26.0,0,0,0.0
2024-01-04 08:00:00,6.2,74.4,6.9,73.5,3309.0,26,1,0.433,26.0,0,0,0.0
2024-01-04 09:00:00,10.7,67.5,7.3,72.9,4753.0,26,1,0.433,26.0,0,0,0.0
2024-01-04 10:00:00,11.7,69.2,7.8,72.5,4809.0,20,1,0.333,26.0,0,0,0.0
2024-01-04 11:00:00,12.7,71.7,8.3,72.5,4837.0,20,1,0.333,26.0,0,0,0.0
2024-01-04 12:00:00,12.2,62.1,8.7,71.4,2628.0,0,0,0.0,26.0,0,0,0.0
2024-01-04 13:00:00,12.0,60.6,9.0,70.3,1524.0,0,0,0.0,26.0,0,0,0.0
2024-01-04 14:00:00,13.7,63.3,9.5,69.6,5000.0,58,1,0.967,26.0,0,0,0.0
2024-01-04 15:00:00,14.4,64.5,10.1,69.1,5000.0,58,1,0.967,26.0,0,0,0.0
2024-01-04 16:00:00,13.8,66.6,10.5,68.9,5000.0,24,1,0.4,26.0,0,0,0.0
2024-01-04 17:00:00,12.9,71.2,10.7,69.1,5000.0,24,1,0.4,26.0,0,0,0.0
2024-01-04 18:00:00,13.5,61.8,11.0,68.4,2710.0,0,0,0.0,26.0,0,0,0.0
2024-01-04 19:00:00,9.9,67.4,10.9,68.3,1565.0,0,0,0.0,26.0,0,0,0.0
2024-01-04 20:00:00,10.0,70.1,10.8,68.5,992.0,0,0,0.0,26.0,0,0,0.0
2024-01-04 21:00:00,9.7,69.8,10.7,68.6,706.0,0,0,0.0,26.0,0,0,0.0
2024-01-04 22:00:00,6.4,67.5,10.3,68.5,563.0,0,0,0.0,26.0,0,0,0.0
2024-01-04 23:00:00,5.8,76.6,9.8,69.3,492.0,0,0,0.0,26.0,0,0,0.0
2024-01-05 00:00:00,5.8,71.9,9.4,69.6,456.0,0,0,0.0,26.0,0,0,0.0
2024-01-05 01:00:00,4.9,78.1,8.9,70.4,438.0,0,0,0.0,26.0,0,0,0.0
2024-01-05 02:00:00,2.8,78.2,8.3,71.2,429.0,0,0,0.0,26.0,0,0,0.0
2024-01-05 03:00:00,4.1,74.6,7.9,71.5,424.0,0,0,0.0,26.0,0,0,0.0
2024-01-05 04:00:00,4.7,79.4,7.6,72.3,422.0,0,0,0.0,26.0,0,0,0.0
2024-01-05 05:00:00,6.3,80.1,7.4,73.1,421.0,0,0,0.0,26.0,0,0,0.0
2024-01-05 06:00:00,3.4,72.8,7.0,73.1,421.0,0,0,0.0,26.0,0,0,0.0
2024-01-05 07:00:00,7.3,75.5,7.1,73.3,420.0,0,0,0.0,26.0,0,0,0.0
2024-01-05 08:00:00,8.5,83.6,7.2,74.3,5000.0,52,1,0.867,26.0,0,0,0.0
2024-01-05 09:00:00,9.9,73.4,7.5,74.2,5000.0,52,1,0.867,26.0,0,0,0.0
2024-01-05 10:00:00,11.7,69.9,8.0,73.8,5000.0,57,1,0.95,26.0,0,0,0.0
2024-01-05 11:00:00,11.0,68.3,8.3,73.3,5000.0,57,1,0.95,26.0,0,0,0.0
2024-01-05 12:00:00,11.4,63.6,8.7,72.3,2710.0,0,0,0.0,26.0,0,0,0.0
2024-01-05 13:00:00,12.6,63.3,9.1,71.4,1565.0,0,0,0.0,26.0,0,0,0.0
2024-01-05 14:00:00,17.3,56.7,9.9,69.9,5000.0,48,1,0.8,26.0,0,0,0.0
2024-01-05 15:00:00,15.0,57.2,10.5,68.7,5000.0,48,1,0.8,26.0,0,0,0.0
2024-01-05 16:00:00,13.1,65.5,10.8,68.3,5000.0,45,1,0.75,26.0,0,0,0.0
2024-01-05 17:00:00,13.4,59.8,11.1,67.5,5000.0,45,1,0.75,26.0,0,0,0.0
2024-01-05 18:00:00,11.5,66.4,11.1,67.4,2710.0,0,0,0.0,26.0,0,0,0.0
2024-01-05 19:00:00,10.4,66.6,11.0,67.3,1565.0,0,0,0.0,26.0,0,0,0.0
2024-01-05 20:00:00,10.4,66.0,11.0,67.2,992.0,0,0,0.0,26.0,0,0,0.0
2024-01-05 21:00:00,12.2,71.9,11.1,67.6,706.0,0,0,0.0,26.0,0,0,0.0
2024-01-05 22:00:00,4.7,72.6,10.4,68.1,563.0,0,0,0.0,26.0,0,0,0.0
2024-01-05 23:00:00,5.5,76.6,9.9,69.0,492.0,0,0,0.0,26.0,0,0,0.0
2024-01-06 00:00:00,4.3,75.3,9.4,69.6,456.0,0,0,0.0,26.0,0,0,0.0
2024-01-06 01:00:00,5.4,79.5,9.0,70.6,438.0,0,0,0.0,26.0,0,0,0.0
2024-01-06 02:00:00,2.4,76.7,8.3,71.2,429.0,0,0,0.0,26.0,0,0,0.0
2024-01-06 03:00:00,3.3,76.0,7.8,71.7,424.0,0,0,0.0,26.0,0,0,0.0
2024-01-06 04:00:00,6.8,78.9,7.7,72.4,422.0,0,0,0.0,26.0,0,0,0.0
2024-01-06 05:00:00,2.8,79.7,7.2,73.1,421.0,0,0,0.0,26.0,0,0,0.0
2024-01-06 06:00:00,8.6,78.8,7.3,73.7,421.0,0,0,0.0,26.0,0,0,0.0
2024-01-06 07:00:00,4.2,72.5,7.0,73.6,420.0,0,0,0.0,26.0,0,0,0.0
2024-01-06 08:00:00,9.6,69.9,7.3,73.2,420.0,0,0,0.0,26.0,0,0,0.0
2024-01-06 09:00:00,9.7,72.3,7.5,73.1,420.0,0,0,0.0,26.0,0,0,0.0
2024-01-06 10:00:00,8.9,67.8,7.7,72.6,420.0,0,0,0.0,26.0,0,0,0.0
2024-01-06 11:00:00,6.6,62.9,7.6,71.6,420.0,0,0,0.0,26.0,0,0,0.0
2024-01-06 12:00:00,12.2,60.6,8.0,70.5,420.0,0,0,0.0,26.0,0,0,0.0
2024-01-06 13:00:00,15.8,58.8,8.8,69.3,420.0,0,0,0.0,26.0,0,0,0.0
2024-01-06 14:00:00,13.2,62.7,9.3,68.7,420.0,0,0,0.0,26.0,0,0,0.0
2024-01-06 15:00:00,16.2,57.7,10.0,67.6,420.0,0,0,0.0,26.0,0,0,0.0
2024-01-06 16:00:00,15.6,62.3,10.6,67.1,420.0,0,0,0.0,26.0,0,0,0.0
2024-01-06 17:00:00,11.9,64.5,10.7,66.8,420.0,0,0,0.0,26.0,0,0,0.0
2024-01-06 18:00:00,12.8,62.5,10.9,66.4,420.0,0,0,0.0,26.0,0,0,0.0
2024-01-06 19:00:00,11.6,64.8,11.0,66.2,420.0,0,0,0.0,26.0,0,0,0.0
2024-01-06 20:00:00,10.5,69.9,10.9,66.6,420.0,0,0,0.0,26.0,0,0,0.0
2024-01-06 21:00:00,11.4,66.3,11.0,66.6,420.0,0,0,0.0,26.0,0,0,0.0
2024-01-06 22:00:00,10.9,66.2,11.0,66.5,420.0,0,0,0.0,26.0,0,0,0.0
2024-01-06 23:00:00,6.3,75.8,10.5,67.4,420.0,0,0,0.0,26.0,0,0,0.0
2024-01-07 00:00:00,5.9,73.8,10.0,68.1,420.0,0,0,0.0,26.0,0,0,0.0
2024-01-07 01:00:00,4.4,75.4,9.5,68.8,420.0,0,0,0.0,26.0,0,0,0.0
2024-01-07 02:00:00,3.3,80.3,8.8,70.0,420.0,0,0,0.0,26.0,0,0,0.0
2024-01-07 03:00:00,4.5,75.9,8.4,70.6,420.0,0,0,0.0,26.0,0,0,0.0
2024-01-07 04:00:00,5.5,78.6,8.1,71.4,420.0,0,0,0.0,26.0,0,0,0.0
2024-01-07 05:00:00,5.9,78.8,7.9,72.1,420.0,0,0,0.0,26.0,0,0,0.0
2024-01-07 06:00:00,4.2,74.0,7.5,72.3,420.0,0,0,0.0,26.0,0,0,0.0
2024-01-07 07:00:00,7.6,75.8,7.5,72.6,420.0,0,0,0.0,26.0,0,0,0.0
2024-01-07 08:00:00,7.7,72.4,7.5,72.6,420.0,0,0,0.0,26.0,0,0,0.0
2024-01-07 09:00:00,10.9,68.2,7.9,72.2,420.0,0,0,0.0,26.0,0,0,0.0
2024-01-07 10:00:00,11.1,67.3,8.2,71.7,420.0,0,0,0.0,26.0,0,0,0.0
2024-01-07 11:00:00,11.2,69.3,8.5,71.5,420.0,0,0,0.0,26.0,0,0,0.0
2024-01-07 12:00:00,13.8,66.8,9.1,71.0,420.0,0,0,0.0,26.0,0,0,0.0
2024-01-07 13:00:00,15.3,63.1,9.7,70.2,420.0,0,0,0.0,26.0,0,0,0.0
2024-01-07 14:00:00,14.9,61.3,10.2,69.3,420.0,0,0,0.0,26.0,0,0,0.0
2024-01-07 15:00:00,14.5,61.6,10.7,68.5,420.0,0,0,0.0,26.0,0,0,0.0
2024-01-07 16:00:00,14.0,64.1,11.0,68.1,420.0,0,0,0.0,26.0,0,0,0.0
2024-01-07 17:00:00,12.1,69.3,11.1,68.2,420.0,0,0,0.0,26.0,0,0,0.0
2024-01-07 18:00:00,11.0,60.7,11.1,67.5,420.0,0,0,0.0,26.0,0,0,0.0
2024-01-07 19:00:00,13.2,68.4,11.3,67.6,420.0,0,0,0.0,26.0,0,0,0.0
2024-01-07 20:00:00,11.2,69.8,11.3,67.8,420.0,0,0,0.0,26.0,0,0,0.0
2024-01-07 21:00:00,9.0,67.3,11.1,67.7,420.0,0,0,0.0,26.0,0,0,0.0
2024-01-07 22:00:00,7.8,70.0,10.7,68.0,420.0,0,0,0.0,26.0,0,0,0.0
2024-01-07 23:00:00,8.0,73.6,10.5,68.5,420.0,0,0,0.0,26.0,0,0,0.0
2024-01-08 00:00:00,4.2,74.7,9.8,69.1,420.0,0,0,0.0,26.0,0,0,0.0
2024-01-08 01:00:00,5.3,75.2,9.4,69.7,420.0,0,0,0.0,26.0,0,0,0.0
2024-01-08 02:00:00,2.9,78.5,8.7,70.6,420.0,0,0,0.0,26.0,0,0,0.0
2024-01-08 03:00:00,4.4,76.5,8.3,71.2,420.0,0,0,0.0,26.0,0,0,0.0
2024-01-08 04:00:00,3.5,78.4,7.8,71.9,420.0,0,0,0.0,26.0,0,0,0.0
2024-01-08 05:00:00,2.5,72.7,7.3,72.0,420.0,0,0,0.0,26.0,0,0,0.0
2024-01-08 06:00:00,4.4,75.0,7.0,72.3,420.0,0,0,0.0,26.0,0,0,0.0
2024-01-08 07:00:00,7.0,78.4,7.0,72.9,420.0,0,0,0.0,26.0,0,0,0.0
2024-01-08 08:00:00,9.0,71.6,7.2,72.8,5000.0,58,1,0.967,26.0,0,0,0.0
2024-01-08 09:00:00,9.0,67.0,7.4,72.2,5000.0,58,1,0.967,26.0,0,0,0.0
2024-01-08 10:00:00,10.3,67.1,7.7,71.7,5000.0,23,1,0.383,26.0,0,0,0.0
2024-01-08 11:00:00,12.0,63.5,8.2,70.9,5000.0,23,1,0.383,26.0,0,0,0.0
2024-01-08 12:00:00,13.3,68.9,8.7,70.7,2710.0,0,0,0.0,26.0,0,0,0.0
2024-01-08 13:00:00,13.2,64.3,9.2,70.0,1565.0,0,0,0.0,26.0,0,0,0.0
2024-01-08 14:00:00,14.9,61.1,9.8,69.1,3548.0,23,1,0.383,26.0,0,0,0.0
2024-01-08 15:00:00,14.3,62.0,10.2,68.4,4540.0,23,1,0.383,26.0,0,0,0.0
2024-01-08 16:00:00,14.0,60.0,10.7,67.6,5000.0,38,1,0.633,26.0,0,0,0.0
2024-01-08 17:00:00,13.4,64.6,11.0,67.3,5000.0,38,1,0.633,26.0,0,0,0.0
2024-01-08 18:00:00,14.7,67.2,11.3,67.3,2710.0,0,0,0.0,26.0,0,0,0.0
2024-01-08 19:00:00,14.7,63.7,11.7,66.9,1565.0,0,0,0.0,26.0,0,0,0.0
2024-01-08 20:00:00,11.6,68.5,11.7,67.1,992.0,0,0,0.0,26.0,0,0,0.0
2024-01-08 21:00:00,12.3,67.6,11.7,67.1,706.0,0,0,0.0,26.0,0,0,0.0
2024-01-08 22:00:00,6.4,70.3,11.2,67.4,563.0,0,0,0.0,26.0,0,0,0.0
2024-01-08 23:00:00,3.3,72.4,10.4,67.9,492.0,0,0,0.0,26.0,0,0,0.0
2024-01-09 00:00:00,4.3,76.1,9.8,68.8,456.0,0,0,0.0,26.0,0,0,0.0
2024-01-09 01:00:00,5.2,82.6,9.3,70.1,438.0,0,0,0.0,26.0,0,0,0.0
2024-01-09 02:00:00,5.6,76.0,8.9,70.7,429.0,0,0,0.0,26.0,0,0,0.0
2024-01-09 03:00:00,2.7,79.5,8.3,71.6,424.0,0,0,0.0,26.0,0,0,0.0
2024-01-09 04:00:00,2.2,83.2,7.7,72.8,422.0,0,0,0.0,26.0,0,0,0.0
2024-01-09 05:00:00,6.4,75.5,7.6,73.0,421.0,0,0,0.0,26.0,0,0,0.0
2024-01-09 06:00:00,2.9,79.7,7.1,73.7,421.0,0,0,0.0,26.0,0,0,0.0
2024-01-09 07:00:00,6.3,77.7,7.0,74.1,420.0,0,0,0.0,26.0,0,0,0.0
2024-01-09 08:00:00,5.3,70.3,6.9,73.7,5000.0,47,1,0.783,26.0,0,0,0.0
2024-01-09 09:00:00,9.0,70.1,7.1,73.4,5000.0,47,1,0.783,26.0,0,0,0.0
2024-01-09 10:00:00,9.6,69.8,7.4,73.0,5000.0,38,1,0.633,26.0,0,0,0.0
2024-01-09 11:00:00,9.9,65.6,7.7,72.3,5000.0,38,1,0.633,26.0,0,0,0.0
2024-01-09 12:00:00,12.7,65.9,8.2,71.6,2710.0,0,0,0.0,26.0,0,0,0.0
2024-01-09 13:00:00,14.4,59.7,8.8,70.4,1565.0,0,0,0.0,26.0,0,0,0.0
2024-01-09 14:00:00,11.5,66.1,9.1,70.0,3548.0,23,1,0.383,26.0,0,0,0.0
2024-01-09 15:00:00,14.5,59.8,9.7,69.0,4540.0,23,1,0.383,26.0,0,0,0.0
2024-01-09 16:00:00,16.2,62.6,10.4,68.3,5000.0,57,1,0.95,26.0,0,0,0.0
2024-01-09 17:00:00,15.1,63.3,10.9,67.8,5000.0,57,1,0.95,26.0,0,0,0.0
2024-01-09 18:00:00,15.6,69.6,11.4,68.0,2710.0,0,0,0.0,26.0,0,0,0.0
2024-01-09 19:00:00,11.1,68.9,11.3,68.1,1565.0,0,0,0.0,26.0,0,0,0.0
2024-01-09 20:00:00,11.3,72.0,11.3,68.5,992.0,0,0,0.0,26.0,0,0,0.0
2024-01-09 21:00:00,7.6,72.1,11.0,68.9,706.0,0,0,0.0,26.0,0,0,0.0
2024-01-09 22:00:00,9.3,66.8,10.8,68.6,563.0,0,0,0.0,26.0,0,0,0.0
2024-01-09 23:00:00,4.7,67.9,10.2,68.6,492.0,0,0,0.0,26.0,0,0,0.0
2024-01-10 00:00:00,5.1,77.8,9.7,69.5,456.0,0,0,0.0,26.0,0,0,0.0
2024-01-10 01:00:00,6.9,77.2,9.4,70.3,438.0,0,0,0.0,26.0,0,0,0.0
2024-01-10 02:00:00,6.6,73.6,9.1,70.6,429.0,0,0,0.0,26.0,0,0,0.0
2024-01-10 03:00:00,2.0,77.8,8.4,71.3,424.0,0,0,0.0,26.0,0,0,0.0
2024-01-10 04:00:00,4.7,77.6,8.0,71.9,422.0,0,0,0.0,26.0,0,0,0.0
2024-01-10 05:00:00,2.0,76.7,7.4,72.4,421.0,0,0,0.0,26.0,0,0,0.0
2024-01-10 06:00:00,3.5,77.7,7.0,73.0,421.0,0,0,0.0,26.0,0,0,0.0
2024-01-10 07:00:00,7.0,71.2,7.0,72.8,420.0,0,0,0.0,26.0,0,0,0.0
2024-01-10 08:00:00,6.9,68.9,7.0,72.4,3531.0,28,1,0.467,26.0,0,0,0.0
2024-01-10 09:00:00,8.9,72.9,7.2,72.4,5000.0,28,1,0.467,26.0,0,0,0.0
2024-01-10 10:00:00,8.8,69.4,7.4,72.1,5000.0,51,1,0.85,26.0,0,0,0.0
2024-01-10 11:00:00,10.7,63.6,7.8,71.3,5000.0,51,1,0.85,26.0,0,0,0.0
2024-01-10 12:00:00,12.4,61.2,8.3,70.3,2710.0,0,0,0.0,26.0,0,0,0.0
2024-01-10 13:00:00,12.5,59.5,8.7,69.2,1565.0,0,0,0.0,26.0,0,0,0.0
2024-01-10 14:00:00,16.8,62.4,9.5,68.5,3215.0,20,1,0.333,26.0,0,0,0.0
2024-01-10 15:00:00,13.0,62.6,9.9,67.9,4040.0,20,1,0.333,26.0,0,0,0.0
2024-01-10 16:00:00,13.7,61.6,10.3,67.3,5000.0,27,1,0.45,26.0,0,0,0.0
2024-01-10 17:00:00,14.3,65.3,10.7,67.1,5000.0,27,1,0.45,26.0,0,0,0.0
2024-01-10 18:00:00,11.7,62.6,10.8,66.6,2710.0,0,0,0.0,26.0,0,0,0.0
2024-01-10 19:00:00,11.1,59.1,10.9,65.9,1565.0,0,0,0.0,26.0,0,0,0.0
2024-01-10 20:00:00,8.0,72.0,10.6,66.5,992.0,0,0,0.0,26.0,0,0,0.0
2024-01-10 21:00:00,11.5,69.3,10.7,66.8,706.0,0,0,0.0,26.0,0,0,0.0
2024-01-10 22:00:00,8.6,73.0,10.5,67.4,563.0,0,0,0.0,26.0,0,0,0.0
2024-01-10 23:00:00,11.1,77.4,10.5,68.4,492.0,0,0,0.0,26.0,0,0,0.0
2024-01-11 00:00:00,5.3,72.8,10.0,68.8,456.0,0,0,0.0,26.0,0,0,0.0
2024-01-11 01:00:00,2.3,77.5,9.2,69.7,438.0,0,0,0.0,26.0,0,0,0.0
2024-01-11 02:00:00,3.0,73.5,8.6,70.1,429.0,0,0,0.0,26.0,0,0,0.0
2024-01-11 03:00:00,3.0,74.8,8.0,70.6,424.0,0,0,0.0,26.0,0,0,0.0
2024-01-11 04:00:00,6.7,80.4,7.9,71.5,422.0,0,0,0.0,26.0,0,0,0.0
2024-01-11 05:00:00,4.7,81.4,7.6,72.5,421.0,0,0,0.0,26.0,0,0,0.0
2024-01-11 06:00:00,5.6,73.1,7.4,72.6,421.0,0,0,0.0,26.0,0,0,0.0
2024-01-11 07:00:00,8.8,75.6,7.5,72.9,420.0,0,0,0.0,26.0,0,0,0.0
2024-01-11 08:00:00,6.2,71.5,7.4,72.7,2642.0,20,1,0.333,26.0,0,0,0.0
2024-01-11 09:00:00,7.7,65.9,7.4,72.1,3753.0,20,1,0.333,26.0,0,0,0.0
2024-01-11 10:00:00,11.7,73.7,7.9,72.2,5000.0,40,1,0.667,26.0,0,0,0.0
2024-01-11 11:00:00,9.4,67.7,8.1,71.8,5000.0,40,1,0.667,26.0,0,0,0.0
2024-01-11 12:00:00,11.6,62.9,8.4,70.9,2710.0,0,0,0.0,26.0,0,0,0.0
2024-01-11 13:00:00,12.4,60.5,8.8,69.8,1565.0,0,0,0.0,26.0,0,0,0.0
2024-01-11 14:00:00,13.9,59.8,9.4,68.8,5000.0,56,1,0.933,26.0,0,0,0.0
2024-01-11 15:00:00,14.4,61.8,9.9,68.1,5000.0,56,1,0.933,26.0,0,0,0.0
2024-01-11 16:00:00,13.5,59.5,10.3,67.3,5000.0,57,1,0.95,26.0,0,0,0.0
2024-01-11 17:00:00,12.5,65.3,10.6,67.1,5000.0,57,1,0.95,26.0,0,0,0.0
2024-01-11 18:00:00,13.3,61.4,10.9,66.5,2710.0,0,0,0.0,26.0,0,0,0.0
2024-01-11 19:00:00,11.6,68.3,10.9,66.7,1565.0,0,0,0.0,26.0,0,0,0.0
2024-01-11 20:00:00,7.8,69.6,10.6,67.0,992.0,0,0,0.0,26.0,0,0,0.0
2024-01-11 21:00:00,8.0,71.7,10.4,67.5,706.0,0,0,0.0,26.0,0,0,0.0
2024-01-11 22:00:00,6.6,66.7,10.0,67.4,563.0,0,0,0.0,26.0,0,0,0.0
2024-01-11 23:00:00,4.1,74.1,9.4,68.0,492.0,0,0,0.0,26.0,0,0,0.0
2024-01-12 00:00:00,5.9,72.9,9.0,68.5,456.0,0,0,0.0,26.0,0,0,0.0
2024-01-12 01:00:00,5.6,71.9,8.7,68.9,438.0,0,0,0.0,26.0,0,0,0.0
2024-01-12 02:00:00,4.1,74.1,8.2,69.4,429.0,0,0,0.0,26.0,0,0,0.0
2024-01-12 03:00:00,3.0,78.1,7.7,70.3,424.0,0,0,0.0,26.0,0,0,0.0
2024-01-12 04:00:00,2.9,76.6,7.2,70.9,422.0,0,0,0.0,26.0,0,0,0.0
2024-01-12 05:00:00,6.2,75.2,7.1,71.3,421.0,0,0,0.0,26.0,0,0,0.0
2024-01-12 06:00:00,6.7,72.3,7.1,71.4,421.0,0,0,0.0,26.0,0,0,0.0
2024-01-12 07:00:00,7.3,78.3,7.1,72.1,420.0,0,0,0.0,26.0,0,0,0.0
2024-01-12 08:00:00,4.0,69.7,6.8,71.9,5000.0,59,1,0.983,26.0,0,0,0.0
2024-01-12 09:00:00,9.9,69.4,7.2,71.6,5000.0,59,1,0.983,26.0,0,0,0.0
2024-01-12 10:00:00,10.9,66.1,7.6,71.1,5000.0,22,1,0.367,26.0,0,0,0.0
2024-01-12 11:00:00,11.6,65.5,8.0,70.5,5000.0,22,1,0.367,26.0,0,0,0.0
2024-01-12 12:00:00,14.3,65.1,8.6,70.0,2710.0,0,0,0.0,26.0,0,0,0.0
2024-01-12 13:00:00,13.8,61.8,9.2,69.2,1565.0,0,0,0.0,26.0,0,0,0.0
2024-01-12 14:00:00,13.1,61.0,9.6,68.3,5000.0,46,1,0.767,26.0,0,0,0.0
2024-01-12 15:00:00,14.6,60.7,10.1,67.6,5000.0,46,1,0.767,26.0,0,0,0.0
2024-01-12 16:00:00,14.3,68.5,10.6,67.7,5000.0,22,1,0.367,26.0,0,0,0.0
2024-01-12 17:00:00,14.6,62.1,11.0,67.1,5000.0,22,1,0.367,26.0,0,0,0.0
2024-01-12 18:00:00,14.3,63.1,11.3,66.7,2710.0,0,0,0.0,26.0,0,0,0.0
2024-01-12 19:00:00,8.4,63.0,11.0,66.3,1565.0,0,0,0.0,26.0,0,0,0.0
2024-01-12 20:00:00,7.5,66.9,10.7,66.4,992.0,0,0,0.0,26.0,0,0,0.0
2024-01-12 21:00:00,9.0,75.0,10.5,67.3,706.0,0,0,0.0,26.0,0,0,0.0
2024-01-12 22:00:00,8.2,71.4,10.3,67.7,563.0,0,0,0.0,26.0,0,0,0.0
2024-01-12 23:00:00,7.7,67.4,10.0,67.6,492.0,0,0,0.0,26.0,0,0,0.0
2024-01-13 00:00:00,5.8,78.0,9.6,68.7,456.0,0,0,0.0,26.0,0,0,0.0
2024-01-13 01:00:00,2.5,80.4,8.9,69.9,438.0,0,0,0.0,26.0,0,0,0.0
2024-01-13 02:00:00,4.7,76.5,8.4,70.5,429.0,0,0,0.0,26.0,0,0,0.0
2024-01-13 03:00:00,4.9,84.8,8.1,71.9,424.0,0,0,0.0,26.0,0,0,0.0
2024-01-13 04:00:00,4.4,78.5,7.7,72.6,422.0,0,0,0.0,26.0,0,0,0.0
2024-01-13 05:00:00,4.0,74.4,7.3,72.8,421.0,0,0,0.0,26.0,0,0,0.0
2024-01-13 06:00:00,6.7,73.1,7.3,72.8,421.0,0,0,0.0,26.0,0,0,0.0
2024-01-13 07:00:00,6.6,72.6,7.2,72.8,420.0,0,0,0.0,26.0,0,0,0.0
2024-01-13 08:00:00,8.4,73.1,7.3,72.8,420.0,0,0,0.0,26.0,0,0,0.0
2024-01-13 09:00:00,10.6,68.5,7.7,72.4,420.0,0,0,0.0,26.0,0,0,0.0
2024-01-13 10:00:00,9.9,65.0,7.9,71.7,420.0,0,0,0.0,26.0,0,0,0.0
2024-01-13 11:00:00,10.8,67.1,8.2,71.2,420.0,0,0,0.0,26.0,0,0,0.0
2024-01-13 12:00:00,13.7,61.6,8.7,70.2,420.0,0,0,0.0,26.0,0,0,0.0
2024-01-13 13:00:00,14.6,67.1,9.3,69.9,420.0,0,0,0.0,26.0,0,0,0.0
2024-01-13 14:00:00,14.4,67.9,9.9,69.7,420.0,0,0,0.0,26.0,0,0,0.0
2024-01-13 15:00:00,12.8,58.3,10.2,68.6,420.0,0,0,0.0,26.0,0,0,0.0
2024-01-13 16:00:00,11.2,66.8,10.3,68.4,420.0,0,0,0.0,26.0,0,0,0.0
2024-01-13 17:00:00,14.3,62.9,10.7,67.9,420.0,0,0,0.0,26.0,0,0,0.0
2024-01-13 18:00:00,13.0,61.0,10.9,67.2,420.0,0,0,0.0,26.0,0,0,0.0
2024-01-13 19:00:00,15.2,66.4,11.3,67.1,420.0,0,0,0.0,26.0,0,0,0.0
2024-01-13 20:00:00,10.5,70.1,11.3,67.4,420.0,0,0,0.0,26.0,0,0,0.0
2024-01-13 21:00:00,9.7,70.7,11.1,67.7,420.0,0,0,0.0,26.0,0,0,0.0
2024-01-13 22:00:00,6.5,73.5,10.6,68.3,420.0,0,0,0.0,26.0,0,0,0.0
2024-01-13 23:00:00,9.3,78.0,10.5,69.3,420.0,0,0,0.0,26.0,0,0,0.0
2024-01-14 00:00:00,7.9,74.1,10.2,69.8,420.0,0,0,0.0,26.0,0,0,0.0
2024-01-14 01:00:00,3.2,76.6,9.5,70.4,420.0,0,0,0.0,26.0,0,0,0.0
2024-01-14 02:00:00,4.3,81.0,9.0,71.5,420.0,0,0,0.0,26.0,0,0,0.0
2024-01-14 03:00:00,2.0,82.6,8.3,72.6,420.0,0,0,0.0,26.0,0,0,0.0
2024-01-14 04:00:00,3.9,76.4,7.8,73.0,420.0,0,0,0.0,26.0,0,0,0.0
2024-01-14 05:00:00,3.2,72.0,7.4,72.9,420.0,0,0,0.0,26.0,0,0,0.0
2024-01-14 06:00:00,6.7,75.9,7.3,73.2,420.0,0,0,0.0,26.0,0,0,0.0
2024-01-14 07:00:00,4.6,70.1,7.0,72.9,420.0,0,0,0.0,26.0,0,0,0.0
2024-01-14 08:00:00,7.2,77.1,7.0,73.3,420.0,0,0,0.0,26.0,0,0,0.0
2024-01-14 09:00:00,8.6,65.5,7.2,72.5,420.0,0,0,0.0,26.0,0,0,0.0
2024-01-14 10:00:00,9.9,67.1,7.5,72.0,420.0,0,0,0.0,26.0,0,0,0.0
2024-01-14 11:00:00,7.5,65.8,7.5,71.4,420.0,0,0,0.0,26.0,0,0,0.0
2024-01-14 12:00:00,12.2,66.4,8.0,70.9,420.0,0,0,0.0,26.0,0,0,0.0
2024-01-14 13:00:00,16.1,66.5,8.8,70.4,420.0,0,0,0.0,26.0,0,0,0.0
2024-01-14 14:00:00,13.4,59.0,9.3,69.3,420.0,0,0,0.0,26.0,0,0,0.0
2024-01-14 15:00:00,17.9,62.2,10.1,68.6,420.0,0,0,0.0,26.0,0,0,0.0
2024-01-14 16:00:00,13.9,62.2,10.5,67.9,420.0,0,0,0.0,26.0,0,0,0.0
2024-01-14 17:00:00,13.6,62.6,10.8,67.4,420.0,0,0,0.0,26.0,0,0,0.0
2024-01-14 18:00:00,11.7,62.7,10.9,66.9,420.0,0,0,0.0,26.0,0,0,0.0
2024-01-14 19:00:00,11.5,64.4,11.0,66.7,420.0,0,0,0.0,26.0,0,0,0.0
2024-01-14 20:00:00,9.2,68.2,10.8,66.8,420.0,0,0,0.0,26.0,0,0,0.0
2024-01-14 21:00:00,8.6,74.5,10.6,67.6,420.0,0,0,0.0,26.0,0,0,0.0
2024-01-14 22:00:00,3.7,75.3,9.9,68.4,420.0,0,0,0.0,26.0,0,0,0.0
2024-01-14 23:00:00,8.4,67.8,9.7,68.3,420.0,0,0,0.0,26.0,0,0,0.0
2024-01-15 00:00:00,5.0,74.5,9.3,68.9,420.0,0,0,0.0,26.0,0,0,0.0
2024-01-15 01:00:00,2.6,74.6,8.6,69.5,420.0,0,0,0.0,26.0,0,0,0.0
2024-01-15 02:00:00,2.5,83.0,8.0,70.8,420.0,0,0,0.0,26.0,0,0,0.0
2024-01-15 03:00:00,5.4,81.8,7.7,71.9,420.0,0,0,0.0,26.0,0,0,0.0
2024-01-15 04:00:00,5.3,74.3,7.5,72.2,420.0,0,0,0.0,26.0,0,0,0.0
2024-01-15 05:00:00,3.9,78.4,7.1,72.8,420.0,0,0,0.0,26.0,0,0,0.0
2024-01-15 06:00:00,3.6,77.8,6.7,73.3,420.0,0,0,0.0,26.0,0,0,0.0
2024-01-15 07:00:00,6.1,72.9,6.7,73.3,420.0,0,0,0.0,26.0,0,0,0.0
2024-01-15 08:00:00,8.8,73.4,6.9,73.3,5000.0,56,1,0.933,26.0,0,0,0.0
2024-01-15 09:00:00,8.5,73.5,7.1,73.3,5000.0,56,1,0.933,26.0,0,0,0.0
2024-01-15 10:00:00,8.7,69.8,7.3,72.9,5000.0,44,1,0.733,26.0,0,0,0.0
2024-01-15 11:00:00,12.4,65.1,7.9,72.2,5000.0,44,1,0.733,26.0,0,0,0.0
2024-01-15 12:00:00,13.0,60.6,8.4,71.0,2710.0,0,0,0.0,26.0,0,0,0.0
2024-01-15 13:00:00,14.7,62.5,9.0,70.2,1565.0,0,0,0.0,26.0,0,0,0.0
2024-01-15 14:00:00,13.0,65.4,9.5,69.7,5000.0,48,1,0.8,26.0,0,0,0.0
2024-01-15 15:00:00,12.9,57.8,9.8,68.5,5000.0,48,1,0.8,26.0,0,0,0.0
2024-01-15 16:00:00,11.5,64.1,10.0,68.1,5000.0,51,1,0.85,26.0,0,0,0.0
2024-01-15 17:00:00,11.4,68.3,10.2,68.1,5000.0,51,1,0.85,26.0,0,0,0.0
2024-01-15 18:00:00,9.4,69.4,10.1,68.2,2710.0,0,0,0.0,26.0,0,0,0.0
2024-01-15 19:00:00,11.8,65.7,10.3,68.0,1565.0,0,0,0.0,26.0,0,0,0.0
2024-01-15 20:00:00,9.5,69.1,10.2,68.1,992.0,0,0,0.0,26.0,0,0,0.0
2024-01-15 21:00:00,8.9,73.3,10.1,68.6,706.0,0,0,0.0,26.0,0,0,0.0
2024-01-15 22:00:00,7.9,72.5,9.9,69.0,563.0,0,0,0.0,26.0,0,0,0.0
2024-01-15 23:00:00,6.0,73.8,9.5,69.5,492.0,0,0,0.0,26.0,0,0,0.0
2024-01-16 00:00:00,5.9,70.5,9.1,69.6,456.0,0,0,0.0,26.0,0,0,0.0
2024-01-16 01:00:00,2.6,79.2,8.4,70.5,438.0,0,0,0.0,26.0,0,0,0.0
2024-01-16 02:00:00,4.4,77.2,8.0,71.2,429.0,0,0,0.0,26.0,0,0,0.0
2024-01-16 03:00:00,4.0,79.0,7.6,72.0,424.0,0,0,0.0,26.0,0,0,0.0
2024-01-16 04:00:00,3.4,75.4,7.2,72.3,422.0,0,0,0.0,26.0,0,0,0.0
2024-01-16 05:00:00,5.0,74.0,7.0,72.5,421.0,0,0,0.0,26.0,0,0,0.0
2024-01-16 06:00:00,6.1,70.5,6.9,72.3,421.0,0,0,0.0,26.0,0,0,0.0
2024-01-16 07:00:00,8.0,75.4,7.0,72.6,420.0,0,0,0.0,26.0,0,0,0.0
2024-01-16 08:00:00,8.1,75.0,7.2,72.8,5000.0,60,1,1.0,26.0,0,0,0.0
2024-01-16 09:00:00,11.5,73.0,7.6,72.9,5000.0,60,1,1.0,26.0,0,0,0.0
2024-01-16 10:00:00,7.5,64.1,7.6,72.0,5000.0,34,1,0.567,26.0,0,0,0.0
2024-01-16 11:00:00,10.6,66.1,8.0,71.4,5000.0,34,1,0.567,26.0,0,0,0.0
2024-01-16 12:00:00,13.3,62.2,8.5,70.5,2710.0,0,0,0.0,26.0,0,0,0.0
2024-01-16 13:00:00,13.6,60.8,9.0,69.5,1565.0,0,0,0.0,26.0,0,0,0.0
2024-01-16 14:00:00,12.9,58.1,9.4,68.4,4437.0,31,1,0.517,26.0,0,0,0.0
2024-01-16 15:00:00,12.6,57.9,9.8,67.3,5000.0,31,1,0.517,26.0,0,0,0.0
2024-01-16 16:00:00,12.4,65.4,10.1,67.1,5000.0,53,1,0.883,26.0,0,0,0.0
2024-01-16 17:00:00,11.9,71.0,10.3,67.5,5000.0,53,1,0.883,26.0,0,0,0.0
2024-01-16 18:00:00,13.3,64.9,10.6,67.3,2710.0,0,0,0.0,26.0,0,0,0.0
2024-01-16 19:00:00,10.2,68.1,10.6,67.3,1565.0,0,0,0.0,26.0,0,0,0.0
2024-01-16 20:00:00,9.4,68.3,10.4,67.4,992.0,0,0,0.0,26.0,0,0,0.0
2024-01-16 21:00:00,12.8,69.7,10.7,67.7,706.0,0,0,0.0,26.0,0,0,0.0
2024-01-16 22:00:00,9.4,70.0,10.6,67.9,563.0,0,0,0.0,26.0,0,0,0.0
2024-01-16 23:00:00,6.4,79.3,10.1,69.0,492.0,0,0,0.0,26.0,0,0,0.0
2024-01-17 00:00:00,4.5,81.1,9.6,70.2,456.0,0,0,0.0,26.0,0,0,0.0
2024-01-17 01:00:00,5.7,75.2,9.2,70.7,438.0,0,0,0.0,26.0,0,0,0.0
2024-01-17 02:00:00,5.1,80.6,8.8,71.7,429.0,0,0,0.0,26.0,0,0,0.0
2024-01-17 03:00:00,4.9,73.3,8.4,71.9,424.0,0,0,0.0,26.0,0,0,0.0
2024-01-17 04:00:00,3.1,77.0,7.8,72.4,422.0,0,0,0.0,26.0,0,0,0.0
2024-01-17 05:00:00,4.6,78.8,7.5,73.0,421.0,0,0,0.0,26.0,0,0,0.0
2024-01-17 06:00:00,5.7,71.7,7.3,72.9,421.0,0,0,0.0,26.0,0,0,0.0
2024-01-17 07:00:00,7.1,75.8,7.3,73.2,420.0,0,0,0.0,26.0,0,0,0.0
2024-01-17 08:00:00,8.5,75.3,7.5,73.4,5000.0,46,1,0.767,26.0,0,0,0.0
2024-01-17 09:00:00,10.3,71.4,7.8,73.2,5000.0,46,1,0.767,26.0,0,0,0.0
2024-01-17 10:00:00,10.2,62.9,8.0,72.2,5000.0,42,1,0.7,26.0,0,0,0.0
2024-01-17 11:00:00,12.1,66.6,8.5,71.6,5000.0,42,1,0.7,26.0,0,0,0.0
2024-01-17 12:00:00,12.9,60.5,8.9,70.5,2710.0,0,0,0.0,26.0,0,0,0.0
2024-01-17 13:00:00,11.7,66.2,9.2,70.1,1565.0,0,0,0.0,26.0,0,0,0.0
2024-01-17 14:00:00,13.8,64.3,9.7,69.5,5000.0,46,1,0.767,26.0,0,0,0.0
2024-01-17 15:00:00,14.0,62.1,10.2,68.8,5000.0,46,1,0.767,26.0,0,0,0.0
2024-01-17 16:00:00,15.2,60.7,10.7,68.0,5000.0,57,1,0.95,26.0,0,0,0.0
2024-01-17 17:00:00,13.5,61.7,11.0,67.3,5000.0,57,1,0.95,26.0,0,0,0.0
2024-01-17 18:00:00,11.9,63.4,11.1,66.9,2710.0,0,0,0.0,26.0,0,0,0.0
2024-01-17 19:00:00,11.8,64.6,11.2,66.7,1565.0,0,0,0.0,26.0,0,0,0.0
2024-01-17 20:00:00,12.2,65.2,11.3,66.5,992.0,0,0,0.0,26.0,0,0,0.0
2024-01-17 21:00:00,8.7,68.7,11.0,66.8,706.0,0,0,0.0,26.0,0,0,0.0
2024-01-17 22:00:00,9.9,72.7,10.9,67.4,563.0,0,0,0.0,26.0,0,0,0.0
2024-01-17 23:00:00,8.0,69.5,10.6,67.6,492.0,0,0,0.0,26.0,0,0,0.0
2024-01-18 00:00:00,5.9,78.3,10.1,68.6,456.0,0,0,0.0,26.0,0,0,0.0
2024-01-18 01:00:00,4.8,80.1,9.6,69.8,438.0,0,0,0.0,26.0,0,0,0.0
2024-01-18 02:00:00,3.4,82.0,9.0,71.0,429.0,0,0,0.0,26.0,0,0,0.0
2024-01-18 03:00:00,7.4,76.9,8.8,71.6,424.0,0,0,0.0,26.0,0,0,0.0
2024-01-18 04:00:00,3.5,82.1,8.3,72.7,422.0,0,0,0.0,26.0,0,0,0.0
2024-01-18 05:00:00,7.0,75.4,8.1,72.9,421.0,0,0,0.0,26.0,0,0,0.0
2024-01-18 06:00:00,4.8,74.8,7.8,73.1,421.0,0,0,0.0,26.0,0,0,0.0
2024-01-18 07:00:00,4.5,71.2,7.5,72.9,420.0,0,0,0.0,26.0,0,0,0.0
2024-01-18 08:00:00,6.2,69.8,7.4,72.6,5000.0,42,1,0.7,26.0,0,0,0.0
2024-01-18 09:00:00,8.9,70.7,7.6,72.4,5000.0,42,1,0.7,26.0,0,0,0.0
2024-01-18 10:00:00,12.6,64.9,8.1,71.7,5000.0,45,1,0.75,26.0,0,0,0.0
2024-01-18 11:00:00,13.0,65.4,8.6,71.0,5000.0,45,1,0.75,26.0,0,0,0.0
2024-01-18 12:00:00,12.5,66.4,9.0,70.6,2710.0,0,0,0.0,26.0,0,0,0.0
2024-01-18 13:00:00,11.6,64.2,9.3,69.9,1565.0,0,0,0.0,26.0,0,0,0.0
2024-01-18 14:00:00,14.1,63.7,9.8,69.3,5000.0,45,1,0.75,26.0,0,0,0.0
2024-01-18 15:00:00,14.4,69.4,10.3,69.3,5000.0,45,1,0.75,26.0,0,0,0.0
2024-01-18 16:00:00,12.9,60.7,10.6,68.5,5000.0,57,1,0.95,26.0,0,0,0.0
2024-01-18 17:00:00,12.4,61.4,10.8,67.8,5000.0,57,1,0.95,26.0,0,0,0.0
2024-01-18 18:00:00,11.6,67.9,10.9,67.8,2710.0,0,0,0.0,26.0,0,0,0.0
2024-01-18 19:00:00,13.6,64.3,11.2,67.4,1565.0,0,0,0.0,26.0,0,0,0.0
2024-01-18 20:00:00,9.0,69.3,10.9,67.6,992.0,0,0,0.0,26.0,0,0,0.0
2024-01-18 21:00:00,8.2,71.9,10.7,68.0,706.0,0,0,0.0,26.0,0,0,0.0
2024-01-18 22:00:00,8.0,67.5,10.4,68.0,563.0,0,0,0.0,26.0,0,0,0.0
2024-01-18 23:00:00,8.8,79.4,10.2,69.1,492.0,0,0,0.0,26.0,0,0,0.0
2024-01-19 00:00:00,4.5,74.5,9.7,69.7,456.0,0,0,0.0,26.0,0,0,0.0
2024-01-19 01:00:00,5.1,77.9,9.2,70.5,438.0,0,0,0.0,26.0,0,0,0.0
2024-01-19 02:00:00,5.2,83.8,8.8,71.8,429.0,0,0,0.0,26.0,0,0,0.0
2024-01-19 03:00:00,3.7,75.6,8.3,72.2,424.0,0,0,0.0,26.0,0,0,0.0
2024-01-19 04:00:00,2.1,75.5,7.6,72.5,422.0,0,0,0.0,26.0,0,0,0.0
2024-01-19 05:00:00,4.6,82.3,7.3,73.5,421.0,0,0,0.0,26.0,0,0,0.0
2024-01-19 06:00:00,4.7,76.3,7.1,73.8,421.0,0,0,0.0,26.0,0,0,0.0
2024-01-19 07:00:00,6.5,77.6,7.0,74.2,420.0,0,0,0.0,26.0,0,0,0.0
2024-01-19 08:00:00,11.5,70.5,7.5,73.8,4198.0,34,1,0.567,26.0,0,0,0.0
2024-01-19 09:00:00,8.3,73.1,7.6,73.7,5000.0,34,1,0.567,26.0,0,0,0.0
2024-01-19 10:00:00,11.3,73.5,8.0,73.7,5000.0,23,1,0.383,26.0,0,0,0.0
2024-01-19 11:00:00,12.4,64.9,8.5,72.8,5000.0,23,1,0.383,26.0,0,0,0.0
2024-01-19 12:00:00,13.4,67.7,9.0,72.3,2710.0,0,0,0.0,26.0,0,0,0.0
2024-01-19 13:00:00,14.6,64.6,9.5,71.5,1565.0,0,0,0.0,26.0,0,0,0.0
2024-01-19 14:00:00,15.4,65.8,10.2,71.0,5000.0,54,1,0.9,26.0,0,0,0.0
2024-01-19 15:00:00,16.1,63.9,10.8,70.3,5000.0,54,1,0.9,26.0,0,0,0.0
2024-01-19 16:00:00,13.6,62.7,11.1,69.5,5000.0,58,1,0.967,26.0,0,0,0.0
2024-01-19 17:00:00,15.1,60.6,11.6,68.6,5000.0,58,1,0.967,26.0,0,0,0.0
2024-01-19 18:00:00,13.1,63.2,11.7,68.1,2710.0,0,0,0.0,26.0,0,0,0.0
2024-01-19 19:00:00,11.5,69.8,11.7,68.2,1565.0,0,0,0.0,26.0,0,0,0.0
2024-01-19 20:00:00,10.6,68.1,11.6,68.2,992.0,0,0,0.0,26.0,0,0,0.0
2024-01-19 21:00:00,7.0,72.2,11.1,68.6,706.0,0,0,0.0,26.0,0,0,0.0
2024-01-19 22:00:00,8.7,78.6,10.9,69.6,563.0,0,0,0.0,26.0,0,0,0.0
2024-01-19 23:00:00,6.0,74.7,10.4,70.1,492.0,0,0,0.0,26.0,0,0,0.0
2024-01-20 00:00:00,5.8,80.4,9.9,71.2,456.0,0,0,0.0,26.0,0,0,0.0
2024-01-20 01:00:00,4.5,77.8,9.4,71.8,438.0,0,0,0.0,26.0,0,0,0.0
2024-01-20 02:00:00,5.1,78.3,8.9,72.5,429.0,0,0,0.0,26.0,0,0,0.0
2024-01-20 03:00:00,3.3,78.6,8.4,73.1,424.0,0,0,0.0,26.0,0,0,0.0
2024-01-20 04:00:00,5.8,74.6,8.1,73.2,422.0,0,0,0.0,26.0,0,0,0.0
2024-01-20 05:00:00,4.9,74.8,7.8,73.4,421.0,0,0,0.0,26.0,0,0,0.0
2024-01-20 06:00:00,7.3,71.1,7.7,73.2,421.0,0,0,0.0,26.0,0,0,0.0
2024-01-20 07:00:00,5.7,75.1,7.5,73.4,420.0,0,0,0.0,26.0,0,0,0.0
2024-01-20 08:00:00,10.1,71.9,7.8,73.2,420.0,0,0,0.0,26.0,0,0,0.0
2024-01-20 09:00:00,8.2,75.6,7.8,73.4,420.0,0,0,0.0,26.0,0,0,0.0
2024-01-20 10:00:00,8.1,61.3,7.9,72.2,420.0,0,0,0.0,26.0,0,0,0.0
2024-01-20 11:00:00,12.2,64.5,8.3,71.5,420.0,0,0,0.0,26.0,0,0,0.0
2024-01-20 12:00:00,11.0,66.5,8.6,71.0,420.0,0,0,0.0,26.0,0,0,0.0
2024-01-20 13:00:00,13.7,61.4,9.1,70.0,420.0,0,0,0.0,26.0,0,0,0.0
2024-01-20 14:00:00,11.9,64.9,9.4,69.5,420.0,0,0,0.0,26.0,0,0,0.0
2024-01-20 15:00:00,15.0,61.7,10.0,68.7,420.0,0,0,0.0,26.0,0,0,0.0
2024-01-20 16:00:00,16.6,59.1,10.6,67.8,420.0,0,0,0.0,26.0,0,0,0.0
2024-01-20 17:00:00,11.0,61.0,10.7,67.1,420.0,0,0,0.0,26.0,0,0,0.0
2024-01-20 18:00:00,12.5,65.1,10.9,66.9,420.0,0,0,0.0,26.0,0,0,0.0
2024-01-20 19:00:00,11.1,67.1,10.9,66.9,420.0,0,0,0.0,26.0,0,0,0.0
2024-01-20 20:00:00,8.4,72.3,10.6,67.4,420.0,0,0,0.0,26.0,0,0,0.0
2024-01-20 21:00:00,8.9,73.4,10.5,68.0,420.0,0,0,0.0,26.0,0,0,0.0
2024-01-20 22:00:00,8.2,73.4,10.2,68.6,420.0,0,0,0.0,26.0,0,0,0.0
2024-01-20 23:00:00,7.4,75.3,9.9,69.2,420.0,0,0,0.0,26.0,0,0,0.0
2024-01-21 00:00:00,6.4,79.6,9.6,70.3,420.0,0,0,0.0,26.0,0,0,0.0
2024-01-21 01:00:00,5.0,79.1,9.1,71.2,420.0,0,0,0.0,26.0,0,0,0.0
2024-01-21 02:00:00,4.0,82.0,8.6,72.2,420.0,0,0,0.0,26.0,0,0,0.0
2024-01-21 03:00:00,3.0,83.4,8.0,73.4,420.0,0,0,0.0,26.0,0,0,0.0
2024-01-21 04:00:00,4.1,73.4,7.6,73.4,420.0,0,0,0.0,26.0,0,0,0.0
2024-01-21 05:00:00,4.9,74.9,7.4,73.5,420.0,0,0,0.0,26.0,0,0,0.0
2024-01-21 06:00:00,6.7,73.7,7.3,73.5,420.0,0,0,0.0,26.0,0,0,0.0
2024-01-21 07:00:00,5.8,68.3,7.1,73.0,420.0,0,0,0.0,26.0,0,0,0.0
2024-01-21 08:00:00,7.0,64.8,7.1,72.2,420.0,0,0,0.0,26.0,0,0,0.0
2024-01-21 09:00:00,6.6,72.3,7.1,72.2,420.0,0,0,0.0,26.0,0,0,0.0
2024-01-21 10:00:00,11.5,69.2,7.5,71.9,420.0,0,0,0.0,26.0,0,0,0.0
2024-01-21 11:00:00,10.0,65.9,7.8,71.3,420.0,0,0,0.0,26.0,0,0,0.0
2024-01-21 12:00:00,12.5,60.9,8.3,70.3,420.0,0,0,0.0,26.0,0,0,0.0
2024-01-21 13:00:00,15.6,65.7,9.0,69.8,420.0,0,0,0.0,26.0,0,0,0.0
2024-01-21 14:00:00,13.5,62.4,9.5,69.1,420.0,0,0,0.0,26.0,0,0,0.0
2024-01-21 15:00:00,14.3,55.9,10.0,67.7,420.0,0,0,0.0,26.0,0,0,0.0
2024-01-21 16:00:00,13.5,60.2,10.3,67.0,420.0,0,0,0.0,26.0,0,0,0.0
2024-01-21 17:00:00,11.8,62.2,10.5,66.5,420.0,0,0,0.0,26.0,0,0,0.0
2024-01-21 18:00:00,15.2,66.3,11.0,66.5,420.0,0,0,0.0,26.0,0,0,0.0
2024-01-21 19:00:00,10.6,67.7,10.9,66.6,420.0,0,0,0.0,26.0,0,0,0.0
2024-01-21 20:00:00,12.4,70.7,11.1,67.0,420.0,0,0,0.0,26.0,0,0,0.0
2024-01-21 21:00:00,9.1,68.1,10.9,67.1,420.0,0,0,0.0,26.0,0,0,0.0
2024-01-21 22:00:00,8.8,73.3,10.7,67.7,420.0,0,0,0.0,26.0,0,0,0.0
2024-01-21 23:00:00,7.8,75.9,10.4,68.6,420.0,0,0,0.0,26.0,0,0,0.0
2024-01-22 00:00:00,7.0,74.1,10.0,69.1,420.0,0,0,0.0,26.0,0,0,0.0
2024-01-22 01:00:00,6.6,77.5,9.7,70.0,420.0,0,0,0.0,26.0,0,0,0.0
2024-01-22 02:00:00,7.3,75.7,9.4,70.5,420.0,0,0,0.0,26.0,0,0,0.0
2024-01-22 03:00:00,6.6,78.6,9.2,71.3,420.0,0,0,0.0,26.0,0,0,0.0
2024-01-22 04:00:00,3.2,76.3,8.5,71.8,420.0,0,0,0.0,26.0,0,0,0.0
2024-01-22 05:00:00,4.2,78.2,8.1,72.5,420.0,0,0,0.0,26.0,0,0,0.0
2024-01-22 06:00:00,6.2,73.9,7.9,72.6,420.0,0,0,0.0,26.0,0,0,0.0
2024-01-22 07:00:00,6.5,80.4,7.8,73.4,420.0,0,0,0.0,26.0,0,0,0.0
2024-01-22 08:00:00,10.3,73.4,8.1,73.4,5000.0,48,1,0.8,26.0,0,0,0.0
2024-01-22 09:00:00,9.1,70.4,8.2,73.1,5000.0,48,1,0.8,26.0,0,0,0.0
2024-01-22 10:00:00,11.2,64.9,8.5,72.3,5000.0,32,1,0.533,26.0,0,0,0.0
2024-01-22 11:00:00,11.1,61.0,8.8,71.1,5000.0,32,1,0.533,26.0,0,0,0.0
2024-01-22 12:00:00,13.1,66.3,9.2,70.7,2710.0,0,0,0.0,26.0,0,0,0.0
2024-01-22 13:00:00,12.6,67.8,9.6,70.4,1565.0,0,0,0.0,26.0,0,0,0.0
2024-01-22 14:00:00,12.0,57.9,9.9,69.1,3881.0,26,1,0.433,26.0,0,0,0.0
2024-01-22 15:00:00,14.3,65.1,10.3,68.7,5000.0,26,1,0.433,26.0,0,0,0.0
2024-01-22 16:00:00,16.4,60.9,11.0,67.9,5000.0,50,1,0.833,26.0,0,0,0.0
2024-01-22 17:00:00,14.9,63.0,11.4,67.4,5000.0,50,1,0.833,26.0,0,0,0.0
2024-01-22 18:00:00,12.3,67.0,11.5,67.4,2710.0,0,0,0.0,26.0,0,0,0.0
2024-01-22 19:00:00,12.5,61.3,11.6,66.8,1565.0,0,0,0.0,26.0,0,0,0.0
2024-01-22 20:00:00,12.5,72.1,11.7,67.3,992.0,0,0,0.0,26.0,0,0,0.0
2024-01-22 21:00:00,8.1,71.2,11.3,67.7,706.0,0,0,0.0,26.0,0,0,0.0
2024-01-22 22:00:00,8.4,72.9,11.0,68.2,563.0,0,0,0.0,26.0,0,0,0.0
2024-01-22 23:00:00,5.7,72.0,10.5,68.6,492.0,0,0,0.0,26.0,0,0,0.0
2024-01-23 00:00:00,5.4,79.2,10.0,69.7,456.0,0,0,0.0,26.0,0,0,0.0
2024-01-23 01:00:00,5.5,75.8,9.5,70.3,438.0,0,0,0.0,26.0,0,0,0.0
2024-01-23 02:00:00,5.3,69.2,9.1,70.2,429.0,0,0,0.0,26.0,0,0,0.0
2024-01-23 03:00:00,5.7,72.8,8.7,70.4,424.0,0,0,0.0,26.0,0,0,0.0
2024-01-23 04:00:00,3.6,74.4,8.2,70.8,422.0,0,0,0.0,26.0,0,0,0.0
2024-01-23 05:00:00,2.7,80.4,7.7,71.8,421.0,0,0,0.0,26.0,0,0,0.0
2024-01-23 06:00:00,4.8,76.7,7.4,72.3,421.0,0,0,0.0,26.0,0,0,0.0
2024-01-23 07:00:00,6.4,75.4,7.3,72.6,420.0,0,0,0.0,26.0,0,0,0.0
2024-01-23 08:00:00,7.8,68.2,7.3,72.2,2642.0,20,1,0.333,26.0,0,0,0.0
2024-01-23 09:00:00,10.5,68.5,7.7,71.8,3753.0,20,1,0.333,26.0,0,0,0.0
2024-01-23 10:00:00,8.0,66.6,7.7,71.3,5000.0,43,1,0.717,26.0,0,0,0.0
2024-01-23 11:00:00,13.8,68.6,8.4,71.0,5000.0,43,1,0.717,26.0,0,0,0.0
2024-01-23 12:00:00,12.0,63.3,8.8,70.2,2710.0,0,0,0.0,26.0,0,0,0.0
2024-01-23 13:00:00,12.8,69.3,9.2,70.1,1565.0,0,0,0.0,26.0,0,0,0.0
2024-01-23 14:00:00,14.4,63.6,9.7,69.5,3770.0,25,1,0.417,26.0,0,0,0.0
2024-01-23 15:00:00,15.5,62.7,10.3,68.8,4873.0,25,1,0.417,26.0,0,0,0.0
2024-01-23 16:00:00,13.4,61.7,10.7,68.1,5000.0,59,1,0.983,26.0,0,0,0.0
2024-01-23 17:00:00,13.2,63.0,11.0,67.6,5000.0,59,1,0.983,26.0,0,0,0.0
2024-01-23 18:00:00,13.6,64.5,11.2,67.3,2710.0,0,0,0.0,26.0,0,0,0.0
2024-01-23 19:00:00,12.6,65.8,11.4,67.1,1565.0,0,0,0.0,26.0,0,0,0.0
2024-01-23 20:00:00,10.4,61.9,11.3,66.6,992.0,0,0,0.0,26.0,0,0,0.0
2024-01-23 21:00:00,10.4,71.0,11.2,67.0,706.0,0,0,0.0,26.0,0,0,0.0
2024-01-23 22:00:00,9.2,63.4,11.0,66.7,563.0,0,0,0.0,26.0,0,0,0.0
2024-01-23 23:00:00,9.6,73.6,10.8,67.4,492.0,0,0,0.0,26.0,0,0,0.0
2024-01-24 00:00:00,7.1,72.5,10.5,67.9,456.0,0,0,0.0,26.0,0,0,0.0
2024-01-24 01:00:00,5.6,73.8,10.0,68.5,438.0,0,0,0.0,26.0,0,0,0.0
2024-01-24 02:00:00,3.2,83.5,9.3,70.0,429.0,0,0,0.0,26.0,0,0,0.0
2024-01-24 03:00:00,3.7,78.7,8.7,70.9,424.0,0,0,0.0,26.0,0,0,0.0
2024-01-24 04:00:00,5.5,79.2,8.4,71.7,422.0,0,0,0.0,26.0,0,0,0.0
2024-01-24 05:00:00,4.9,78.0,8.0,72.3,421.0,0,0,0.0,26.0,0,0,0.0
2024-01-24 06:00:00,9.1,75.5,8.1,72.6,421.0,0,0,0.0,26.0,0,0,0.0
2024-01-24 07:00:00,6.8,77.2,8.0,73.1,420.0,0,0,0.0,26.0,0,0,0.0
2024-01-24 08:00:00,9.4,75.6,8.2,73.3,4309.0,35,1,0.583,26.0,0,0,0.0
2024-01-24 09:00:00,10.0,66.6,8.4,72.7,5000.0,35,1,0.583,26.0,0,0,0.0
2024-01-24 10:00:00,12.7,64.5,8.9,71.9,5000.0,50,1,0.833,26.0,0,0,0.0
2024-01-24 11:00:00,12.0,63.7,9.2,71.0,5000.0,50,1,0.833,26.0,0,0,0.0
2024-01-24 12:00:00,12.4,65.3,9.5,70.5,2710.0,0,0,0.0,26.0,0,0,0.0
2024-01-24 13:00:00,13.8,64.3,10.0,69.8,1565.0,0,0,0.0,26.0,0,0,0.0
2024-01-24 14:00:00,16.3,63.6,10.6,69.2,4770.0,34,1,0.567,26.0,0,0,0.0
2024-01-24 15:00:00,13.6,64.9,11.0,68.8,5000.0,34,1,0.567,26.0,0,0,0.0
2024-01-24 16:00:00,15.6,58.6,11.5,67.8,5000.0,45,1,0.75,26.0,0,0,0.0
2024-01-24 17:00:00,14.2,65.2,11.8,67.5,5000.0,45,1,0.75,26.0,0,0,0.0
2024-01-24 18:00:00,12.1,68.5,11.8,67.6,2710.0,0,0,0.0,26.0,0,0,0.0
2024-01-24 19:00:00,11.3,66.4,11.7,67.5,1565.0,0,0,0.0,26.0,0,0,0.0
2024-01-24 20:00:00,10.0,68.0,11.6,67.5,992.0,0,0,0.0,26.0,0,0,0.0
2024-01-24 21:00:00,7.4,65.7,11.1,67.4,706.0,0,0,0.0,26.0,0,0,0.0
2024-01-24 22:00:00,10.1,69.5,11.0,67.6,563.0,0,0,0.0,26.0,0,0,0.0
2024-01-24 23:00:00,5.0,67.5,10.4,67.6,492.0,0,0,0.0,26.0,0,0,0.0
2024-01-25 00:00:00,4.5,71.7,9.8,68.0,456.0,0,0,0.0,26.0,0,0,0.0
2024-01-25 01:00:00,7.1,80.0,9.6,69.2,438.0,0,0,0.0,26.0,0,0,0.0
2024-01-25 02:00:00,3.1,84.5,8.9,70.7,429.0,0,0,0.0,26.0,0,0,0.0
2024-01-25 03:00:00,5.5,77.0,8.6,71.3,424.0,0,0,0.0,26.0,0,0,0.0
2024-01-25 04:00:00,2.0,84.6,7.9,72.7,422.0,0,0,0.0,26.0,0,0,0.0
2024-01-25 05:00:00,2.6,72.0,7.4,72.6,421.0,0,0,0.0,26.0,0,0,0.0
2024-01-25 06:00:00,7.0,83.0,7.3,73.6,421.0,0,0,0.0,26.0,0,0,0.0
2024-01-25 07:00:00,8.6,75.7,7.4,73.8,420.0,0,0,0.0,26.0,0,0,0.0
2024-01-25 08:00:00,8.6,74.6,7.6,73.9,4087.0,33,1,0.55,26.0,0,0,0.0
2024-01-25 09:00:00,10.1,70.8,7.9,73.6,5000.0,33,1,0.55,26.0,0,0,0.0
2024-01-25 10:00:00,10.5,67.7,8.2,73.0,5000.0,45,1,0.75,26.0,0,0,0.0
2024-01-25 11:00:00,10.4,65.2,8.4,72.2,5000.0,45,1,0.75,26.0,0,0,0.0
2024-01-25 12:00:00,10.0,64.0,8.6,71.4,2710.0,0,0,0.0,26.0,0,0,0.0
2024-01-25 13:00:00,11.8,59.8,8.9,70.3,1565.0,0,0,0.0,26.0,0,0,0.0
2024-01-25 14:00:00,14.1,66.4,9.5,69.9,5000.0,47,1,0.783,26.0,0,0,0.0
2024-01-25 15:00:00,15.4,57.3,10.1,68.6,5000.0,47,1,0.783,26.0,0,0,0.0
2024-01-25 16:00:00,12.3,65.1,10.3,68.3,5000.0,31,1,0.517,26.0,0,0,0.0
2024-01-25 17:00:00,11.9,62.4,10.5,67.7,5000.0,31,1,0.517,26.0,0,0,0.0
2024-01-25 18:00:00,13.4,61.4,10.8,67.0,2710.0,0,0,0.0,26.0,0,0,0.0
2024-01-25 19:00:00,11.7,62.0,10.9,66.5,1565.0,0,0,0.0,26.0,0,0,0.0
2024-01-25 20:00:00,9.4,68.9,10.8,66.8,992.0,0,0,0.0,26.0,0,0,0.0
2024-01-25 21:00:00,6.6,71.3,10.3,67.2,706.0,0,0,0.0,26.0,0,0,0.0
2024-01-25 22:00:00,7.7,73.7,10.1,67.9,563.0,0,0,0.0,26.0,0,0,0.0
2024-01-25 23:00:00,6.8,78.1,9.7,68.9,492.0,0,0,0.0,26.0,0,0,0.0
2024-01-26 00:00:00,5.7,74.4,9.3,69.4,456.0,0,0,0.0,26.0,0,0,0.0
2024-01-26 01:00:00,4.9,78.6,8.9,70.4,438.0,0,0,0.0,26.0,0,0,0.0
2024-01-26 02:00:00,4.2,77.8,8.4,71.1,429.0,0,0,0.0,26.0,0,0,0.0
2024-01-26 03:00:00,2.9,76.0,7.8,71.6,424.0,0,0,0.0,26.0,0,0,0.0
2024-01-26 04:00:00,2.1,83.0,7.3,72.7,422.0,0,0,0.0,26.0,0,0,0.0
2024-01-26 05:00:00,2.8,74.8,6.8,72.9,421.0,0,0,0.0,26.0,0,0,0.0
2024-01-26 06:00:00,4.4,78.3,6.6,73.5,421.0,0,0,0.0,26.0,0,0,0.0
2024-01-26 07:00:00,6.1,77.7,6.5,73.9,420.0,0,0,0.0,26.0,0,0,0.0
2024-01-26 08:00:00,6.7,72.9,6.6,73.8,3753.0,30,1,0.5,26.0,0,0,0.0
2024-01-26 09:00:00,7.7,76.4,6.7,74.1,5000.0,30,1,0.5,26.0,0,0,0.0
2024-01-26 10:00:00,8.5,68.9,6.9,73.5,5000.0,52,1,0.867,26.0,0,0,0.0
2024-01-26 11:00:00,12.5,67.2,7.5,72.9,5000.0,52,1,0.867,26.0,0,0,0.0
2024-01-26 12:00:00,12.3,64.0,8.0,72.0,2710.0,0,0,0.0,26.0,0,0,0.0
2024-01-26 13:00:00,13.4,62.6,8.5,71.1,1565.0,0,0,0.0,26.0,0,0,0.0
2024-01-26 14:00:00,15.3,68.9,9.3,70.9,4659.0,33,1,0.55,26.0,0,0,0.0
2024-01-26 15:00:00,13.2,57.9,9.7,69.6,5000.0,33,1,0.55,26.0,0,0,0.0
2024-01-26 16:00:00,13.7,70.0,10.1,69.6,5000.0,57,1,0.95,26.0,0,0,0.0
2024-01-26 17:00:00,12.1,68.0,10.4,69.4,5000.0,57,1,0.95,26.0,0,0,0.0
2024-01-26 18:00:00,15.1,62.7,10.8,68.8,2710.0,0,0,0.0,26.0,0,0,0.0
2024-01-26 19:00:00,12.4,70.9,11.0,69.0,1565.0,0,0,0.0,26.0,0,0,0.0
2024-01-26 20:00:00,9.7,67.3,10.9,68.8,992.0,0,0,0.0,26.0,0,0,0.0
2024-01-26 21:00:00,8.1,67.0,10.6,68.6,706.0,0,0,0.0,26.0,0,0,0.0
2024-01-26 22:00:00,6.7,68.4,10.2,68.6,563.0,0,0,0.0,26.0,0,0,0.0
2024-01-26 23:00:00,6.6,71.7,9.8,68.9,492.0,0,0,0.0,26.0,0,0,0.0
2024-01-27 00:00:00,5.8,71.0,9.4,69.1,456.0,0,0,0.0,26.0,0,0,0.0
2024-01-27 01:00:00,5.2,79.4,9.0,70.2,438.0,0,0,0.0,26.0,0,0,0.0
2024-01-27 02:00:00,2.0,78.8,8.3,71.0,429.0,0,0,0.0,26.0,0,0,0.0
2024-01-27 03:00:00,5.8,74.4,8.0,71.4,424.0,0,0,0.0,26.0,0,0,0.0
2024-01-27 04:00:00,6.7,79.0,7.9,72.1,422.0,0,0,0.0,26.0,0,0,0.0
2024-01-27 05:00:00,3.6,76.8,7.5,72.6,421.0,0,0,0.0,26.0,0,0,0.0
2024-01-27 06:00:00,6.3,75.9,7.3,72.9,421.0,0,0,0.0,26.0,0,0,0.0
2024-01-27 07:00:00,7.3,71.2,7.3,72.7,420.0,0,0,0.0,26.0,0,0,0.0
2024-01-27 08:00:00,8.0,67.8,7.4,72.3,420.0,0,0,0.0,26.0,0,0,0.0
2024-01-27 09:00:00,8.8,67.3,7.6,71.8,420.0,0,0,0.0,26.0,0,0,0.0
2024-01-27 10:00:00,9.2,71.6,7.7,71.7,420.0,0,0,0.0,26.0,0,0,0.0
2024-01-27 11:00:00,13.1,67.8,8.3,71.3,420.0,0,0,0.0,26.0,0,0,0.0
2024-01-27 12:00:00,10.9,63.4,8.5,70.6,420.0,0,0,0.0,26.0,0,0,0.0
2024-01-27 13:00:00,15.1,63.5,9.2,69.8,420.0,0,0,0.0,26.0,0,0,0.0
2024-01-27 14:00:00,17.3,63.5,10.0,69.2,420.0,0,0,0.0,26.0,0,0,0.0
2024-01-27 15:00:00,14.3,61.1,10.5,68.4,420.0,0,0,0.0,26.0,0,0,0.0
2024-01-27 16:00:00,14.0,61.8,10.8,67.7,420.0,0,0,0.0,26.0,0,0,0.0
2024-01-27 17:00:00,14.4,65.9,11.2,67.6,420.0,0,0,0.0,26.0,0,0,0.0
2024-01-27 18:00:00,11.4,60.3,11.2,66.8,420.0,0,0,0.0,26.0,0,0,0.0
2024-01-27 19:00:00,8.7,67.5,11.0,66.9,420.0,0,0,0.0,26.0,0,0,0.0
2024-01-27 20:00:00,8.6,61.5,10.7,66.4,420.0,0,0,0.0,26.0,0,0,0.0
2024-01-27 21:00:00,9.6,77.5,10.6,67.5,420.0,0,0,0.0,26.0,0,0,0.0
2024-01-27 22:00:00,7.7,74.6,10.3,68.2,420.0,0,0,0.0,26.0,0,0,0.0
2024-01-27 23:00:00,6.6,73.7,9.9,68.7,420.0,0,0,0.0,26.0,0,0,0.0
2024-01-28 00:00:00,6.8,74.8,9.6,69.3,420.0,0,0,0.0,26.0,0,0,0.0
2024-01-28 01:00:00,5.1,77.9,9.2,70.2,420.0,0,0,0.0,26.0,0,0,0.0
2024-01-28 02:00:00,3.2,80.7,8.6,71.2,420.0,0,0,0.0,26.0,0,0,0.0
2024-01-28 03:00:00,3.7,75.7,8.1,71.7,420.0,0,0,0.0,26.0,0,0,0.0
2024-01-28 04:00:00,5.0,75.0,7.8,72.0,420.0,0,0,0.0,26.0,0,0,0.0
2024-01-28 05:00:00,4.7,76.9,7.4,72.5,420.0,0,0,0.0,26.0,0,0,0.0
2024-01-28 06:00:00,7.1,77.1,7.4,73.0,420.0,0,0,0.0,26.0,0,0,0.0
2024-01-28 07:00:00,6.5,76.5,7.3,73.3,420.0,0,0,0.0,26.0,0,0,0.0
2024-01-28 08:00:00,9.8,73.7,7.6,73.4,420.0,0,0,0.0,26.0,0,0,0.0
2024-01-28 09:00:00,9.0,66.1,7.7,72.6,420.0,0,0,0.0,26.0,0,0,0.0
2024-01-28 10:00:00,8.7,67.0,7.8,72.1,420.0,0,0,0.0,26.0,0,0,0.0
2024-01-28 11:00:00,10.6,65.4,8.1,71.4,420.0,0,0,0.0,26.0,0,0,0.0
2024-01-28 12:00:00,12.6,65.9,8.6,70.9,420.0,0,0,0.0,26.0,0,0,0.0
2024-01-28 13:00:00,13.2,64.5,9.0,70.2,420.0,0,0,0.0,26.0,0,0,0.0
2024-01-28 14:00:00,13.9,56.3,9.5,68.8,420.0,0,0,0.0,26.0,0,0,0.0
2024-01-28 15:00:00,12.6,61.6,9.8,68.1,420.0,0,0,0.0,26.0,0,0,0.0
2024-01-28 16:00:00,12.0,64.1,10.1,67.7,420.0,0,0,0.0,26.0,0,0,0.0
2024-01-28 17:00:00,15.6,66.7,10.6,67.6,420.0,0,0,0.0,26.0,0,0,0.0
2024-01-28 18:00:00,12.2,68.8,10.8,67.7,420.0,0,0,0.0,26.0,0,0,0.0
2024-01-28 19:00:00,11.7,65.0,10.9,67.5,420.0,0,0,0.0,26.0,0,0,0.0
2024-01-28 20:00:00,9.4,67.0,10.7,67.4,420.0,0,0,0.0,26.0,0,0,0.0
2024-01-28 21:00:00,8.4,70.5,10.5,67.7,420.0,0,0,0.0,26.0,0,0,0.0
2024-01-28 22:00:00,7.9,72.1,10.2,68.2,420.0,0,0,0.0,26.0,0,0,0.0
2024-01-28 23:00:00,7.2,77.6,9.9,69.1,420.0,0,0,0.0,26.0,0,0,0.0
2024-01-29 00:00:00,6.9,71.2,9.6,69.3,420.0,0,0,0.0,26.0,0,0,0.0
2024-01-29 01:00:00,2.0,79.7,8.8,70.3,420.0,0,0,0.0,26.0,0,0,0.0
2024-01-29 02:00:00,2.1,77.1,8.2,71.0,420.0,0,0,0.0,26.0,0,0,0.0
2024-01-29 03:00:00,2.2,72.6,7.6,71.2,420.0,0,0,0.0,26.0,0,0,0.0
2024-01-29 04:00:00,5.0,80.0,7.3,72.1,420.0,0,0,0.0,26.0,0,0,0.0
2024-01-29 05:00:00,3.8,69.2,6.9,71.8,420.0,0,0,0.0,26.0,0,0,0.0
2024-01-29 06:00:00,4.6,76.8,6.7,72.3,420.0,0,0,0.0,26.0,0,0,0.0
2024-01-29 07:00:00,4.3,74.6,6.5,72.5,420.0,0,0,0.0,26.0,0,0,0.0
2024-01-29 08:00:00,7.7,73.8,6.6,72.6,5000.0,58,1,0.967,26.0,0,0,0.0
2024-01-29 09:00:00,9.2,67.1,6.9,72.1,5000.0,58,1,0.967,26.0,0,0,0.0
2024-01-29 10:00:00,12.1,67.5,7.5,71.6,5000.0,21,1,0.35,26.0,0,0,0.0
2024-01-29 11:00:00,11.5,63.2,7.9,70.8,5000.0,21,1,0.35,26.0,0,0,0.0
2024-01-29 12:00:00,11.9,61.7,8.3,69.9,2710.0,0,0,0.0,26.0,0,0,0.0
2024-01-29 13:00:00,13.1,68.2,8.8,69.7,1565.0,0,0,0.0,26.0,0,0,0.0
2024-01-29 14:00:00,11.8,57.4,9.1,68.5,4326.0,30,1,0.5,26.0,0,0,0.0
2024-01-29 15:00:00,16.2,61.4,9.9,67.8,5000.0,30,1,0.5,26.0,0,0,0.0
2024-01-29 16:00:00,12.8,65.4,10.2,67.5,5000.0,58,1,0.967,26.0,0,0,0.0
2024-01-29 17:00:00,12.4,68.5,10.4,67.6,5000.0,58,1,0.967,26.0,0,0,0.0
2024-01-29 18:00:00,13.6,62.9,10.8,67.2,2710.0,0,0,0.0,26.0,0,0,0.0
2024-01-29 19:00:00,14.7,64.2,11.2,66.9,1565.0,0,0,0.0,26.0,0,0,0.0
2024-01-29 20:00:00,11.4,68.8,11.2,67.1,992.0,0,0,0.0,26.0,0,0,0.0
2024-01-29 21:00:00,11.0,74.7,11.2,67.8,706.0,0,0,0.0,26.0,0,0,0.0
2024-01-29 22:00:00,7.8,69.8,10.8,68.0,563.0,0,0,0.0,26.0,0,0,0.0
2024-01-29 23:00:00,7.2,72.0,10.5,68.4,492.0,0,0,0.0,26.0,0,0,0.0
2024-01-30 00:00:00,8.5,76.1,10.3,69.2,456.0,0,0,0.0,26.0,0,0,0.0
2024-01-30 01:00:00,4.1,77.5,9.6,70.0,438.0,0,0,0.0,26.0,0,0,0.0
2024-01-30 02:00:00,2.1,74.8,8.9,70.5,429.0,0,0,0.0,26.0,0,0,0.0
2024-01-30 03:00:00,5.8,76.0,8.6,71.0,424.0,0,0,0.0,26.0,0,0,0.0
2024-01-30 04:00:00,2.6,79.3,8.0,71.9,422.0,0,0,0.0,26.0,0,0,0.0
2024-01-30 05:00:00,6.4,79.1,7.8,72.6,421.0,0,0,0.0,26.0,0,0,0.0
2024-01-30 06:00:00,7.0,73.4,7.7,72.7,421.0,0,0,0.0,26.0,0,0,0.0
2024-01-30 07:00:00,4.4,78.5,7.4,73.3,420.0,0,0,0.0,26.0,0,0,0.0
2024-01-30 08:00:00,7.2,71.3,7.4,73.1,4531.0,37,1,0.617,26.0,0,0,0.0
2024-01-30 09:00:00,11.0,71.7,7.8,72.9,5000.0,37,1,0.617,26.0,0,0,0.0
2024-01-30 10:00:00,11.0,74.4,8.1,73.1,4932.0,20,1,0.333,26.0,0,0,0.0
2024-01-30 11:00:00,10.5,68.8,8.4,72.6,4898.0,20,1,0.333,26.0,0,0,0.0
2024-01-30 12:00:00,12.6,65.1,8.8,71.9,2659.0,0,0,0.0,26.0,0,0,0.0
2024-01-30 13:00:00,15.6,64.6,9.5,71.2,1540.0,0,0,0.0,26.0,0,0,0.0
2024-01-30 14:00:00,14.6,65.5,10.1,70.6,5000.0,50,1,0.833,26.0,0,0,0.0
2024-01-30 15:00:00,13.5,59.5,10.4,69.5,5000.0,50,1,0.833,26.0,0,0,0.0
2024-01-30 16:00:00,12.3,56.4,10.6,68.2,5000.0,38,1,0.633,26.0,0,0,0.0
2024-01-30 17:00:00,16.4,59.8,11.3,67.3,5000.0,38,1,0.633,26.0,0,0,0.0
2024-01-30 18:00:00,12.2,63.5,11.4,67.0,2710.0,0,0,0.0,26.0,0,0,0.0
2024-01-30 19:00:00,12.0,68.4,11.4,67.1,1565.0,0,0,0.0,26.0,0,0,0.0
2024-01-30 20:00:00,11.6,66.2,11.4,67.0,992.0,0,0,0.0,26.0,0,0,0.0
2024-01-30 21:00:00,8.7,70.8,11.2,67.4,706.0,0,0,0.0,26.0,0,0,0.0
2024-01-30 22:00:00,7.3,76.9,10.8,68.3,563.0,0,0,0.0,26.0,0,0,0.0
2024-01-30 23:00:00,7.2,76.2,10.4,69.1,492.0,0,0,0.0,26.0,0,0,0.0
2024-01-31 00:00:00,6.5,79.2,10.0,70.1,456.0,0,0,0.0,26.0,0,0,0.0
2024-01-31 01:00:00,4.9,73.0,9.5,70.4,438.0,0,0,0.0,26.0,0,0,0.0
2024-01-31 02:00:00,4.8,75.8,9.0,71.0,429.0,0,0,0.0,26.0,0,0,0.0
2024-01-31 03:00:00,3.2,79.8,8.4,71.8,424.0,0,0,0.0,26.0,0,0,0.0
2024-01-31 04:00:00,6.0,77.8,8.2,72.4,422.0,0,0,0.0,26.0,0,0,0.0
2024-01-31 05:00:00,5.1,82.0,7.9,73.4,421.0,0,0,0.0,26.0,0,0,0.0
2024-01-31 06:00:00,5.8,83.5,7.7,74.4,421.0,0,0,0.0,26.0,0,0,0.0
2024-01-31 07:00:00,7.3,68.7,7.6,73.8,420.0,0,0,0.0,26.0,0,0,0.0
2024-01-31 08:00:00,8.8,73.2,7.8,73.8,5000.0,49,1,0.817,26.0,0,0,0.0
2024-01-31 09:00:00,10.9,72.0,8.1,73.6,5000.0,49,1,0.817,26.0,0,0,0.0
2024-01-31 10:00:00,10.1,64.3,8.4,72.7,5000.0,56,1,0.933,26.0,0,0,0.0
2024-01-31 11:00:00,11.2,63.4,8.7,71.7,5000.0,56,1,0.933,26.0,0,0,0.0
2024-01-31 12:00:00,11.7,66.1,9.0,71.2,2710.0,0,0,0.0,26.0,0,0,0.0
2024-01-31 13:00:00,15.8,64.3,9.7,70.5,1565.0,0,0,0.0,26.0,0,0,0.0
2024-01-31 14:00:00,12.0,63.6,9.9,69.8,5000.0,52,1,0.867,26.0,0,0,0.0
2024-01-31 15:00:00,15.8,60.2,10.6,68.8,5000.0,52,1,0.867,26.0,0,0,0.0
2024-01-31 16:00:00,13.6,62.3,10.9,68.2,5000.0,28,1,0.467,26.0,0,0,0.0
2024-01-31 17:00:00,12.2,65.0,11.1,67.9,5000.0,28,1,0.467,26.0,0,0,0.0
2024-01-31 18:00:00,12.4,65.6,11.2,67.6,2710.0,0,0,0.0,26.0,0,0,0.0
2024-01-31 19:00:00,10.2,64.7,11.1,67.3,1565.0,0,0,0.0,26.0,0,0,0.0
2024-01-31 20:00:00,11.4,66.8,11.1,67.3,992.0,0,0,0.0,26.0,0,0,0.0
2024-01-31 21:00:00,11.6,68.8,11.2,67.4,706.0,0,0,0.0,26.0,0,0,0.0
2024-01-31 22:00:00,8.0,74.9,10.9,68.2,563.0,0,0,0.0,26.0,0,0,0.0
2024-01-31 23:00:00,4.4,68.7,10.2,68.2,492.0,0,0,0.0,26.0,0,0,0.0
2024-02-01 00:00:00,5.2,81.4,9.7,69.6,456.0,0,0,0.0,26.0,0,0,0.0
2024-02-01 01:00:00,5.8,86.6,9.3,71.3,438.0,0,0,0.0,26.0,0,0,0.0
2024-02-01 02:00:00,5.3,80.3,8.9,72.2,429.0,0,0,0.0,26.0,0,0,0.0
2024-02-01 03:00:00,8.3,86.0,8.8,73.5,424.0,0,0,0.0,26.0,0,0,0.0
2024-02-01 04:00:00,9.3,83.4,8.9,74.5,422.0,0,0,0.0,26.0,0,0,0.0
2024-02-01 05:00:00,8.2,80.7,8.8,75.1,421.0,0,0,0.0,26.0,0,0,0.0
2024-02-01 06:00:00,8.6,76.0,8.8,75.2,421.0,0,0,0.0,26.0,0,0,0.0
2024-02-01 07:00:00,7.3,76.0,8.6,75.3,420.0,0,0,0.0,26.0,0,0,0.0
2024-02-01 08:00:00,9.5,72.7,8.8,75.0,4087.0,33,1,0.55,26.0,0,0,0.0
2024-02-01 09:00:00,12.0,74.9,9.1,75.0,5000.0,33,1,0.55,26.0,0,0,0.0
2024-02-01 10:00:00,12.4,74.4,9.5,75.0,5000.0,46,1,0.767,26.0,0,0,0.0
2024-02-01 11:00:00,11.8,67.4,9.7,74.2,5000.0,46,1,0.767,26.0,0,0,0.0
2024-02-01 12:00:00,13.5,60.7,10.1,72.9,2710.0,0,0,0.0,26.0,0,0,0.0
2024-02-01 13:00:00,15.2,64.7,10.6,72.0,1565.0,0,0,0.0,26.0,0,0,0.0
2024-02-01 14:00:00,18.1,66.2,11.4,71.5,5000.0,52,1,0.867,26.0,0,0,0.0
2024-02-01 15:00:00,14.5,69.6,11.8,71.3,5000.0,52,1,0.867,26.0,0,0,0.0
2024-02-01 16:00:00,17.7,66.0,12.4,70.7,5000.0,58,1,0.967,26.0,0,0,0.0
2024-02-01 17:00:00,15.0,62.2,12.7,69.9,5000.0,58,1,0.967,26.0,0,0,0.0
2024-02-01 18:00:00,14.0,69.6,12.8,69.9,2710.0,0,0,0.0,26.0,0,0,0.0
2024-02-01 19:00:00,16.3,72.6,13.2,70.1,1565.0,0,0,0.0,26.0,0,0,0.0
2024-02-01 20:00:00,11.6,66.6,13.0,69.8,992.0,0,0,0.0,26.0,0,0,0.0
2024-02-01 21:00:00,11.2,66.7,12.8,69.5,706.0,0,0,0.0,26.0,0,0,0.0
2024-02-01 22:00:00,10.2,73.6,12.6,69.9,563.0,0,0,0.0,26.0,0,0,0.0
2024-02-01 23:00:00,7.8,71.2,12.1,70.0,492.0,0,0,0.0,26.0,0,0,0.0
2024-02-02 00:00:00,8.2,76.1,11.7,70.6,456.0,0,0,0.0,26.0,0,0,0.0
2024-02-02 01:00:00,4.9,70.3,11.0,70.6,438.0,0,0,0.0,26.0,0,0,0.0
2024-02-02 02:00:00,6.1,85.0,10.5,72.0,429.0,0,0,0.0,26.0,0,0,0.0
2024-02-02 03:00:00,8.5,78.6,10.3,72.7,424.0,0,0,0.0,26.0,0,0,0.0
2024-02-02 04:00:00,5.3,81.1,9.8,73.5,422.0,0,0,0.0,26.0,0,0,0.0
2024-02-02 05:00:00,5.2,79.8,9.3,74.2,421.0,0,0,0.0,26.0,0,0,0.0
2024-02-02 06:00:00,8.6,81.3,9.3,74.9,421.0,0,0,0.0,26.0,0,0,0.0
2024-02-02 07:00:00,8.3,75.4,9.2,74.9,420.0,0,0,0.0,26.0,0,0,0.0
2024-02-02 08:00:00,8.4,71.6,9.1,74.6,5000.0,49,1,0.817,26.0,0,0,0.0
2024-02-02 09:00:00,10.7,73.1,9.3,74.4,5000.0,49,1,0.817,26.0,0,0,0.0
2024-02-02 10:00:00,13.7,67.5,9.8,73.7,5000.0,45,1,0.75,26.0,0,0,0.0
2024-02-02 11:00:00,15.7,67.2,10.4,73.1,5000.0,45,1,0.75,26.0,0,0,0.0
2024-02-02 12:00:00,14.5,64.1,10.8,72.2,2710.0,0,0,0.0,26.0,0,0,0.0
2024-02-02 13:00:00,11.7,67.7,10.9,71.7,1565.0,0,0,0.0,26.0,0,0,0.0
2024-02-02 14:00:00,16.9,63.4,11.6,70.9,5000.0,60,1,1.0,26.0,0,0,0.0
2024-02-02 15:00:00,16.1,65.5,12.1,70.4,5000.0,60,1,1.0,26.0,0,0,0.0
2024-02-02 16:00:00,13.5,62.7,12.2,69.6,5000.0,32,1,0.533,26.0,0,0,0.0
2024-02-02 17:00:00,16.5,61.3,12.7,68.8,5000.0,32,1,0.533,26.0,0,0,0.0
2024-02-02 18:00:00,15.0,62.3,12.9,68.1,2710.0,0,0,0.0,26.0,0,0,0.0
2024-02-02 19:00:00,14.2,67.9,13.1,68.1,1565.0,0,0,0.0,26.0,0,0,0.0
2024-02-02 20:00:00,9.9,73.4,12.7,68.6,992.0,0,0,0.0,26.0,0,0,0.0
2024-02-02 21:00:00,9.9,69.6,12.4,68.7,706.0,0,0,0.0,26.0,0,0,0.0
2024-02-02 22:00:00,10.0,77.5,12.2,69.6,563.0,0,0,0.0,26.0,0,0,0.0
2024-02-02 23:00:00,7.0,76.2,11.7,70.3,492.0,0,0,0.0,26.0,0,0,0.0
2024-02-03 00:00:00,8.1,79.7,11.3,71.2,456.0,0,0,0.0,26.0,0,0,0.0
2024-02-03 01:00:00,6.9,77.8,10.9,71.9,438.0,0,0,0.0,26.0,0,0,0.0
2024-02-03 02:00:00,4.9,80.0,10.3,72.7,429.0,0,0,0.0,26.0,0,0,0.0
2024-02-03 03:00:00,4.4,71.2,9.7,72.5,424.0,0,0,0.0,26.0,0,0,0.0
2024-02-03 04:00:00,6.8,82.4,9.4,73.5,422.0,0,0,0.0,26.0,0,0,0.0
2024-02-03 05:00:00,3.1,75.9,8.7,73.8,421.0,0,0,0.0,26.0,0,0,0.0
2024-02-03 06:00:00,8.4,83.8,8.7,74.8,421.0,0,0,0.0,26.0,0,0,0.0
2024-02-03 07:00:00,8.5,73.8,8.7,74.7,420.0,0,0,0.0,26.0,0,0,0.0
2024-02-03 08:00:00,9.4,78.2,8.8,75.0,420.0,0,0,0.0,26.0,0,0,0.0
2024-02-03 09:00:00,10.0,69.6,8.9,74.5,420.0,0,0,0.0,26.0,0,0,0.0
2024-02-03 10:00:00,11.6,67.1,9.2,73.7,420.0,0,0,0.0,26.0,0,0,0.0
2024-02-03 11:00:00,13.7,72.9,9.6,73.7,420.0,0,0,0.0,26.0,0,0,0.0
2024-02-03 12:00:00,15.0,65.6,10.2,72.9,420.0,0,0,0.0,26.0,0,0,0.0
2024-02-03 13:00:00,14.9,60.4,10.7,71.6,420.0,0,0,0.0,26.0,0,0,0.0
2024-02-03 14:00:00,17.2,64.0,11.3,70.8,420.0,0,0,0.0,26.0,0,0,0.0
2024-02-03 15:00:00,15.7,73.6,11.8,71.1,420.0,0,0,0.0,26.0,0,0,0.0
2024-02-03 16:00:00,16.3,62.0,12.2,70.2,420.0,0,0,0.0,26.0,0,0,0.0
2024-02-03 17:00:00,14.7,68.5,12.5,70.0,420.0,0,0,0.0,26.0,0,0,0.0
2024-02-03 18:00:00,14.7,62.0,12.7,69.2,420.0,0,0,0.0,26.0,0,0,0.0
2024-02-03 19:00:00,14.9,66.0,12.9,68.9,420.0,0,0,0.0,26.0,0,0,0.0
2024-02-03 20:00:00,15.1,73.2,13.2,69.3,420.0,0,0,0.0,26.0,0,0,0.0
2024-02-03 21:00:00,10.3,75.8,12.9,70.0,420.0,0,0,0.0,26.0,0,0,0.0
2024-02-03 22:00:00,9.8,76.6,12.6,70.6,420.0,0,0,0.0,26.0,0,0,0.0
2024-02-03 23:00:00,9.2,73.5,12.2,70.9,420.0,0,0,0.0,26.0,0,0,0.0
2024-02-04 00:00:00,6.5,80.7,11.6,71.9,420.0,0,0,0.0,26.0,0,0,0.0
2024-02-04 01:00:00,6.2,77.7,11.1,72.5,420.0,0,0,0.0,26.0,0,0,0.0
2024-02-04 02:00:00,4.7,81.0,10.4,73.3,420.0,0,0,0.0,26.0,0,0,0.0
2024-02-04 03:00:00,9.1,76.8,10.3,73.7,420.0,0,0,0.0,26.0,0,0,0.0
2024-02-04 04:00:00,6.2,84.0,9.9,74.7,420.0,0,0,0.0,26.0,0,0,0.0
2024-02-04 05:00:00,6.6,80.3,9.6,75.3,420.0,0,0,0.0,26.0,0,0,0.0
2024-02-04 06:00:00,5.9,78.9,9.2,75.6,420.0,0,0,0.0,26.0,0,0,0.0
2024-02-04 07:00:00,8.2,79.0,9.1,76.0,420.0,0,0,0.0,26.0,0,0,0.0
2024-02-04 08:00:00,11.5,81.8,9.3,76.6,420.0,0,0,0.0,26.0,0,0,0.0
2024-02-04 09:00:00,11.9,73.0,9.6,76.2,420.0,0,0,0.0,26.0,0,0,0.0
2024-02-04 10:00:00,12.6,68.9,9.9,75.5,420.0,0,0,0.0,26.0,0,0,0.0
2024-02-04 11:00:00,14.0,67.1,10.3,74.6,420.0,0,0,0.0,26.0,0,0,0.0
2024-02-04 12:00:00,14.8,70.3,10.8,74.2,420.0,0,0,0.0,26.0,0,0,0.0
2024-02-04 13:00:00,13.8,68.5,11.1,73.6,420.0,0,0,0.0,26.0,0,0,0.0
2024-02-04 14:00:00,17.8,63.9,11.8,72.7,420.0,0,0,0.0,26.0,0,0,0.0
2024-02-04 15:00:00,12.8,62.2,11.9,71.6,420.0,0,0,0.0,26.0,0,0,0.0
2024-02-04 16:00:00,17.8,64.2,12.5,70.9,420.0,0,0,0.0,26.0,0,0,0.0
2024-02-04 17:00:00,13.8,63.6,12.6,70.1,420.0,0,0,0.0,26.0,0,0,0.0
2024-02-04 18:00:00,15.8,68.0,12.9,69.9,420.0,0,0,0.0,26.0,0,0,0.0
2024-02-04 19:00:00,13.1,66.9,13.0,69.6,420.0,0,0,0.0,26.0,0,0,0.0
2024-02-04 20:00:00,11.7,67.2,12.8,69.4,420.0,0,0,0.0,26.0,0,0,0.0
2024-02-04 21:00:00,13.4,71.0,12.9,69.5,420.0,0,0,0.0,26.0,0,0,0.0
2024-02-04 22:00:00,11.5,78.6,12.7,70.5,420.0,0,0,0.0,26.0,0,0,0.0
2024-02-04 23:00:00,10.0,74.7,12.5,70.9,420.0,0,0,0.0,26.0,0,0,0.0
2024-02-05 00:00:00,8.1,77.6,12.0,71.5,420.0,0,0,0.0,26.0,0,0,0.0
2024-02-05 01:00:00,5.3,79.9,11.3,72.4,420.0,0,0,0.0,26.0,0,0,0.0
2024-02-05 02:00:00,4.4,83.3,10.6,73.5,420.0,0,0,0.0,26.0,0,0,0.0
2024-02-05 03:00:00,5.3,80.6,10.1,74.2,420.0,0,0,0.0,26.0,0,0,0.0
2024-02-05 04:00:00,6.6,79.0,9.7,74.7,420.0,0,0,0.0,26.0,0,0,0.0
2024-02-05 05:00:00,7.5,77.5,9.5,75.0,420.0,0,0,0.0,26.0,0,0,0.0
2024-02-05 06:00:00,8.8,73.6,9.4,74.8,420.0,0,0,0.0,26.0,0,0,0.0
2024-02-05 07:00:00,8.7,81.8,9.4,75.5,420.0,0,0,0.0,26.0,0,0,0.0
2024-02-05 08:00:00,8.2,72.0,9.3,75.2,2642.0,20,1,0.333,26.0,0,0,0.0
2024-02-05 09:00:00,11.8,72.5,9.5,74.9,3753.0,20,1,0.333,26.0,0,0,0.0
2024-02-05 10:00:00,12.8,71.4,9.9,74.5,5000.0,60,1,1.0,26.0,0,0,0.0
2024-02-05 11:00:00,14.5,71.3,10.4,74.2,5000.0,60,1,1.0,26.0,0,0,0.0
2024-02-05 12:00:00,15.2,65.6,10.9,73.4,2710.0,0,0,0.0,26.0,0,0,0.0
2024-02-05 13:00:00,16.3,70.8,11.4,73.1,1565.0,0,0,0.0,26.0,0,0,0.0
2024-02-05 14:00:00,15.6,61.3,11.9,71.9,5000.0,47,1,0.783,26.0,0,0,0.0
2024-02-05 15:00:00,17.7,63.6,12.5,71.1,5000.0,47,1,0.783,26.0,0,0,0.0
2024-02-05 16:00:00,12.6,66.8,12.5,70.7,5000.0,34,1,0.567,26.0,0,0,0.0
2024-02-05 17:00:00,14.5,64.8,12.8,70.1,5000.0,34,1,0.567,26.0,0,0,0.0
2024-02-05 18:00:00,15.0,66.9,13.0,69.8,2710.0,0,0,0.0,26.0,0,0,0.0
2024-02-05 19:00:00,14.6,66.7,13.2,69.5,1565.0,0,0,0.0,26.0,0,0,0.0
2024-02-05 20:00:00,13.1,69.2,13.2,69.4,992.0,0,0,0.0,26.0,0,0,0.0
2024-02-05 21:00:00,12.1,73.8,13.1,69.9,706.0,0,0,0.0,26.0,0,0,0.0
2024-02-05 22:00:00,8.3,77.3,12.6,70.6,563.0,0,0,0.0,26.0,0,0,0.0
2024-02-05 23:00:00,7.7,78.4,12.1,71.4,492.0,0,0,0.0,26.0,0,0,0.0
2024-02-06 00:00:00,8.0,83.2,11.7,72.6,456.0,0,0,0.0,26.0,0,0,0.0
2024-02-06 01:00:00,6.3,77.9,11.1,73.1,438.0,0,0,0.0,26.0,0,0,0.0
2024-02-06 02:00:00,6.1,78.8,10.6,73.7,429.0,0,0,0.0,26.0,0,0,0.0
2024-02-06 03:00:00,7.2,75.2,10.3,73.8,424.0,0,0,0.0,26.0,0,0,0.0
2024-02-06 04:00:00,4.6,76.5,9.7,74.1,422.0,0,0,0.0,26.0,0,0,0.0
2024-02-06 05:00:00,8.1,84.1,9.5,75.1,421.0,0,0,0.0,26.0,0,0,0.0
2024-02-06 06:00:00,7.3,77.2,9.3,75.3,421.0,0,0,0.0,26.0,0,0,0.0
2024-02-06 07:00:00,8.6,79.5,9.2,75.7,420.0,0,0,0.0,26.0,0,0,0.0
2024-02-06 08:00:00,8.3,74.8,9.2,75.6,5000.0,60,1,1.0,26.0,0,0,0.0
2024-02-06 09:00:00,12.5,73.5,9.5,75.4,5000.0,60,1,1.0,26.0,0,0,0.0
2024-02-06 10:00:00,12.6,72.9,9.9,75.2,5000.0,33,1,0.55,26.0,0,0,0.0
2024-02-06 11:00:00,9.4,70.0,9.9,74.6,5000.0,33,1,0.55,26.0,0,0,0.0
2024-02-06 12:00:00,13.6,60.9,10.2,73.3,2710.0,0,0,0.0,26.0,0,0,0.0
2024-02-06 13:00:00,16.1,69.2,10.8,72.9,1565.0,0,0,0.0,26.0,0,0,0.0
2024-02-06 14:00:00,15.6,67.1,11.3,72.3,5000.0,50,1,0.833,26.0,0,0,0.0
2024-02-06 15:00:00,18.4,67.9,12.1,71.9,5000.0,50,1,0.833,26.0,0,0,0.0
2024-02-06 16:00:00,18.3,66.5,12.7,71.3,5000.0,34,1,0.567,26.0,0,0,0.0
2024-02-06 17:00:00,15.4,60.3,13.0,70.2,5000.0,34,1,0.567,26.0,0,0,0.0
2024-02-06 18:00:00,14.2,63.8,13.2,69.6,2710.0,0,0,0.0,26.0,0,0,0.0
2024-02-06 19:00:00,16.8,67.5,13.5,69.4,1565.0,0,0,0.0,26.0,0,0,0.0
2024-02-06 20:00:00,12.5,71.6,13.4,69.6,992.0,0,0,0.0,26.0,0,0,0.0
2024-02-06 21:00:00,11.1,77.1,13.2,70.3,706.0,0,0,0.0,26.0,0,0,0.0
2024-02-06 22:00:00,8.8,74.7,12.7,70.8,563.0,0,0,0.0,26.0,0,0,0.0
2024-02-06 23:00:00,7.4,72.0,12.2,70.9,492.0,0,0,0.0,26.0,0,0,0.0
2024-02-07 00:00:00,6.5,77.5,11.6,71.6,456.0,0,0,0.0,26.0,0,0,0.0
2024-02-07 01:00:00,6.0,76.9,11.1,72.1,438.0,0,0,0.0,26.0,0,0,0.0
2024-02-07 02:00:00,4.1,79.5,10.3,72.8,429.0,0,0,0.0,26.0,0,0,0.0
2024-02-07 03:00:00,3.7,82.3,9.7,73.8,424.0,0,0,0.0,26.0,0,0,0.0
2024-02-07 04:00:00,6.3,75.4,9.3,73.9,422.0,0,0,0.0,26.0,0,0,0.0
2024-02-07 05:00:00,6.2,76.7,9.0,74.2,421.0,0,0,0.0,26.0,0,0,0.0
2024-02-07 06:00:00,7.9,81.7,8.9,75.0,421.0,0,0,0.0,26.0,0,0,0.0
2024-02-07 07:00:00,5.7,76.3,8.6,75.1,420.0,0,0,0.0,26.0,0,0,0.0
2024-02-07 08:00:00,9.5,76.1,8.7,75.2,3753.0,30,1,0.5,26.0,0,0,0.0
2024-02-07 09:00:00,11.3,69.7,9.0,74.6,5000.0,30,1,0.5,26.0,0,0,0.0
2024-02-07 10:00:00,11.8,67.5,9.3,73.9,5000.0,29,1,0.483,26.0,0,0,0.0
2024-02-07 11:00:00,15.1,68.1,9.9,73.4,5000.0,29,1,0.483,26.0,0,0,0.0
2024-02-07 12:00:00,17.4,66.2,10.7,72.6,2710.0,0,0,0.0,26.0,0,0,0.0
2024-02-07 13:00:00,14.3,60.5,11.0,71.4,1565.0,0,0,0.0,26.0,0,0,0.0
2024-02-07 14:00:00,13.1,59.5,11.3,70.2,4437.0,31,1,0.517,26.0,0,0,0.0
2024-02-07 15:00:00,16.4,65.5,11.8,69.8,5000.0,31,1,0.517,26.0,0,0,0.0
2024-02-07 16:00:00,13.5,67.0,12.0,69.5,5000.0,43,1,0.717,26.0,0,0,0.0
2024-02-07 17:00:00,14.6,65.5,12.3,69.1,5000.0,43,1,0.717,26.0,0,0,0.0
2024-02-07 18:00:00,17.0,69.0,12.8,69.1,2710.0,0,0,0.0,26.0,0,0,0.0
2024-02-07 19:00:00,13.1,65.3,12.8,68.7,1565.0,0,0,0.0,26.0,0,0,0.0
2024-02-07 20:00:00,9.1,67.8,12.4,68.6,992.0,0,0,0.0,26.0,0,0,0.0
2024-02-07 21:00:00,10.7,69.0,12.3,68.6,706.0,0,0,0.0,26.0,0,0,0.0
2024-02-07 22:00:00,9.5,74.3,12.0,69.2,563.0,0,0,0.0,26.0,0,0,0.0
2024-02-07 23:00:00,8.2,74.0,11.6,69.7,492.0,0,0,0.0,26.0,0,0,0.0
2024-02-08 00:00:00,7.7,79.0,11.2,70.6,456.0,0,0,0.0,26.0,0,0,0.0
2024-02-08 01:00:00,5.0,83.2,10.6,71.9,438.0,0,0,0.0,26.0,0,0,0.0
2024-02-08 02:00:00,6.0,79.8,10.1,72.7,429.0,0,0,0.0,26.0,0,0,0.0
2024-02-08 03:00:00,7.1,80.7,9.8,73.5,424.0,0,0,0.0,26.0,0,0,0.0
2024-02-08 04:00:00,7.6,80.6,9.6,74.2,422.0,0,0,0.0,26.0,0,0,0.0
2024-02-08 05:00:00,5.8,80.0,9.2,74.8,421.0,0,0,0.0,26.0,0,0,0.0
2024-02-08 06:00:00,5.7,78.0,8.8,75.1,421.0,0,0,0.0,26.0,0,0,0.0
2024-02-08 07:00:00,8.5,75.4,8.8,75.1,420.0,0,0,0.0,26.0,0,0,0.0
2024-02-08 08:00:00,9.5,68.4,8.9,74.5,5000.0,44,1,0.733,26.0,0,0,0.0
2024-02-08 09:00:00,10.2,72.3,9.1,74.2,5000.0,44,1,0.733,26.0,0,0,0.0
2024-02-08 10:00:00,12.5,66.8,9.4,73.5,5000.0,54,1,0.9,26.0,0,0,0.0
2024-02-08 11:00:00,15.4,65.4,10.1,72.7,5000.0,54,1,0.9,26.0,0,0,0.0
2024-02-08 12:00:00,16.0,67.6,10.7,72.2,2710.0,0,0,0.0,26.0,0,0,0.0
2024-02-08 13:00:00,14.4,70.4,11.1,72.0,1565.0,0,0,0.0,26.0,0,0,0.0
2024-02-08 14:00:00,14.0,67.0,11.4,71.5,5000.0,48,1,0.8,26.0,0,0,0.0
2024-02-08 15:00:00,17.5,62.0,12.0,70.5,5000.0,48,1,0.8,26.0,0,0,0.0
2024-02-08 16:00:00,17.9,63.5,12.7,69.8,5000.0,60,1,1.0,26.0,0,0,0.0
2024-02-08 17:00:00,15.8,65.9,13.0,69.4,5000.0,60,1,1.0,26.0,0,0,0.0
2024-02-08 18:00:00,14.3,68.8,13.2,69.4,2710.0,0,0,0.0,26.0,0,0,0.0
2024-02-08 19:00:00,14.7,62.8,13.3,68.7,1565.0,0,0,0.0,26.0,0,0,0.0
2024-02-08 20:00:00,14.3,64.9,13.4,68.3,992.0,0,0,0.0,26.0,0,0,0.0
2024-02-08 21:00:00,12.5,75.4,13.3,69.0,706.0,0,0,0.0,26.0,0,0,0.0
2024-02-08 22:00:00,8.1,72.8,12.8,69.4,563.0,0,0,0.0,26.0,0,0,0.0
2024-02-08 23:00:00,6.8,75.4,12.2,70.0,492.0,0,0,0.0,26.0,0,0,0.0
2024-02-09 00:00:00,7.0,80.0,11.7,71.0,456.0,0,0,0.0,26.0,0,0,0.0
2024-02-09 01:00:00,8.6,83.1,11.4,72.2,438.0,0,0,0.0,26.0,0,0,0.0
2024-02-09 02:00:00,5.3,79.1,10.7,72.9,429.0,0,0,0.0,26.0,0,0,0.0
2024-02-09 03:00:00,3.5,77.6,10.0,73.4,424.0,0,0,0.0,26.0,0,0,0.0
2024-02-09 04:00:00,7.6,84.6,9.8,74.5,422.0,0,0,0.0,26.0,0,0,0.0
2024-02-09 05:00:00,4.8,77.2,9.3,74.8,421.0,0,0,0.0,26.0,0,0,0.0
2024-02-09 06:00:00,7.4,78.5,9.1,75.1,421.0,0,0,0.0,26.0,0,0,0.0
2024-02-09 07:00:00,7.3,77.3,8.9,75.4,420.0,0,0,0.0,26.0,0,0,0.0
2024-02-09 08:00:00,9.0,74.0,8.9,75.2,5000.0,48,1,0.8,26.0,0,0,0.0
2024-02-09 09:00:00,11.8,72.0,9.3,74.9,5000.0,48,1,0.8,26.0,0,0,0.0
2024-02-09 10:00:00,11.6,69.6,9.5,74.4,5000.0,27,1,0.45,26.0,0,0,0.0
2024-02-09 11:00:00,13.4,66.9,9.9,73.6,5000.0,27,1,0.45,26.0,0,0,0.0
2024-02-09 12:00:00,14.1,71.1,10.4,73.4,2710.0,0,0,0.0,26.0,0,0,0.0
2024-02-09 13:00:00,16.2,64.2,10.9,72.5,1565.0,0,0,0.0,26.0,0,0,0.0
2024-02-09 14:00:00,16.9,63.3,11.6,71.5,3770.0,25,1,0.417,26.0,0,0,0.0
2024-02-09 15:00:00,17.8,65.1,12.2,70.9,4873.0,25,1,0.417,26.0,0,0,0.0
2024-02-09 16:00:00,15.7,65.6,12.6,70.4,5000.0,36,1,0.6,26.0,0,0,0.0
2024-02-09 17:00:00,13.0,61.7,12.7,69.5,5000.0,36,1,0.6,26.0,0,0,0.0
2024-02-09 18:00:00,12.7,66.8,12.7,69.2,2710.0,0,0,0.0,26.0,0,0,0.0
2024-02-09 19:00:00,16.1,74.7,13.0,69.8,1565.0,0,0,0.0,26.0,0,0,0.0
2024-02-09 20:00:00,13.3,71.4,13.0,69.9,992.0,0,0,0.0,26.0,0,0,0.0
2024-02-09 21:00:00,8.3,70.4,12.6,70.0,706.0,0,0,0.0,26.0,0,0,0.0
2024-02-09 22:00:00,8.5,72.2,12.2,70.2,563.0,0,0,0.0,26.0,0,0,0.0
2024-02-09 23:00:00,8.2,74.6,11.8,70.6,492.0,0,0,0.0,26.0,0,0,0.0
2024-02-10 00:00:00,4.5,79.9,11.0,71.6,456.0,0,0,0.0,26.0,0,0,0.0
2024-02-10 01:00:00,5.1,79.6,10.4,72.4,438.0,0,0,0.0,26.0,0,0,0.0
2024-02-10 02:00:00,9.3,77.0,10.3,72.8,429.0,0,0,0.0,26.0,0,0,0.0
2024-02-10 03:00:00,2.2,79.1,9.5,73.5,424.0,0,0,0.0,26.0,0,0,0.0
2024-02-10 04:00:00,7.8,85.6,9.3,74.7,422.0,0,0,0.0,26.0,0,0,0.0
2024-02-10 05:00:00,4.8,80.4,8.9,75.2,421.0,0,0,0.0,26.0,0,0,0.0
2024-02-10 06:00:00,6.8,77.3,8.6,75.5,421.0,0,0,0.0,26.0,0,0,0.0
2024-02-10 07:00:00,12.5,71.5,9.0,75.1,420.0,0,0,0.0,26.0,0,0,0.0
2024-02-10 08:00:00,10.1,75.5,9.1,75.1,420.0,0,0,0.0,26.0,0,0,0.0
2024-02-10 09:00:00,12.6,72.3,9.5,74.8,420.0,0,0,0.0,26.0,0,0,0.0
2024-02-10 10:00:00,12.8,68.8,9.8,74.2,420.0,0,0,0.0,26.0,0,0,0.0
2024-02-10 11:00:00,13.9,67.0,10.3,73.5,420.0,0,0,0.0,26.0,0,0,0.0
2024-02-10 12:00:00,15.5,65.2,10.8,72.7,420.0,0,0,0.0,26.0,0,0,0.0
2024-02-10 13:00:00,15.9,65.0,11.3,71.9,420.0,0,0,0.0,26.0,0,0,0.0
2024-02-10 14:00:00,17.5,64.1,11.9,71.1,420.0,0,0,0.0,26.0,0,0,0.0
2024-02-10 15:00:00,13.3,67.8,12.1,70.8,420.0,0,0,0.0,26.0,0,0,0.0
2024-02-10 16:00:00,14.5,62.3,12.3,69.9,420.0,0,0,0.0,26.0,0,0,0.0
2024-02-10 17:00:00,14.4,69.2,12.5,69.9,420.0,0,0,0.0,26.0,0,0,0.0
2024-02-10 18:00:00,11.3,75.8,12.4,70.5,420.0,0,0,0.0,26.0,0,0,0.0
2024-02-10 19:00:00,15.1,68.7,12.7,70.3,420.0,0,0,0.0,26.0,0,0,0.0
2024-02-10 20:00:00,12.2,70.8,12.6,70.3,420.0,0,0,0.0,26.0,0,0,0.0
2024-02-10 21:00:00,11.8,73.9,12.6,70.7,420.0,0,0,0.0,26.0,0,0,0.0
2024-02-10 22:00:00,10.5,74.3,12.3,71.1,420.0,0,0,0.0,26.0,0,0,0.0
2024-02-10 23:00:00,8.2,75.5,11.9,71.5,420.0,0,0,0.0,26.0,0,0,0.0
2024-02-11 00:00:00,7.2,81.1,11.4,72.5,420.0,0,0,0.0,26.0,0,0,0.0
2024-02-11 01:00:00,7.6,70.1,11.1,72.2,420.0,0,0,0.0,26.0,0,0,0.0
2024-02-11 02:00:00,7.2,80.3,10.7,73.0,420.0,0,0,0.0,26.0,0,0,0.0
2024-02-11 03:00:00,6.0,78.8,10.2,73.6,420.0,0,0,0.0,26.0,0,0,0.0
2024-02-11 04:00:00,7.9,82.6,10.0,74.5,420.0,0,0,0.0,26.0,0,0,0.0
2024-02-11 05:00:00,5.5,80.1,9.5,75.1,420.0,0,0,0.0,26.0,0,0,0.0
2024-02-11 06:00:00,6.0,73.5,9.2,74.9,420.0,0,0,0.0,26.0,0,0,0.0
2024-02-11 07:00:00,7.6,78.6,9.0,75.3,420.0,0,0,0.0,26.0,0,0,0.0
2024-02-11 08:00:00,11.1,75.6,9.2,75.3,420.0,0,0,0.0,26.0,0,0,0.0
2024-02-11 09:00:00,12.1,73.5,9.5,75.1,420.0,0,0,0.0,26.0,0,0,0.0
2024-02-11 10:00:00,11.3,71.2,9.7,74.7,420.0,0,0,0.0,26.0,0,0,0.0
2024-02-11 11:00:00,14.7,70.3,10.2,74.3,420.0,0,0,0.0,26.0,0,0,0.0
2024-02-11 12:00:00,16.3,68.5,10.8,73.7,420.0,0,0,0.0,26.0,0,0,0.0
2024-02-11 13:00:00,15.9,68.3,11.3,73.2,420.0,0,0,0.0,26.0,0,0,0.0
2024-02-11 14:00:00,15.8,61.6,11.8,72.0,420.0,0,0,0.0,26.0,0,0,0.0
2024-02-11 15:00:00,15.8,61.8,12.2,71.0,420.0,0,0,0.0,26.0,0,0,0.0
2024-02-11 16:00:00,14.8,63.8,12.5,70.3,420.0,0,0,0.0,26.0,0,0,0.0
2024-02-11 17:00:00,14.1,64.1,12.6,69.7,420.0,0,0,0.0,26.0,0,0,0.0
2024-02-11 18:00:00,11.7,67.0,12.5,69.4,420.0,0,0,0.0,26.0,0,0,0.0
2024-02-11 19:00:00,13.5,65.5,12.6,69.0,420.0,0,0,0.0,26.0,0,0,0.0
2024-02-11 20:00:00,13.3,72.7,12.7,69.4,420.0,0,0,0.0,26.0,0,0,0.0
2024-02-11 21:00:00,8.6,69.7,12.3,69.4,420.0,0,0,0.0,26.0,0,0,0.0
2024-02-11 22:00:00,8.6,71.3,11.9,69.6,420.0,0,0,0.0,26.0,0,0,0.0
2024-02-11 23:00:00,9.7,75.4,11.7,70.2,420.0,0,0,0.0,26.0,0,0,0.0
2024-02-12 00:00:00,7.1,71.6,11.2,70.3,420.0,0,0,0.0,26.0,0,0,0.0
2024-02-12 01:00:00,7.6,75.2,10.9,70.8,420.0,0,0,0.0,26.0,0,0,0.0
2024-02-12 02:00:00,6.3,80.6,10.4,71.8,420.0,0,0,0.0,26.0,0,0,0.0
2024-02-12 03:00:00,8.0,76.1,10.2,72.2,420.0,0,0,0.0,26.0,0,0,0.0
2024-02-12 04:00:00,2.0,80.3,9.3,73.0,420.0,0,0,0.0,26.0,0,0,0.0
2024-02-12 05:00:00,9.4,82.6,9.3,74.0,420.0,0,0,0.0,26.0,0,0,0.0
2024-02-12 06:00:00,7.8,76.2,9.2,74.2,420.0,0,0,0.0,26.0,0,0,0.0
2024-02-12 07:00:00,9.7,73.1,9.2,74.1,420.0,0,0,0.0,26.0,0,0,0.0
2024-02-12 08:00:00,10.4,75.6,9.4,74.2,4976.0,41,1,0.683,26.0,0,0,0.0
2024-02-12 09:00:00,12.6,80.3,9.7,74.8,5000.0,41,1,0.683,26.0,0,0,0.0
2024-02-12 10:00:00,12.9,68.4,10.1,74.2,5000.0,42,1,0.7,26.0,0,0,0.0
2024-02-12 11:00:00,13.5,62.7,10.5,73.1,5000.0,42,1,0.7,26.0,0,0,0.0
2024-02-12 12:00:00,13.5,65.1,10.8,72.3,2710.0,0,0,0.0,26.0,0,0,0.0
2024-02-12 13:00:00,14.5,65.5,11.1,71.6,1565.0,0,0,0.0,26.0,0,0,0.0
2024-02-12 14:00:00,14.6,67.6,11.5,71.2,3881.0,26,1,0.433,26.0,0,0,0.0
2024-02-12 15:00:00,16.0,64.0,12.0,70.5,5000.0,26,1,0.433,26.0,0,0,0.0
2024-02-12 16:00:00,15.3,64.7,12.4,69.9,5000.0,50,1,0.833,26.0,0,0,0.0
2024-02-12 17:00:00,16.6,62.5,12.8,69.2,5000.0,50,1,0.833,26.0,0,0,0.0
2024-02-12 18:00:00,13.5,65.4,12.9,68.8,2710.0,0,0,0.0,26.0,0,0,0.0
2024-02-12 19:00:00,11.5,65.5,12.7,68.4,1565.0,0,0,0.0,26.0,0,0,0.0
2024-02-12 20:00:00,11.6,72.6,12.6,68.9,992.0,0,0,0.0,26.0,0,0,0.0
2024-02-12 21:00:00,11.4,72.6,12.5,69.2,706.0,0,0,0.0,26.0,0,0,0.0
2024-02-12 22:00:00,11.0,73.7,12.4,69.7,563.0,0,0,0.0,26.0,0,0,0.0
2024-02-12 23:00:00,9.1,75.7,12.0,70.3,492.0,0,0,0.0,26.0,0,0,0.0
2024-02-13 00:00:00,7.9,75.9,11.6,70.8,456.0,0,0,0.0,26.0,0,0,0.0
2024-02-13 01:00:00,3.0,78.5,10.7,71.6,438.0,0,0,0.0,26.0,0,0,0.0
2024-02-13 02:00:00,8.3,82.5,10.5,72.7,429.0,0,0,0.0,26.0,0,0,0.0
2024-02-13 03:00:00,7.4,83.7,10.2,73.8,424.0,0,0,0.0,26.0,0,0,0.0
2024-02-13 04:00:00,6.3,80.3,9.8,74.5,422.0,0,0,0.0,26.0,0,0,0.0
2024-02-13 05:00:00,5.7,78.0,9.4,74.8,421.0,0,0,0.0,26.0,0,0,0.0
2024-02-13 06:00:00,8.4,81.3,9.3,75.5,421.0,0,0,0.0,26.0,0,0,0.0
2024-02-13 07:00:00,8.3,74.6,9.2,75.4,420.0,0,0,0.0,26.0,0,0,0.0
2024-02-13 08:00:00,9.7,75.9,9.3,75.4,4753.0,39,1,0.65,26.0,0,0,0.0
2024-02-13 09:00:00,8.8,65.1,9.2,74.4,5000.0,39,1,0.65,26.0,0,0,0.0
2024-02-13 10:00:00,11.5,66.3,9.5,73.6,5000.0,33,1,0.55,26.0,0,0,0.0
2024-02-13 11:00:00,12.7,67.6,9.8,73.0,5000.0,33,1,0.55,26.0,0,0,0.0
2024-02-13 12:00:00,13.9,70.7,10.2,72.8,2710.0,0,0,0.0,26.0,0,0,0.0
2024-02-13 13:00:00,15.8,66.0,10.8,72.1,1565.0,0,0,0.0,26.0,0,0,0.0
2024-02-13 14:00:00,16.8,60.9,11.5,71.0,5000.0,54,1,0.9,26.0,0,0,0.0
2024-02-13 15:00:00,17.6,63.8,12.1,70.2,5000.0,54,1,0.9,26.0,0,0,0.0
2024-02-13 16:00:00,16.8,61.1,12.6,69.3,5000.0,45,1,0.75,26.0,0,0,0.0
2024-02-13 17:00:00,13.0,67.5,12.7,69.1,5000.0,45,1,0.75,26.0,0,0,0.0
2024-02-13 18:00:00,15.1,63.6,12.9,68.6,2710.0,0,0,0.0,26.0,0,0,0.0
2024-02-13 19:00:00,12.2,71.4,12.9,68.9,1565.0,0,0,0.0,26.0,0,0,0.0
2024-02-13 20:00:00,10.5,74.9,12.6,69.5,992.0,0,0,0.0,26.0,0,0,0.0
2024-02-13 21:00:00,9.6,73.9,12.3,69.9,706.0,0,0,0.0,26.0,0,0,0.0
2024-02-13 22:00:00,9.2,75.9,12.0,70.5,563.0,0,0,0.0,26.0,0,0,0.0
2024-02-13 23:00:00,7.7,75.5,11.6,71.0,492.0,0,0,0.0,26.0,0,0,0.0
2024-02-14 00:00:00,7.5,74.7,11.2,71.4,456.0,0,0,0.0,26.0,0,0,0.0
2024-02-14 01:00:00,7.8,77.4,10.8,72.0,438.0,0,0,0.0,26.0,0,0,0.0
2024-02-14 02:00:00,5.8,76.7,10.3,72.5,429.0,0,0,0.0,26.0,0,0,0.0
2024-02-14 03:00:00,2.2,79.4,9.5,73.2,424.0,0,0,0.0,26.0,0,0,0.0
2024-02-14 04:00:00,9.8,82.1,9.5,74.0,422.0,0,0,0.0,26.0,0,0,0.0
2024-02-14 05:00:00,6.6,78.1,9.2,74.5,421.0,0,0,0.0,26.0,0,0,0.0
2024-02-14 06:00:00,7.5,79.3,9.0,74.9,421.0,0,0,0.0,26.0,0,0,0.0
2024-02-14 07:00:00,6.7,79.3,8.8,75.4,420.0,0,0,0.0,26.0,0,0,0.0
2024-02-14 08:00:00,10.8,76.2,9.0,75.5,5000.0,57,1,0.95,26.0,0,0,0.0
2024-02-14 09:00:00,11.7,72.1,9.3,75.1,5000.0,57,1,0.95,26.0,0,0,0.0
2024-02-14 10:00:00,13.3,71.7,9.8,74.8,5000.0,51,1,0.85,26.0,0,0,0.0
2024-02-14 11:00:00,13.0,66.3,10.1,73.9,5000.0,51,1,0.85,26.0,0,0,0.0
2024-02-14 12:00:00,14.7,71.0,10.6,73.6,2710.0,0,0,0.0,26.0,0,0,0.0
2024-02-14 13:00:00,13.5,60.7,10.9,72.3,1565.0,0,0,0.0,26.0,0,0,0.0
2024-02-14 14:00:00,16.1,64.4,11.4,71.5,4326.0,30,1,0.5,26.0,0,0,0.0
2024-02-14 15:00:00,16.3,64.7,12.0,70.9,5000.0,30,1,0.5,26.0,0,0,0.0
2024-02-14 16:00:00,15.5,68.7,12.3,70.6,5000.0,38,1,0.633,26.0,0,0,0.0
2024-02-14 17:00:00,12.9,62.6,12.4,69.8,5000.0,38,1,0.633,26.0,0,0,0.0
2024-02-14 18:00:00,14.4,61.4,12.6,69.0,2710.0,0,0,0.0,26.0,0,0,0.0
2024-02-14 19:00:00,13.2,73.0,12.7,69.4,1565.0,0,0,0.0,26.0,0,0,0.0
2024-02-14 20:00:00,12.3,70.6,12.7,69.5,992.0,0,0,0.0,26.0,0,0,0.0
2024-02-14 21:00:00,9.1,70.2,12.3,69.6,706.0,0,0,0.0,26.0,0,0,0.0
2024-02-14 22:00:00,9.1,73.1,12.0,69.9,563.0,0,0,0.0,26.0,0,0,0.0
2024-02-14 23:00:00,10.4,77.7,11.8,70.7,492.0,0,0,0.0,26.0,0,0,0.0
2024-02-15 00:00:00,5.8,78.4,11.2,71.5,456.0,0,0,0.0,26.0,0,0,0.0
2024-02-15 01:00:00,7.4,82.3,10.8,72.6,438.0,0,0,0.0,26.0,0,0,0.0
2024-02-15 02:00:00,8.5,76.7,10.6,73.0,429.0,0,0,0.0,26.0,0,0,0.0
2024-02-15 03:00:00,4.8,76.2,10.0,73.3,424.0,0,0,0.0,26.0,0,0,0.0
2024-02-15 04:00:00,5.8,81.1,9.6,74.1,422.0,0,0,0.0,26.0,0,0,0.0
2024-02-15 05:00:00,8.2,78.7,9.4,74.5,421.0,0,0,0.0,26.0,0,0,0.0
2024-02-15 06:00:00,7.0,78.1,9.2,74.9,421.0,0,0,0.0,26.0,0,0,0.0
2024-02-15 07:00:00,7.2,82.3,9.0,75.6,420.0,0,0,0.0,26.0,0,0,0.0
2024-02-15 08:00:00,7.3,74.6,8.8,75.5,3753.0,30,1,0.5,26.0,0,0,0.0
2024-02-15 09:00:00,14.0,72.0,9.4,75.2,5000.0,30,1,0.5,26.0,0,0,0.0
2024-02-15 10:00:00,12.0,68.9,9.7,74.6,5000.0,53,1,0.883,26.0,0,0,0.0
2024-02-15 11:00:00,13.2,72.1,10.1,74.3,5000.0,53,1,0.883,26.0,0,0,0.0
2024-02-15 12:00:00,11.2,70.9,10.2,74.0,2710.0,0,0,0.0,26.0,0,0,0.0
2024-02-15 13:00:00,13.2,64.3,10.5,73.0,1565.0,0,0,0.0,26.0,0,0,0.0
2024-02-15 14:00:00,15.2,66.0,11.0,72.3,3215.0,20,1,0.333,26.0,0,0,0.0
2024-02-15 15:00:00,13.6,65.4,11.3,71.6,4040.0,20,1,0.333,26.0,0,0,0.0
2024-02-15 16:00:00,18.9,60.2,12.1,70.5,5000.0,36,1,0.6,26.0,0,0,0.0
2024-02-15 17:00:00,15.6,63.1,12.5,69.7,5000.0,36,1,0.6,26.0,0,0,0.0
2024-02-15 18:00:00,15.2,66.4,12.7,69.4,2710.0,0,0,0.0,26.0,0,0,0.0
2024-02-15 19:00:00,12.5,69.5,12.7,69.4,1565.0,0,0,0.0,26.0,0,0,0.0
2024-02-15 20:00:00,15.0,69.4,12.9,69.4,992.0,0,0,0.0,26.0,0,0,0.0
2024-02-15 21:00:00,12.1,68.1,12.9,69.3,706.0,0,0,0.0,26.0,0,0,0.0
2024-02-15 22:00:00,8.3,75.5,12.4,69.9,563.0,0,0,0.0,26.0,0,0,0.0
2024-02-15 23:00:00,10.7,77.1,12.2,70.6,492.0,0,0,0.0,26.0,0,0,0.0
2024-02-16 00:00:00,7.0,77.7,11.7,71.3,456.0,0,0,0.0,26.0,0,0,0.0
2024-02-16 01:00:00,4.8,80.7,11.0,72.3,438.0,0,0,0.0,26.0,0,0,0.0
2024-02-16 02:00:00,7.5,78.4,10.6,72.9,429.0,0,0,0.0,26.0,0,0,0.0
2024-02-16 03:00:00,5.3,80.8,10.1,73.7,424.0,0,0,0.0,26.0,0,0,0.0
2024-02-16 04:00:00,5.5,79.5,9.6,74.3,422.0,0,0,0.0,26.0,0,0,0.0
2024-02-16 05:00:00,9.8,78.2,9.7,74.6,421.0,0,0,0.0,26.0,0,0,0.0
2024-02-16 06:00:00,6.9,75.7,9.4,74.8,421.0,0,0,0.0,26.0,0,0,0.0
2024-02-16 07:00:00,9.6,75.5,9.4,74.8,420.0,0,0,0.0,26.0,0,0,0.0
2024-02-16 08:00:00,8.7,78.0,9.4,75.1,5000.0,44,1,0.733,26.0,0,0,0.0
2024-02-16 09:00:00,13.1,70.2,9.8,74.7,5000.0,44,1,0.733,26.0,0,0,0.0
2024-02-16 10:00:00,9.5,73.0,9.8,74.5,5000.0,41,1,0.683,26.0,0,0,0.0
2024-02-16 11:00:00,12.5,70.4,10.1,74.1,5000.0,41,1,0.683,26.0,0,0,0.0
2024-02-16 12:00:00,11.6,69.0,10.2,73.6,2710.0,0,0,0.0,26.0,0,0,0.0
2024-02-16 13:00:00,13.5,67.3,10.6,72.9,1565.0,0,0,0.0,26.0,0,0,0.0
2024-02-16 14:00:00,15.9,61.4,11.1,71.8,5000.0,38,1,0.633,26.0,0,0,0.0
2024-02-16 15:00:00,15.4,66.1,11.6,71.2,5000.0,38,1,0.633,26.0,0,0,0.0
2024-02-16 16:00:00,16.0,66.0,12.1,70.7,5000.0,58,1,0.967,26.0,0,0,0.0
2024-02-16 17:00:00,18.3,60.4,12.7,69.7,5000.0,58,1,0.967,26.0,0,0,0.0
2024-02-16 18:00:00,17.0,66.7,13.2,69.4,2710.0,0,0,0.0,26.0,0,0,0.0
2024-02-16 19:00:00,12.2,64.0,13.1,68.8,1565.0,0,0,0.0,26.0,0,0,0.0
2024-02-16 20:00:00,12.0,72.7,13.0,69.2,992.0,0,0,0.0,26.0,0,0,0.0
2024-02-16 21:00:00,10.8,76.5,12.7,69.9,706.0,0,0,0.0,26.0,0,0,0.0
2024-02-16 22:00:00,7.5,74.0,12.2,70.4,563.0,0,0,0.0,26.0,0,0,0.0
2024-02-16 23:00:00,6.6,77.1,11.6,71.0,492.0,0,0,0.0,26.0,0,0,0.0
2024-02-17 00:00:00,8.8,76.4,11.4,71.6,456.0,0,0,0.0,26.0,0,0,0.0
2024-02-17 01:00:00,2.8,79.5,10.5,72.4,438.0,0,0,0.0,26.0,0,0,0.0
2024-02-17 02:00:00,6.8,80.9,10.1,73.2,429.0,0,0,0.0,26.0,0,0,0.0
2024-02-17 03:00:00,7.9,76.8,9.9,73.6,424.0,0,0,0.0,26.0,0,0,0.0
2024-02-17 04:00:00,7.2,83.3,9.6,74.5,422.0,0,0,0.0,26.0,0,0,0.0
2024-02-17 05:00:00,4.0,79.9,9.0,75.1,421.0,0,0,0.0,26.0,0,0,0.0
2024-02-17 06:00:00,6.7,77.4,8.8,75.3,421.0,0,0,0.0,26.0,0,0,0.0
2024-02-17 07:00:00,9.0,74.5,8.8,75.2,420.0,0,0,0.0,26.0,0,0,0.0
2024-02-17 08:00:00,8.7,74.2,8.8,75.1,420.0,0,0,0.0,26.0,0,0,0.0
2024-02-17 09:00:00,9.4,68.7,8.9,74.5,420.0,0,0,0.0,26.0,0,0,0.0
2024-02-17 10:00:00,13.3,66.5,9.3,73.7,420.0,0,0,0.0,26.0,0,0,0.0
2024-02-17 11:00:00,14.5,69.4,9.9,73.3,420.0,0,0,0.0,26.0,0,0,0.0
2024-02-17 12:00:00,11.9,64.3,10.1,72.4,420.0,0,0,0.0,26.0,0,0,0.0
2024-02-17 13:00:00,17.1,62.1,10.8,71.3,420.0,0,0,0.0,26.0,0,0,0.0
2024-02-17 14:00:00,15.1,65.7,11.2,70.8,420.0,0,0,0.0,26.0,0,0,0.0
2024-02-17 15:00:00,17.2,63.2,11.8,70.0,420.0,0,0,0.0,26.0,0,0,0.0
2024-02-17 16:00:00,14.9,68.5,12.1,69.9,420.0,0,0,0.0,26.0,0,0,0.0
2024-02-17 17:00:00,17.9,68.0,12.7,69.7,420.0,0,0,0.0,26.0,0,0,0.0
2024-02-17 18:00:00,14.7,63.9,12.9,69.1,420.0,0,0,0.0,26.0,0,0,0.0
2024-02-17 19:00:00,12.3,69.6,12.9,69.1,420.0,0,0,0.0,26.0,0,0,0.0
2024-02-17 20:00:00,12.9,74.1,12.9,69.6,420.0,0,0,0.0,26.0,0,0,0.0
2024-02-17 21:00:00,12.0,67.5,12.8,69.4,420.0,0,0,0.0,26.0,0,0,0.0
2024-02-17 22:00:00,11.3,71.1,12.6,69.6,420.0,0,0,0.0,26.0,0,0,0.0
2024-02-17 23:00:00,7.9,76.8,12.2,70.3,420.0,0,0,0.0,26.0,0,0,0.0
2024-02-18 00:00:00,10.5,87.0,12.0,72.0,420.0,0,0,0.0,26.0,0,0,0.0
2024-02-18 01:00:00,7.6,78.4,11.5,72.6,420.0,0,0,0.0,26.0,0,0,0.0
2024-02-18 02:00:00,7.0,82.4,11.1,73.6,420.0,0,0,0.0,26.0,0,0,0.0
2024-02-18 03:00:00,5.5,85.4,10.5,74.8,420.0,0,0,0.0,26.0,0,0,0.0
2024-02-18 04:00:00,6.5,81.2,10.1,75.4,420.0,0,0,0.0,26.0,0,0,0.0
2024-02-18 05:00:00,7.7,80.2,9.9,75.9,420.0,0,0,0.0,26.0,0,0,0.0
2024-02-18 06:00:00,8.7,75.8,9.7,75.9,420.0,0,0,0.0,26.0,0,0,0.0
2024-02-18 07:00:00,7.7,72.7,9.5,75.6,420.0,0,0,0.0,26.0,0,0,0.0
2024-02-18 08:00:00,10.4,76.4,9.6,75.7,420.0,0,0,0.0,26.0,0,0,0.0
2024-02-18 09:00:00,11.7,77.0,9.8,75.8,420.0,0,0,0.0,26.0,0,0,0.0
2024-02-18 10:00:00,12.3,71.9,10.1,75.4,420.0,0,0,0.0,26.0,0,0,0.0
2024-02-18 11:00:00,11.9,66.8,10.3,74.5,420.0,0,0,0.0,26.0,0,0,0.0
2024-02-18 12:00:00,15.6,68.9,10.8,74.0,420.0,0,0,0.0,26.0,0,0,0.0
2024-02-18 13:00:00,14.9,64.9,11.2,73.1,420.0,0,0,0.0,26.0,0,0,0.0
2024-02-18 14:00:00,13.6,63.2,11.5,72.1,420.0,0,0,0.0,26.0,0,0,0.0
2024-02-18 15:00:00,17.3,65.7,12.1,71.4,420.0,0,0,0.0,26.0,0,0,0.0
2024-02-18 16:00:00,16.6,64.4,12.5,70.7,420.0,0,0,0.0,26.0,0,0,0.0
2024-02-18 17:00:00,15.3,63.1,12.8,70.0,420.0,0,0,0.0,26.0,0,0,0.0
2024-02-18 18:00:00,15.6,67.6,13.1,69.7,420.0,0,0,0.0,26.0,0,0,0.0
2024-02-18 19:00:00,14.2,66.4,13.2,69.4,420.0,0,0,0.0,26.0,0,0,0.0
2024-02-18 20:00:00,9.1,73.2,12.8,69.8,420.0,0,0,0.0,26.0,0,0,0.0
2024-02-18 21:00:00,10.3,69.4,12.5,69.7,420.0,0,0,0.0,26.0,0,0,0.0
2024-02-18 22:00:00,10.7,72.9,12.4,70.1,420.0,0,0,0.0,26.0,0,0,0.0
2024-02-18 23:00:00,10.1,77.9,12.1,70.8,420.0,0,0,0.0,26.0,0,0,0.0
2024-02-19 00:00:00,8.5,73.6,11.8,71.1,420.0,0,0,0.0,26.0,0,0,0.0
2024-02-19 01:00:00,8.5,79.7,11.4,72.0,420.0,0,0,0.0,26.0,0,0,0.0
2024-02-19 02:00:00,5.6,80.2,10.8,72.8,420.0,0,0,0.0,26.0,0,0,0.0
2024-02-19 03:00:00,3.3,81.2,10.1,73.6,420.0,0,0,0.0,26.0,0,0,0.0
2024-02-19 04:00:00,4.6,75.7,9.5,73.8,420.0,0,0,0.0,26.0,0,0,0.0
2024-02-19 05:00:00,4.4,82.3,9.0,74.7,420.0,0,0,0.0,26.0,0,0,0.0
2024-02-19 06:00:00,6.5,82.3,8.7,75.5,420.0,0,0,0.0,26.0,0,0,0.0
2024-02-19 07:00:00,7.7,70.9,8.6,75.0,420.0,0,0,0.0,26.0,0,0,0.0
2024-02-19 08:00:00,8.0,77.8,8.6,75.3,5000.0,46,1,0.767,26.0,0,0,0.0
2024-02-19 09:00:00,10.8,70.4,8.9,74.8,5000.0,46,1,0.767,26.0,0,0,0.0
2024-02-19 10:00:00,12.5,71.4,9.3,74.5,5000.0,43,1,0.717,26.0,0,0,0.0
2024-02-19 11:00:00,15.2,72.3,9.9,74.2,5000.0,43,1,0.717,26.0,0,0,0.0
2024-02-19 12:00:00,14.0,62.4,10.3,73.1,2710.0,0,0,0.0,26.0,0,0,0.0
2024-02-19 13:00:00,14.7,65.9,10.8,72.3,1565.0,0,0,0.0,26.0,0,0,0.0
2024-02-19 14:00:00,14.4,61.4,11.1,71.2,5000.0,39,1,0.65,26.0,0,0,0.0
2024-02-19 15:00:00,16.5,63.9,11.7,70.5,5000.0,39,1,0.65,26.0,0,0,0.0
2024-02-19 16:00:00,15.9,62.0,12.2,69.7,5000.0,58,1,0.967,26.0,0,0,0.0
2024-02-19 17:00:00,15.0,62.3,12.5,68.9,5000.0,58,1,0.967,26.0,0,0,0.0
2024-02-19 18:00:00,15.9,69.4,12.8,69.0,2710.0,0,0,0.0,26.0,0,0,0.0
2024-02-19 19:00:00,10.7,65.2,12.6,68.6,1565.0,0,0,0.0,26.0,0,0,0.0
2024-02-19 20:00:00,10.0,68.0,12.4,68.5,992.0,0,0,0.0,26.0,0,0,0.0
2024-02-19 21:00:00,10.9,67.7,12.2,68.5,706.0,0,0,0.0,26.0,0,0,0.0
2024-02-19 22:00:00,8.3,71.1,11.8,68.7,563.0,0,0,0.0,26.0,0,0,0.0
2024-02-19 23:00:00,8.8,76.2,11.5,69.5,492.0,0,0,0.0,26.0,0,0,0.0
2024-02-20 00:00:00,6.4,78.2,11.0,70.3,456.0,0,0,0.0,26.0,0,0,0.0
2024-02-20 01:00:00,5.8,78.1,10.5,71.1,438.0,0,0,0.0,26.0,0,0,0.0
2024-02-20 02:00:00,8.7,83.7,10.3,72.4,429.0,0,0,0.0,26.0,0,0,0.0
2024-02-20 03:00:00,4.1,82.5,9.7,73.4,424.0,0,0,0.0,26.0,0,0,0.0
2024-02-20 04:00:00,7.4,76.3,9.4,73.7,422.0,0,0,0.0,26.0,0,0,0.0
2024-02-20 05:00:00,7.9,83.5,9.3,74.7,421.0,0,0,0.0,26.0,0,0,0.0
2024-02-20 06:00:00,5.8,74.9,8.9,74.7,421.0,0,0,0.0,26.0,0,0,0.0
2024-02-20 07:00:00,10.0,76.8,9.0,74.9,420.0,0,0,0.0,26.0,0,0,0.0
2024-02-20 08:00:00,10.5,75.1,9.2,74.9,3420.0,27,1,0.45,26.0,0,0,0.0
2024-02-20 09:00:00,11.6,68.0,9.5,74.2,4920.0,27,1,0.45,26.0,0,0,0.0
2024-02-20 10:00:00,13.9,73.4,9.9,74.1,5000.0,25,1,0.417,26.0,0,0,0.0
2024-02-20 11:00:00,13.2,67.9,10.3,73.5,5000.0,25,1,0.417,26.0,0,0,0.0
2024-02-20 12:00:00,12.2,67.9,10.5,73.0,2710.0,0,0,0.0,26.0,0,0,0.0
2024-02-20 13:00:00,16.2,64.9,11.1,72.1,1565.0,0,0,0.0,26.0,0,0,0.0
2024-02-20 14:00:00,17.5,63.3,11.7,71.3,3548.0,23,1,0.383,26.0,0,0,0.0
2024-02-20 15:00:00,16.8,60.9,12.3,70.2,4540.0,23,1,0.383,26.0,0,0,0.0
2024-02-20 16:00:00,15.8,63.7,12.7,69.6,5000.0,40,1,0.667,26.0,0,0,0.0
2024-02-20 17:00:00,15.7,64.0,13.0,69.0,5000.0,40,1,0.667,26.0,0,0,0.0
2024-02-20 18:00:00,14.3,68.8,13.1,69.0,2710.0,0,0,0.0,26.0,0,0,0.0
2024-02-20 19:00:00,12.8,63.2,13.1,68.4,1565.0,0,0,0.0,26.0,0,0,0.0
2024-02-20 20:00:00,14.9,74.1,13.3,69.0,992.0,0,0,0.0,26.0,0,0,0.0
2024-02-20 21:00:00,9.1,74.1,12.9,69.5,706.0,0,0,0.0,26.0,0,0,0.0
2024-02-20 22:00:00,9.0,74.9,12.5,70.0,563.0,0,0,0.0,26.0,0,0,0.0
2024-02-20 23:00:00,8.9,75.3,12.1,70.6,492.0,0,0,0.0,26.0,0,0,0.0
2024-02-21 00:00:00,6.3,75.6,11.5,71.1,456.0,0,0,0.0,26.0,0,0,0.0
2024-02-21 01:00:00,5.3,76.4,10.9,71.6,438.0,0,0,0.0,26.0,0,0,0.0
2024-02-21 02:00:00,6.1,77.6,10.4,72.2,429.0,0,0,0.0,26.0,0,0,0.0
2024-02-21 03:00:00,7.0,84.5,10.1,73.4,424.0,0,0,0.0,26.0,0,0,0.0
2024-02-21 04:00:00,5.3,80.4,9.6,74.1,422.0,0,0,0.0,26.0,0,0,0.0
2024-02-21 05:00:00,7.4,80.3,9.4,74.7,421.0,0,0,0.0,26.0,0,0,0.0
2024-02-21 06:00:00,7.6,79.9,9.2,75.3,421.0,0,0,0.0,26.0,0,0,0.0
2024-02-21 07:00:00,9.2,72.3,9.2,75.0,420.0,0,0,0.0,26.0,0,0,0.0
2024-02-21 08:00:00,11.0,76.7,9.4,75.1,5000.0,47,1,0.783,26.0,0,0,0.0
2024-02-21 09:00:00,9.9,72.1,9.5,74.8,5000.0,47,1,0.783,26.0,0,0,0.0
2024-02-21 10:00:00,13.3,69.3,9.9,74.3,5000.0,38,1,0.633,26.0,0,0,0.0
2024-02-21 11:00:00,15.1,75.1,10.4,74.4,5000.0,38,1,0.633,26.0,0,0,0.0
2024-02-21 12:00:00,13.4,62.2,10.7,73.1,2710.0,0,0,0.0,26.0,0,0,0.0
2024-02-21 13:00:00,15.8,67.2,11.3,72.6,1565.0,0,0,0.0,26.0,0,0,0.0
2024-02-21 14:00:00,15.5,68.6,11.7,72.2,5000.0,40,1,0.667,26.0,0,0,0.0
2024-02-21 15:00:00,14.0,66.1,12.0,71.6,5000.0,40,1,0.667,26.0,0,0,0.0
2024-02-21 16:00:00,14.9,69.4,12.3,71.3,5000.0,46,1,0.767,26.0,0,0,0.0
2024-02-21 17:00:00,18.3,62.8,12.9,70.5,5000.0,46,1,0.767,26.0,0,0,0.0
2024-02-21 18:00:00,13.7,68.9,13.0,70.3,2710.0,0,0,0.0,26.0,0,0,0.0
2024-02-21 19:00:00,12.9,67.9,13.0,70.1,1565.0,0,0,0.0,26.0,0,0,0.0
2024-02-21 20:00:00,12.3,64.2,12.9,69.5,992.0,0,0,0.0,26.0,0,0,0.0
2024-02-21 21:00:00,11.0,69.9,12.7,69.5,706.0,0,0,0.0,26.0,0,0,0.0
2024-02-21 22:00:00,9.0,78.4,12.4,70.4,563.0,0,0,0.0,26.0,0,0,0.0
2024-02-21 23:00:00,6.6,78.4,11.8,71.2,492.0,0,0,0.0,26.0,0,0,0.0
2024-02-22 00:00:00,7.0,76.8,11.3,71.8,456.0,0,0,0.0,26.0,0,0,0.0
2024-02-22 01:00:00,7.9,79.9,10.9,72.6,438.0,0,0,0.0,26.0,0,0,0.0
2024-02-22 02:00:00,7.0,82.6,10.5,73.6,429.0,0,0,0.0,26.0,0,0,0.0
2024-02-22 03:00:00,5.5,78.2,10.0,74.1,424.0,0,0,0.0,26.0,0,0,0.0
2024-02-22 04:00:00,4.5,77.3,9.5,74.4,422.0,0,0,0.0,26.0,0,0,0.0
2024-02-22 05:00:00,11.1,82.7,9.6,75.2,421.0,0,0,0.0,26.0,0,0,0.0
2024-02-22 06:00:00,5.4,73.7,9.2,75.1,421.0,0,0,0.0,26.0,0,0,0.0
2024-02-22 07:00:00,9.2,77.6,9.2,75.3,420.0,0,0,0.0,26.0,0,0,0.0
2024-02-22 08:00:00,10.5,73.3,9.4,75.1,2753.0,21,1,0.35,26.0,0,0,0.0
2024-02-22 09:00:00,10.8,73.0,9.5,74.9,3920.0,21,1,0.35,26.0,0,0,0.0
2024-02-22 10:00:00,12.4,63.3,9.8,73.7,5000.0,52,1,0.867,26.0,0,0,0.0
2024-02-22 11:00:00,13.2,65.4,10.2,72.9,5000.0,52,1,0.867,26.0,0,0,0.0
2024-02-22 12:00:00,14.8,75.3,10.7,73.1,2710.0,0,0,0.0,26.0,0,0,0.0
2024-02-22 13:00:00,15.9,64.1,11.2,72.2,1565.0,0,0,0.0,26.0,0,0,0.0
2024-02-22 14:00:00,17.2,65.7,11.9,71.6,5000.0,42,1,0.7,26.0,0,0,0.0
2024-02-22 15:00:00,16.6,65.8,12.4,71.0,5000.0,42,1,0.7,26.0,0,0,0.0
2024-02-22 16:00:00,18.9,60.9,13.0,70.0,5000.0,24,1,0.4,26.0,0,0,0.0
2024-02-22 17:00:00,16.0,62.3,13.4,69.2,5000.0,24,1,0.4,26.0,0,0,0.0
2024-02-22 18:00:00,15.4,63.6,13.6,68.7,2710.0,0,0,0.0,26.0,0,0,0.0
2024-02-22 19:00:00,12.9,67.1,13.5,68.5,1565.0,0,0,0.0,26.0,0,0,0.0
2024-02-22 20:00:00,13.8,72.7,13.5,68.9,992.0,0,0,0.0,26.0,0,0,0.0
2024-02-22 21:00:00,9.1,72.2,13.1,69.3,706.0,0,0,0.0,26.0,0,0,0.0
2024-02-22 22:00:00,8.6,70.3,12.6,69.4,563.0,0,0,0.0,26.0,0,0,0.0
2024-02-22 23:00:00,8.2,75.1,12.2,69.9,492.0,0,0,0.0,26.0,0,0,0.0
2024-02-23 00:00:00,11.1,79.0,12.1,70.8,456.0,0,0,0.0,26.0,0,0,0.0
2024-02-23 01:00:00,4.6,77.2,11.3,71.5,438.0,0,0,0.0,26.0,0,0,0.0
2024-02-23 02:00:00,7.7,86.0,10.9,72.9,429.0,0,0,0.0,26.0,0,0,0.0
2024-02-23 03:00:00,3.6,74.4,10.2,73.1,424.0,0,0,0.0,26.0,0,0,0.0
2024-02-23 04:00:00,9.0,80.9,10.1,73.9,422.0,0,0,0.0,26.0,0,0,0.0
2024-02-23 05:00:00,5.4,80.5,9.6,74.5,421.0,0,0,0.0,26.0,0,0,0.0
2024-02-23 06:00:00,3.5,77.7,9.0,74.8,421.0,0,0,0.0,26.0,0,0,0.0
2024-02-23 07:00:00,9.0,78.8,9.0,75.2,420.0,0,0,0.0,26.0,0,0,0.0
2024-02-23 08:00:00,8.2,74.3,8.9,75.1,4753.0,39,1,0.65,26.0,0,0,0.0
2024-02-23 09:00:00,9.6,72.8,9.0,74.9,5000.0,39,1,0.65,26.0,0,0,0.0
2024-02-23 10:00:00,11.0,68.7,9.2,74.3,5000.0,26,1,0.433,26.0,0,0,0.0
2024-02-23 11:00:00,12.0,70.0,9.5,73.9,5000.0,26,1,0.433,26.0,0,0,0.0
2024-02-23 12:00:00,15.8,65.6,10.2,73.0,2710.0,0,0,0.0,26.0,0,0,0.0
2024-02-23 13:00:00,15.4,60.7,10.7,71.8,1565.0,0,0,0.0,26.0,0,0,0.0
2024-02-23 14:00:00,15.4,64.1,11.2,71.0,4993.0,36,1,0.6,26.0,0,0,0.0
2024-02-23 15:00:00,19.9,60.7,12.1,70.0,5000.0,36,1,0.6,26.0,0,0,0.0
2024-02-23 16:00:00,18.0,67.3,12.8,69.7,5000.0,59,1,0.983,26.0,0,0,0.0
2024-02-23 17:00:00,15.8,70.3,13.1,69.8,5000.0,59,1,0.983,26.0,0,0,0.0
2024-02-23 18:00:00,15.1,67.5,13.3,69.6,2710.0,0,0,0.0,26.0,0,0,0.0
2024-02-23 19:00:00,13.4,71.7,13.3,69.8,1565.0,0,0,0.0,26.0,0,0,0.0
2024-02-23 20:00:00,13.9,68.1,13.4,69.6,992.0,0,0,0.0,26.0,0,0,0.0
2024-02-23 21:00:00,9.0,71.4,12.9,69.8,706.0,0,0,0.0,26.0,0,0,0.0
2024-02-23 22:00:00,8.5,73.9,12.5,70.2,563.0,0,0,0.0,26.0,0,0,0.0
2024-02-23 23:00:00,10.4,74.6,12.3,70.6,492.0,0,0,0.0,26.0,0,0,0.0
2024-02-24 00:00:00,7.4,77.8,11.8,71.4,456.0,0,0,0.0,26.0,0,0,0.0
2024-02-24 01:00:00,7.9,72.2,11.4,71.4,438.0,0,0,0.0,26.0,0,0,0.0
2024-02-24 02:00:00,5.3,80.4,10.8,72.3,429.0,0,0,0.0,26.0,0,0,0.0
2024-02-24 03:00:00,7.8,78.5,10.5,72.9,424.0,0,0,0.0,26.0,0,0,0.0
2024-02-24 04:00:00,3.4,81.6,9.7,73.8,422.0,0,0,0.0,26.0,0,0,0.0
2024-02-24 05:00:00,5.7,75.4,9.3,74.0,421.0,0,0,0.0,26.0,0,0,0.0
2024-02-24 06:00:00,6.5,77.1,9.1,74.3,421.0,0,0,0.0,26.0,0,0,0.0
2024-02-24 07:00:00,7.6,69.4,8.9,73.8,420.0,0,0,0.0,26.0,0,0,0.0
2024-02-24 08:00:00,11.1,77.9,9.1,74.2,420.0,0,0,0.0,26.0,0,0,0.0
2024-02-24 09:00:00,12.0,68.6,9.4,73.6,420.0,0,0,0.0,26.0,0,0,0.0
2024-02-24 10:00:00,12.0,69.9,9.7,73.3,420.0,0,0,0.0,26.0,0,0,0.0
2024-02-24 11:00:00,14.4,70.0,10.2,72.9,420.0,0,0,0.0,26.0,0,0,0.0
2024-02-24 12:00:00,13.4,66.6,10.5,72.3,420.0,0,0,0.0,26.0,0,0,0.0
2024-02-24 13:00:00,16.0,69.4,11.1,72.0,420.0,0,0,0.0,26.0,0,0,0.0
2024-02-24 14:00:00,16.9,66.6,11.7,71.5,420.0,0,0,0.0,26.0,0,0,0.0
2024-02-24 15:00:00,16.1,68.2,12.1,71.1,420.0,0,0,0.0,26.0,0,0,0.0
2024-02-24 16:00:00,16.4,61.7,12.5,70.2,420.0,0,0,0.0,26.0,0,0,0.0
2024-02-24 17:00:00,17.4,67.2,13.0,69.9,420.0,0,0,0.0,26.0,0,0,0.0
2024-02-24 18:00:00,13.9,64.9,13.1,69.4,420.0,0,0,0.0,26.0,0,0,0.0
2024-02-24 19:00:00,13.9,69.4,13.2,69.4,420.0,0,0,0.0,26.0,0,0,0.0
2024-02-24 20:00:00,12.6,70.9,13.1,69.6,420.0,0,0,0.0,26.0,0,0,0.0
2024-02-24 21:00:00,13.5,75.2,13.2,70.1,420.0,0,0,0.0,26.0,0,0,0.0
2024-02-24 22:00:00,10.0,76.9,12.9,70.8,420.0,0,0,0.0,26.0,0,0,0.0
2024-02-24 23:00:00,7.0,77.2,12.3,71.4,420.0,0,0,0.0,26.0,0,0,0.0
2024-02-25 00:00:00,10.2,77.0,12.1,72.0,420.0,0,0,0.0,26.0,0,0,0.0
2024-02-25 01:00:00,5.4,77.0,11.4,72.5,420.0,0,0,0.0,26.0,0,0,0.0
2024-02-25 02:00:00,4.5,77.4,10.7,73.0,420.0,0,0,0.0,26.0,0,0,0.0
2024-02-25 03:00:00,5.4,75.8,10.1,73.3,420.0,0,0,0.0,26.0,0,0,0.0
2024-02-25 04:00:00,6.2,82.4,9.7,74.2,420.0,0,0,0.0,26.0,0,0,0.0
2024-02-25 05:00:00,5.3,83.5,9.3,75.1,420.0,0,0,0.0,26.0,0,0,0.0
2024-02-25 06:00:00,8.2,80.7,9.2,75.7,420.0,0,0,0.0,26.0,0,0,0.0
2024-02-25 07:00:00,7.5,78.6,9.0,76.0,420.0,0,0,0.0,26.0,0,0,0.0
2024-02-25 08:00:00,8.1,76.7,8.9,76.0,420.0,0,0,0.0,26.0,0,0,0.0
2024-02-25 09:00:00,11.3,73.7,9.2,75.8,420.0,0,0,0.0,26.0,0,0,0.0
2024-02-25 10:00:00,10.5,67.2,9.3,74.9,420.0,0,0,0.0,26.0,0,0,0.0
2024-02-25 11:00:00,14.4,65.2,9.8,74.0,420.0,0,0,0.0,26.0,0,0,0.0
2024-02-25 12:00:00,15.2,62.2,10.4,72.8,420.0,0,0,0.0,26.0,0,0,0.0
2024-02-25 13:00:00,16.6,61.4,11.0,71.7,420.0,0,0,0.0,26.0,0,0,0.0
2024-02-25 14:00:00,16.7,66.1,11.6,71.1,420.0,0,0,0.0,26.0,0,0,0.0
2024-02-25 15:00:00,15.0,65.7,11.9,70.6,420.0,0,0,0.0,26.0,0,0,0.0
2024-02-25 16:00:00,16.2,62.7,12.4,69.8,420.0,0,0,0.0,26.0,0,0,0.0
2024-02-25 17:00:00,13.8,59.2,12.5,68.7,420.0,0,0,0.0,26.0,0,0,0.0
2024-02-25 18:00:00,15.1,61.6,12.8,68.0,420.0,0,0,0.0,26.0,0,0,0.0
2024-02-25 19:00:00,13.6,67.2,12.9,67.9,420.0,0,0,0.0,26.0,0,0,0.0
2024-02-25 20:00:00,13.3,69.0,12.9,68.0,420.0,0,0,0.0,26.0,0,0,0.0
2024-02-25 21:00:00,10.5,74.2,12.7,68.6,420.0,0,0,0.0,26.0,0,0,0.0
2024-02-25 22:00:00,10.2,75.0,12.4,69.3,420.0,0,0,0.0,26.0,0,0,0.0
2024-02-25 23:00:00,9.2,71.4,12.1,69.5,420.0,0,0,0.0,26.0,0,0,0.0
2024-02-26 00:00:00,8.6,79.5,11.7,70.5,420.0,0,0,0.0,26.0,0,0,0.0
2024-02-26 01:00:00,5.1,78.2,11.1,71.3,420.0,0,0,0.0,26.0,0,0,0.0
2024-02-26 02:00:00,6.1,79.3,10.6,72.1,420.0,0,0,0.0,26.0,0,0,0.0
2024-02-26 03:00:00,6.5,84.3,10.1,73.3,420.0,0,0,0.0,26.0,0,0,0.0
2024-02-26 04:00:00,7.8,75.8,9.9,73.5,420.0,0,0,0.0,26.0,0,0,0.0
2024-02-26 05:00:00,7.6,82.9,9.7,74.5,420.0,0,0,0.0,26.0,0,0,0.0
2024-02-26 06:00:00,8.0,80.9,9.5,75.1,420.0,0,0,0.0,26.0,0,0,0.0
2024-02-26 07:00:00,11.5,79.1,9.7,75.5,420.0,0,0,0.0,26.0,0,0,0.0
2024-02-26 08:00:00,10.1,77.2,9.8,75.7,4976.0,41,1,0.683,26.0,0,0,0.0
2024-02-26 09:00:00,11.2,72.1,9.9,75.3,5000.0,41,1,0.683,26.0,0,0,0.0
2024-02-26 10:00:00,11.8,74.6,10.2,75.3,5000.0,53,1,0.883,26.0,0,0,0.0
2024-02-26 11:00:00,12.3,72.6,10.4,75.0,5000.0,53,1,0.883,26.0,0,0,0.0
2024-02-26 12:00:00,15.3,62.1,10.9,73.7,2710.0,0,0,0.0,26.0,0,0,0.0
2024-02-26 13:00:00,15.9,58.8,11.4,72.2,1565.0,0,0,0.0,26.0,0,0,0.0
2024-02-26 14:00:00,16.8,66.9,12.0,71.7,5000.0,51,1,0.85,26.0,0,0,0.0
2024-02-26 15:00:00,15.1,64.4,12.3,71.0,5000.0,51,1,0.85,26.0,0,0,0.0
2024-02-26 16:00:00,18.8,62.8,13.0,70.1,5000.0,52,1,0.867,26.0,0,0,0.0
2024-02-26 17:00:00,13.7,69.5,13.1,70.1,5000.0,52,1,0.867,26.0,0,0,0.0
2024-02-26 18:00:00,17.5,66.4,13.6,69.7,2710.0,0,0,0.0,26.0,0,0,0.0
2024-02-26 19:00:00,15.0,72.0,13.7,69.9,1565.0,0,0,0.0,26.0,0,0,0.0
2024-02-26 20:00:00,11.2,68.5,13.5,69.8,992.0,0,0,0.0,26.0,0,0,0.0
2024-02-26 21:00:00,12.8,77.1,13.4,70.5,706.0,0,0,0.0,26.0,0,0,0.0
2024-02-26 22:00:00,10.6,71.4,13.1,70.6,563.0,0,0,0.0,26.0,0,0,0.0
2024-02-26 23:00:00,11.5,74.4,13.0,71.0,492.0,0,0,0.0,26.0,0,0,0.0
2024-02-27 00:00:00,7.0,78.7,12.4,71.8,456.0,0,0,0.0,26.0,0,0,0.0
2024-02-27 01:00:00,9.0,81.5,12.0,72.7,438.0,0,0,0.0,26.0,0,0,0.0
2024-02-27 02:00:00,6.8,81.1,11.5,73.6,429.0,0,0,0.0,26.0,0,0,0.0
2024-02-27 03:00:00,6.1,81.7,10.9,74.4,424.0,0,0,0.0,26.0,0,0,0.0
2024-02-27 04:00:00,2.4,78.8,10.1,74.8,422.0,0,0,0.0,26.0,0,0,0.0
2024-02-27 05:00:00,7.0,75.5,9.8,74.9,421.0,0,0,0.0,26.0,0,0,0.0
2024-02-27 06:00:00,8.0,77.0,9.6,75.1,421.0,0,0,0.0,26.0,0,0,0.0
2024-02-27 07:00:00,11.1,80.7,9.7,75.7,420.0,0,0,0.0,26.0,0,0,0.0
2024-02-27 08:00:00,9.0,73.6,9.7,75.5,5000.0,52,1,0.867,26.0,0,0,0.0
2024-02-27 09:00:00,10.9,70.6,9.8,75.0,5000.0,52,1,0.867,26.0,0,0,0.0
2024-02-27 10:00:00,12.6,67.7,10.2,74.2,5000.0,49,1,0.817,26.0,0,0,0.0
2024-02-27 11:00:00,11.8,69.9,10.4,73.8,5000.0,49,1,0.817,26.0,0,0,0.0
2024-02-27 12:00:00,15.5,63.9,10.9,72.8,2710.0,0,0,0.0,26.0,0,0,0.0
2024-02-27 13:00:00,16.7,63.2,11.5,71.9,1565.0,0,0,0.0,26.0,0,0,0.0
2024-02-27 14:00:00,16.2,66.7,12.0,71.3,5000.0,45,1,0.75,26.0,0,0,0.0
2024-02-27 15:00:00,15.9,65.4,12.4,70.7,5000.0,45,1,0.75,26.0,0,0,0.0
2024-02-27 16:00:00,15.1,63.7,12.7,70.0,5000.0,53,1,0.883,26.0,0,0,0.0
2024-02-27 17:00:00,15.0,62.8,13.0,69.3,5000.0,53,1,0.883,26.0,0,0,0.0
2024-02-27 18:00:00,14.3,61.7,13.1,68.6,2710.0,0,0,0.0,26.0,0,0,0.0
2024-02-27 19:00:00,12.8,67.1,13.1,68.4,1565.0,0,0,0.0,26.0,0,0,0.0
2024-02-27 20:00:00,11.9,69.2,13.0,68.5,992.0,0,0,0.0,26.0,0,0,0.0
2024-02-27 21:00:00,10.9,73.4,12.8,69.0,706.0,0,0,0.0,26.0,0,0,0.0
2024-02-27 22:00:00,11.0,72.1,12.6,69.3,563.0,0,0,0.0,26.0,0,0,0.0
2024-02-27 23:00:00,6.7,72.9,12.0,69.7,492.0,0,0,0.0,26.0,0,0,0.0
2024-02-28 00:00:00,6.7,76.6,11.4,70.3,456.0,0,0,0.0,26.0,0,0,0.0
2024-02-28 01:00:00,5.5,75.0,10.8,70.8,438.0,0,0,0.0,26.0,0,0,0.0
2024-02-28 02:00:00,5.5,80.3,10.3,71.8,429.0,0,0,0.0,26.0,0,0,0.0
2024-02-28 03:00:00,6.9,78.3,10.0,72.4,424.0,0,0,0.0,26.0,0,0,0.0
2024-02-28 04:00:00,5.6,76.9,9.5,72.9,422.0,0,0,0.0,26.0,0,0,0.0
2024-02-28 05:00:00,6.6,76.4,9.2,73.2,421.0,0,0,0.0,26.0,0,0,0.0
2024-02-28 06:00:00,8.3,72.3,9.1,73.1,421.0,0,0,0.0,26.0,0,0,0.0
2024-02-28 07:00:00,8.0,76.9,9.0,73.5,420.0,0,0,0.0,26.0,0,0,0.0
2024-02-28 08:00:00,10.0,82.1,9.1,74.4,5000.0,52,1,0.867,26.0,0,0,0.0
2024-02-28 09:00:00,11.5,69.0,9.4,73.8,5000.0,52,1,0.867,26.0,0,0,0.0
2024-02-28 10:00:00,12.2,64.6,9.7,72.9,5000.0,47,1,0.783,26.0,0,0,0.0
2024-02-28 11:00:00,13.4,65.5,10.1,72.2,5000.0,47,1,0.783,26.0,0,0,0.0
2024-02-28 12:00:00,15.9,64.7,10.7,71.4,2710.0,0,0,0.0,26.0,0,0,0.0
2024-02-28 13:00:00,15.2,63.2,11.2,70.6,1565.0,0,0,0.0,26.0,0,0,0.0
2024-02-28 14:00:00,18.4,63.3,11.9,69.9,3881.0,26,1,0.433,26.0,0,0,0.0
2024-02-28 15:00:00,18.7,66.4,12.6,69.5,5000.0,26,1,0.433,26.0,0,0,0.0
2024-02-28 16:00:00,16.6,65.4,13.1,69.1,5000.0,32,1,0.533,26.0,0,0,0.0
2024-02-28 17:00:00,15.9,59.3,13.4,68.1,5000.0,32,1,0.533,26.0,0,0,0.0
2024-02-28 18:00:00,14.1,68.9,13.4,68.2,2710.0,0,0,0.0,26.0,0,0,0.0
2024-02-28 19:00:00,13.4,63.8,13.4,67.8,1565.0,0,0,0.0,26.0,0,0,0.0
2024-02-28 20:00:00,12.2,75.0,13.3,68.5,992.0,0,0,0.0,26.0,0,0,0.0
2024-02-28 21:00:00,12.9,71.8,13.3,68.8,706.0,0,0,0.0,26.0,0,0,0.0
2024-02-28 22:00:00,11.1,73.0,13.1,69.2,563.0,0,0,0.0,26.0,0,0,0.0
2024-02-28 23:00:00,5.9,73.2,12.3,69.6,492.0,0,0,0.0,26.0,0,0,0.0
2024-02-29 00:00:00,9.8,76.8,12.1,70.3,456.0,0,0,0.0,26.0,0,0,0.0
2024-02-29 01:00:00,6.3,78.0,11.5,71.1,438.0,0,0,0.0,26.0,0,0,0.0
2024-02-29 02:00:00,9.0,84.6,11.2,72.5,429.0,0,0,0.0,26.0,0,0,0.0
2024-02-29 03:00:00,9.3,79.5,11.0,73.2,424.0,0,0,0.0,26.0,0,0,0.0
2024-02-29 04:00:00,6.6,75.2,10.6,73.4,422.0,0,0,0.0,26.0,0,0,0.0
2024-02-29 05:00:00,8.9,75.4,10.4,73.6,421.0,0,0,0.0,26.0,0,0,0.0
2024-02-29 06:00:00,7.8,74.4,10.2,73.7,421.0,0,0,0.0,26.0,0,0,0.0
2024-02-29 07:00:00,7.6,73.5,9.9,73.6,420.0,0,0,0.0,26.0,0,0,0.0
2024-02-29 08:00:00,8.8,72.5,9.8,73.5,3087.0,24,1,0.4,26.0,0,0,0.0
2024-02-29 09:00:00,10.2,74.5,9.9,73.6,4420.0,24,1,0.4,26.0,0,0,0.0
2024-02-29 10:00:00,10.6,70.6,10.0,73.3,5000.0,56,1,0.933,26.0,0,0,0.0
2024-02-29 11:00:00,15.3,66.5,10.5,72.6,5000.0,56,1,0.933,26.0,0,0,0.0
2024-02-29 12:00:00,13.5,65.7,10.8,71.9,2710.0,0,0,0.0,26.0,0,0,0.0
2024-02-29 13:00:00,17.1,65.7,11.5,71.3,1565.0,0,0,0.0,26.0,0,0,0.0
2024-02-29 14:00:00,15.0,65.7,11.9,70.8,4215.0,29,1,0.483,26.0,0,0,0.0
2024-02-29 15:00:00,14.3,66.0,12.1,70.3,5000.0,29,1,0.483,26.0,0,0,0.0
2024-02-29 16:00:00,16.4,63.3,12.6,69.6,5000.0,51,1,0.85,26.0,0,0,0.0
2024-02-29 17:00:00,14.1,62.4,12.8,68.9,5000.0,51,1,0.85,26.0,0,0,0.0
2024-02-29 18:00:00,15.3,70.0,13.0,69.0,2710.0,0,0,0.0,26.0,0,0,0.0
2024-02-29 19:00:00,12.5,69.4,13.0,69.0,1565.0,0,0,0.0,26.0,0,0,0.0
2024-02-29 20:00:00,9.2,68.2,12.6,68.9,992.0,0,0,0.0,26.0,0,0,0.0
2024-02-29 21:00:00,11.0,69.3,12.4,69.0,706.0,0,0,0.0,26.0,0,0,0.0
2024-02-29 22:00:00,8.3,72.1,12.0,69.3,563.0,0,0,0.0,26.0,0,0,0.0
2024-02-29 23:00:00,8.9,75.4,11.7,69.9,492.0,0,0,0.0,26.0,0,0,0.0
2024-03-01 00:00:00,8.1,74.3,11.3,70.3,456.0,0,0,0.0,26.0,0,0,0.0
2024-03-01 01:00:00,9.8,83.3,11.2,71.6,438.0,0,0,0.0,26.0,0,0,0.0
2024-03-01 02:00:00,6.0,81.2,10.7,72.6,429.0,0,0,0.0,26.0,0,0,0.0
2024-03-01 03:00:00,9.2,87.2,10.5,74.1,424.0,0,0,0.0,26.0,0,0,0.0
2024-03-01 04:00:00,9.6,83.9,10.4,75.0,422.0,0,0,0.0,26.0,0,0,0.0
2024-03-01 05:00:00,10.9,75.5,10.5,75.1,421.0,0,0,0.0,26.0,0,0,0.0
2024-03-01 06:00:00,12.6,81.3,10.7,75.7,421.0,0,0,0.0,26.0,0,0,0.0
2024-03-01 07:00:00,13.3,90.8,11.0,77.2,420.0,0,0,0.0,26.0,0,0,0.0
2024-03-01 08:00:00,10.6,82.2,10.9,77.7,4865.0,40,1,0.667,26.0,0,0,0.0
2024-03-01 09:00:00,14.6,75.9,11.3,77.5,5000.0,40,1,0.667,26.0,0,0,0.0
2024-03-01 10:00:00,16.2,71.7,11.9,76.9,5000.0,34,1,0.567,26.0,0,0,0.0
2024-03-01 11:00:00,16.6,72.0,12.4,76.5,5000.0,34,1,0.567,26.0,0,0,0.0
2024-03-01 12:00:00,16.3,71.6,12.8,76.0,2710.0,0,0,0.0,26.0,0,0,0.0
2024-03-01 13:00:00,18.7,64.7,13.4,74.8,1565.0,0,0,0.0,26.0,0,0,0.0
2024-03-01 14:00:00,19.2,71.0,14.0,74.5,3770.0,25,1,0.417,26.0,0,0,0.0
2024-03-01 15:00:00,19.2,68.1,14.5,73.8,4873.0,25,1,0.417,26.0,0,0,0.0
2024-03-01 16:00:00,18.7,69.5,15.0,73.4,5000.0,54,1,0.9,26.0,0,0,0.0
2024-03-01 17:00:00,20.4,73.6,24.5,71.9,5000.0,54,1,0.9,26.0,1,0,0.267
2024-03-01 18:00:00,18.3,71.3,23.9,71.8,2710.0,0,0,0.0,26.0,0,0,0.0
2024-03-01 19:00:00,17.6,74.9,23.2,72.1,1565.0,0,0,0.0,26.0,0,0,0.0
2024-03-01 20:00:00,15.2,75.2,22.4,72.4,992.0,0,0,0.0,26.0,0,0,0.0
2024-03-01 21:00:00,14.7,74.8,21.6,72.7,706.0,0,0,0.0,26.0,0,0,0.0
2024-03-01 22:00:00,13.8,77.8,20.8,73.2,563.0,0,0,0.0,26.0,0,0,0.0
2024-03-01 23:00:00,12.3,79.6,20.0,73.8,492.0,0,0,0.0,26.0,0,0,0.0
2024-03-02 00:00:00,13.8,83.6,19.3,74.8,456.0,0,0,0.0,26.0,0,0,0.0
2024-03-02 01:00:00,12.0,80.6,18.6,75.4,438.0,0,0,0.0,26.0,0,0,0.0
2024-03-02 02:00:00,8.8,85.6,17.6,76.4,429.0,0,0,0.0,26.0,0,0,0.0
2024-03-02 03:00:00,11.3,87.4,17.0,77.5,424.0,0,0,0.0,26.0,0,0,0.0
2024-03-02 04:00:00,9.3,82.0,16.2,78.0,422.0,0,0,0.0,26.0,0,0,0.0
2024-03-02 05:00:00,8.2,80.8,15.4,78.2,421.0,0,0,0.0,26.0,0,0,0.0
2024-03-02 06:00:00,13.0,79.3,15.1,78.3,421.0,0,0,0.0,26.0,0,0,0.0
2024-03-02 07:00:00,13.5,78.4,15.0,78.4,420.0,0,0,0.0,26.0,0,0,0.0
2024-03-02 08:00:00,14.2,73.6,14.9,77.9,420.0,0,0,0.0,26.0,0,0,0.0
2024-03-02 09:00:00,15.1,66.0,14.9,76.7,420.0,0,0,0.0,26.0,0,0,0.0
2024-03-02 10:00:00,16.0,68.0,15.0,75.8,420.0,0,0,0.0,26.0,0,0,0.0
2024-03-02 11:00:00,19.3,73.3,15.5,75.6,420.0,0,0,0.0,26.0,0,0,0.0
2024-03-02 12:00:00,19.2,73.9,15.8,75.4,420.0,0,0,0.0,26.0,0,0,0.0
2024-03-02 13:00:00,17.9,73.3,16.1,75.2,420.0,0,0,0.0,26.0,0,0,0.0
2024-03-02 14:00:00,21.2,66.6,24.5,73.4,420.0,0,0,0.0,26.0,1,0,0.261
2024-03-02 15:00:00,21.7,63.7,25.1,71.6,420.0,0,0,0.0,26.0,1,0,0.349
2024-03-02 16:00:00,18.6,65.4,24.4,71.0,420.0,0,0,0.0,26.0,0,0,0.0
2024-03-02 17:00:00,18.5,64.9,23.8,70.4,420.0,0,0,0.0,26.0,0,0,0.0
2024-03-02 18:00:00,20.4,68.6,24.7,68.9,420.0,0,0,0.0,26.0,1,0,0.287
2024-03-02 19:00:00,18.0,69.3,24.0,68.9,420.0,0,0,0.0,26.0,0,0,0.0
2024-03-02 20:00:00,13.6,73.7,23.0,69.4,420.0,0,0,0.0,26.0,0,0,0.0
2024-03-02 21:00:00,12.1,74.8,21.9,69.9,420.0,0,0,0.0,26.0,0,0,0.0
2024-03-02 22:00:00,11.7,83.0,20.8,71.2,420.0,0,0,0.0,26.0,0,0,0.0
2024-03-02 23:00:00,13.9,79.3,20.1,72.0,420.0,0,0,0.0,26.0,0,0,0.0
2024-03-03 00:00:00,13.4,78.1,19.4,72.6,420.0,0,0,0.0,26.0,0,0,0.0
2024-03-03 01:00:00,11.5,82.5,18.6,73.6,420.0,0,0,0.0,26.0,0,0,0.0
2024-03-03 02:00:00,10.6,86.5,17.8,74.9,420.0,0,0,0.0,26.0,0,0,0.0
2024-03-03 03:00:00,11.1,83.9,17.1,75.8,420.0,0,0,0.0,26.0,0,0,0.0
2024-03-03 04:00:00,7.7,79.8,16.2,76.2,420.0,0,0,0.0,26.0,0,0,0.0
2024-03-03 05:00:00,10.5,82.2,15.6,76.8,420.0,0,0,0.0,26.0,0,0,0.0
2024-03-03 06:00:00,9.8,87.9,15.0,77.9,420.0,0,0,0.0,26.0,0,0,0.0
2024-03-03 07:00:00,14.8,80.8,15.0,78.2,420.0,0,0,0.0,26.0,0,0,0.0
2024-03-03 08:00:00,13.8,76.4,14.9,78.0,420.0,0,0,0.0,26.0,0,0,0.0
2024-03-03 09:00:00,13.6,75.2,14.7,77.7,420.0,0,0,0.0,26.0,0,0,0.0
2024-03-03 10:00:00,16.7,69.2,14.9,76.9,420.0,0,0,0.0,26.0,0,0,0.0
2024-03-03 11:00:00,18.0,70.5,15.3,76.3,420.0,0,0,0.0,26.0,0,0,0.0
2024-03-03 12:00:00,15.7,66.8,15.3,75.3,420.0,0,0,0.0,26.0,0,0,0.0
2024-03-03 13:00:00,18.7,73.7,15.6,75.1,420.0,0,0,0.0,26.0,0,0,0.0
2024-03-03 14:00:00,20.7,63.3,24.5,73.3,420.0,0,0,0.0,26.0,1,0,0.296
2024-03-03 15:00:00,20.7,62.4,25.1,71.5,420.0,0,0,0.0,26.0,1,0,0.273
2024-03-03 16:00:00,21.5,65.9,25.5,69.8,420.0,0,0,0.0,26.0,1,0,0.323
2024-03-03 17:00:00,19.2,72.0,24.8,70.0,420.0,0,0,0.0,26.0,0,0,0.0
2024-03-03 18:00:00,16.6,65.2,24.0,69.5,420.0,0,0,0.0,26.0,0,0,0.0
2024-03-03 19:00:00,16.6,74.1,23.2,70.0,420.0,0,0,0.0,26.0,0,0,0.0
2024-03-03 20:00:00,14.0,64.4,22.3,69.4,420.0,0,0,0.0,26.0,0,0,0.0
2024-03-03 21:00:00,14.3,76.7,21.5,70.2,420.0,0,0,0.0,26.0,0,0,0.0
2024-03-03 22:00:00,15.5,75.7,20.9,70.7,420.0,0,0,0.0,26.0,0,0,0.0
2024-03-03 23:00:00,11.9,82.5,20.0,71.9,420.0,0,0,0.0,26.0,0,0,0.0
2024-03-04 00:00:00,8.7,79.5,18.8,72.7,420.0,0,0,0.0,26.0,0,0,0.0
2024-03-04 01:00:00,11.0,83.3,18.0,73.7,420.0,0,0,0.0,26.0,0,0,0.0
2024-03-04 02:00:00,9.4,82.8,17.2,74.6,420.0,0,0,0.0,26.0,0,0,0.0
2024-03-04 03:00:00,6.3,81.0,16.1,75.3,420.0,0,0,0.0,26.0,0,0,0.0
2024-03-04 04:00:00,10.9,79.8,15.5,75.7,420.0,0,0,0.0,26.0,0,0,0.0
2024-03-04 05:00:00,10.8,83.3,15.1,76.5,420.0,0,0,0.0,26.0,0,0,0.0
2024-03-04 06:00:00,11.0,81.2,14.6,76.9,420.0,0,0,0.0,26.0,0,0,0.0
2024-03-04 07:00:00,11.1,78.4,14.3,77.1,420.0,0,0,0.0,26.0,0,0,0.0
2024-03-04 08:00:00,14.6,77.5,14.3,77.1,5000.0,48,1,0.8,26.0,0,0,0.0
2024-03-04 09:00:00,14.1,75.7,14.3,77.0,5000.0,48,1,0.8,26.0,0,0,0.0
2024-03-04 10:00:00,17.4,66.8,14.7,76.0,5000.0,51,1,0.85,26.0,0,0,0.0
2024-03-04 11:00:00,19.2,70.0,15.2,75.4,5000.0,51,1,0.85,26.0,0,0,0.0
2024-03-04 12:00:00,19.2,72.9,15.6,75.1,2710.0,0,0,0.0,26.0,0,0,0.0
2024-03-04 13:00:00,17.3,65.9,15.8,74.2,1565.0,0,0,0.0,26.0,0,0,0.0
2024-03-04 14:00:00,19.4,64.9,16.2,73.3,3992.0,27,1,0.45,26.0,0,0,0.0
2024-03-04 15:00:00,22.6,64.4,24.5,71.5,2706.0,27,1,0.45,26.0,1,0,0.281
2024-03-04 16:00:00,19.0,67.9,24.0,71.1,4007.0,22,1,0.367,26.0,0,0,0.0
2024-03-04 17:00:00,17.5,66.9,23.3,70.7,4658.0,22,1,0.367,26.0,0,0,0.0
2024-03-04 18:00:00,19.0,68.3,22.9,70.5,2539.0,0,0,0.0,26.0,0,0,0.0
2024-03-04 19:00:00,17.4,69.4,22.3,70.4,1480.0,0,0,0.0,26.0,0,0,0.0
2024-03-04 20:00:00,14.0,73.9,21.5,70.7,950.0,0,0,0.0,26.0,0,0,0.0
2024-03-04 21:00:00,17.6,75.1,21.1,71.2,685.0,0,0,0.0,26.0,0,0,0.0
2024-03-04 22:00:00,14.0,79.1,20.4,72.0,552.0,0,0,0.0,26.0,0,0,0.0
2024-03-04 23:00:00,10.6,84.1,19.4,73.2,486.0,0,0,0.0,26.0,0,0,0.0
2024-03-05 00:00:00,11.8,85.6,18.6,74.4,453.0,0,0,0.0,26.0,0,0,0.0
2024-03-05 01:00:00,9.6,87.4,17.7,75.7,437.0,0,0,0.0,26.0,0,0,0.0
2024-03-05 02:00:00,11.3,84.4,17.0,76.6,428.0,0,0,0.0,26.0,0,0,0.0
2024-03-05 03:00:00,10.4,82.3,16.4,77.2,424.0,0,0,0.0,26.0,0,0,0.0
2024-03-05 04:00:00,12.0,83.1,15.9,77.7,422.0,0,0,0.0,26.0,0,0,0.0
2024-03-05 05:00:00,7.7,78.6,15.1,77.8,421.0,0,0,0.0,26.0,0,0,0.0
2024-03-05 06:00:00,11.2,81.6,14.7,78.2,421.0,0,0,0.0,26.0,0,0,0.0
2024-03-05 07:00:00,12.4,82.7,14.5,78.7,420.0,0,0,0.0,26.0,0,0,0.0
2024-03-05 08:00:00,10.8,77.5,14.1,78.5,5000.0,48,1,0.8,26.0,0,0,0.0
2024-03-05 09:00:00,12.3,77.3,14.0,78.4,5000.0,48,1,0.8,26.0,0,0,0.0
2024-03-05 10:00:00,16.2,74.2,14.2,78.0,5000.0,51,1,0.85,26.0,0,0,0.0
2024-03-05 11:00:00,16.2,74.8,14.5,77.7,5000.0,51,1,0.85,26.0,0,0,0.0
2024-03-05 12:00:00,20.1,71.1,24.5,76.0,420.0,0,0,0.0,26.0,1,0,0.288
2024-03-05 13:00:00,19.1,69.8,24.0,75.4,420.0,0,0,0.0,26.0,0,0,0.0
2024-03-05 14:00:00,18.8,69.8,23.5,74.8,5000.0,60,1,1.0,26.0,0,0,0.0
2024-03-05 15:00:00,22.5,70.2,24.5,73.2,5000.0,60,1,1.0,26.0,1,0,0.307
2024-03-05 16:00:00,18.7,68.4,23.9,72.7,5000.0,54,1,0.9,26.0,0,0,0.0
2024-03-05 17:00:00,17.4,69.8,23.3,72.4,5000.0,54,1,0.9,26.0,0,0,0.0
2024-03-05 18:00:00,19.2,63.7,22.9,71.5,2710.0,0,0,0.0,26.0,0,0,0.0
2024-03-05 19:00:00,15.8,70.2,22.2,71.4,1565.0,0,0,0.0,26.0,0,0,0.0
2024-03-05 20:00:00,15.8,69.3,21.5,71.2,992.0,0,0,0.0,26.0,0,0,0.0
2024-03-05 21:00:00,15.6,75.8,20.9,71.6,706.0,0,0,0.0,26.0,0,0,0.0
2024-03-05 22:00:00,13.4,74.8,20.2,72.0,563.0,0,0,0.0,26.0,0,0,0.0
2024-03-05 23:00:00,14.1,84.0,19.5,73.2,492.0,0,0,0.0,26.0,0,0,0.0
2024-03-06 00:00:00,10.7,78.8,18.7,73.7,456.0,0,0,0.0,26.0,0,0,0.0
2024-03-06 01:00:00,11.4,80.9,17.9,74.4,438.0,0,0,0.0,26.0,0,0,0.0
2024-03-06 02:00:00,10.0,84.9,17.1,75.5,429.0,0,0,0.0,26.0,0,0,0.0
2024-03-06 03:00:00,7.1,87.0,16.1,76.6,424.0,0,0,0.0,26.0,0,0,0.0
2024-03-06 04:00:00,10.3,81.5,15.5,77.1,422.0,0,0,0.0,26.0,0,0,0.0
2024-03-06 05:00:00,10.5,81.8,15.0,77.6,421.0,0,0,0.0,26.0,0,0,0.0
2024-03-06 06:00:00,8.9,85.1,14.4,78.3,421.0,0,0,0.0,26.0,0,0,0.0
2024-03-06 07:00:00,12.6,80.3,14.2,78.5,420.0,0,0,0.0,26.0,0,0,0.0
2024-03-06 08:00:00,15.1,74.0,14.3,78.1,4976.0,41,1,0.683,26.0,0,0,0.0
2024-03-06 09:00:00,15.7,74.2,14.5,77.7,5000.0,41,1,0.683,26.0,0,0,0.0
2024-03-06 10:00:00,17.6,66.5,14.8,76.6,5000.0,48,1,0.8,26.0,0,0,0.0
2024-03-06 11:00:00,17.4,69.2,15.1,75.8,5000.0,48,1,0.8,26.0,0,0,0.0
2024-03-06 12:00:00,19.2,70.8,15.5,75.3,2710.0,0,0,0.0,26.0,0,0,0.0
2024-03-06 13:00:00,18.3,65.9,15.8,74.4,1565.0,0,0,0.0,26.0,0,0,0.0
2024-03-06 14:00:00,19.7,64.6,16.2,73.4,4326.0,30,1,0.5,26.0,0,0,0.0
2024-03-06 15:00:00,21.3,65.9,24.5,71.7,2972.0,30,1,0.5,26.0,1,0,0.274
2024-03-06 16:00:00,15.5,66.1,23.6,71.1,5000.0,57,1,0.95,26.0,0,0,0.0
2024-03-06 17:00:00,17.8,63.2,23.1,70.3,5000.0,57,1,0.95,26.0,0,0,0.0
2024-03-06 18:00:00,16.7,69.7,22.4,70.3,2710.0,0,0,0.0,26.0,0,0,0.0
2024-03-06 19:00:00,19.5,71.9,22.1,70.4,1565.0,0,0,0.0,26.0,0,0,0.0
2024-03-06 20:00:00,15.4,74.3,21.4,70.8,992.0,0,0,0.0,26.0,0,0,0.0
2024-03-06 21:00:00,14.3,72.9,20.7,71.0,706.0,0,0,0.0,26.0,0,0,0.0
2024-03-06 22:00:00,12.0,71.8,19.8,71.1,563.0,0,0,0.0,26.0,0,0,0.0
2024-03-06 23:00:00,11.9,79.5,19.0,71.9,492.0,0,0,0.0,26.0,0,0,0.0
2024-03-07 00:00:00,11.3,79.4,18.2,72.7,456.0,0,0,0.0,26.0,0,0,0.0
2024-03-07 01:00:00,9.3,83.8,17.3,73.8,438.0,0,0,0.0,26.0,0,0,0.0
2024-03-07 02:00:00,8.2,85.1,16.4,74.9,429.0,0,0,0.0,26.0,0,0,0.0
2024-03-07 03:00:00,8.5,80.7,15.6,75.5,424.0,0,0,0.0,26.0,0,0,0.0
2024-03-07 04:00:00,8.0,81.2,14.8,76.1,422.0,0,0,0.0,26.0,0,0,0.0
2024-03-07 05:00:00,12.1,83.5,14.6,76.8,421.0,0,0,0.0,26.0,0,0,0.0
2024-03-07 06:00:00,12.9,82.2,14.4,77.4,421.0,0,0,0.0,26.0,0,0,0.0
2024-03-07 07:00:00,10.8,78.0,14.0,77.4,420.0,0,0,0.0,26.0,0,0,0.0
2024-03-07 08:00:00,12.5,81.1,13.9,77.8,5000.0,50,1,0.833,26.0,0,0,0.0
2024-03-07 09:00:00,13.2,77.7,13.9,77.8,5000.0,50,1,0.833,26.0,0,0,0.0
2024-03-07 10:00:00,17.6,78.4,14.3,77.8,5000.0,53,1,0.883,26.0,0,0,0.0
2024-03-07 11:00:00,16.9,73.1,14.6,77.4,5000.0,53,1,0.883,26.0,0,0,0.0
2024-03-07 12:00:00,22.0,67.5,24.5,75.6,420.0,0,0,0.0,26.0,1,0,0.296
2024-03-07 13:00:00,17.0,62.4,23.7,74.3,420.0,0,0,0.0,26.0,0,0,0.0
2024-03-07 14:00:00,20.9,61.6,24.7,72.4,5000.0,43,1,0.717,26.0,1,0,0.334
2024-03-07 15:00:00,19.4,68.3,24.2,72.0,5000.0,43,1,0.717,26.0,0,0,0.0
2024-03-07 16:00:00,20.1,68.5,24.9,70.4,4504.0,45,1,0.75,26.0,1,0,0.31
2024-03-07 17:00:00,19.7,71.9,24.4,70.5,5000.0,45,1,0.75,26.0,0,0,0.0
2024-03-07 18:00:00,17.1,67.3,23.7,70.2,2710.0,0,0,0.0,26.0,0,0,0.0
2024-03-07 19:00:00,16.3,73.5,22.9,70.5,1565.0,0,0,0.0,26.0,0,0,0.0
2024-03-07 20:00:00,17.6,74.3,22.4,70.9,992.0,0,0,0.0,26.0,0,0,0.0
2024-03-07 21:00:00,16.8,71.5,21.8,71.0,706.0,0,0,0.0,26.0,0,0,0.0
2024-03-07 22:00:00,16.2,81.6,21.2,72.0,563.0,0,0,0.0,26.0,0,0,0.0
2024-03-07 23:00:00,13.6,84.3,20.5,73.3,492.0,0,0,0.0,26.0,0,0,0.0
2024-03-08 00:00:00,9.0,79.1,19.3,73.8,456.0,0,0,0.0,26.0,0,0,0.0
2024-03-08 01:00:00,9.6,84.1,18.3,74.9,438.0,0,0,0.0,26.0,0,0,0.0
2024-03-08 02:00:00,8.6,85.0,17.3,75.9,429.0,0,0,0.0,26.0,0,0,0.0
2024-03-08 03:00:00,12.1,85.1,16.8,76.8,424.0,0,0,0.0,26.0,0,0,0.0
2024-03-08 04:00:00,10.6,79.8,16.2,77.1,422.0,0,0,0.0,26.0,0,0,0.0
2024-03-08 05:00:00,9.4,85.7,15.5,78.0,421.0,0,0,0.0,26.0,0,0,0.0
2024-03-08 06:00:00,12.6,80.5,15.2,78.2,421.0,0,0,0.0,26.0,0,0,0.0
2024-03-08 07:00:00,11.9,72.9,14.9,77.7,420.0,0,0,0.0,26.0,0,0,0.0
2024-03-08 08:00:00,12.1,82.8,14.6,78.2,3976.0,32,1,0.533,26.0,0,0,0.0
2024-03-08 09:00:00,13.1,75.6,14.5,77.9,5000.0,32,1,0.533,26.0,0,0,0.0
2024-03-08 10:00:00,17.8,69.2,14.8,77.1,5000.0,41,1,0.683,26.0,0,0,0.0
2024-03-08 11:00:00,17.8,73.8,15.2,76.7,5000.0,41,1,0.683,26.0,0,0,0.0
2024-03-08 12:00:00,18.6,77.9,15.5,76.9,2710.0,0,0,0.0,26.0,0,0,0.0
2024-03-08 13:00:00,16.8,71.2,15.6,76.3,1565.0,0,0,0.0,26.0,0,0,0.0
2024-03-08 14:00:00,19.6,69.6,16.1,75.6,5000.0,57,1,0.95,26.0,0,0,0.0
2024-03-08 15:00:00,20.7,64.8,24.5,73.8,5000.0,57,1,0.95,26.0,1,0,0.303
2024-03-08 16:00:00,20.2,61.7,25.1,71.9,4060.0,41,1,0.683,26.0,1,0,0.305
2024-03-08 17:00:00,20.2,69.0,25.5,70.3,4248.0,41,1,0.683,26.0,1,0,0.291
2024-03-08 18:00:00,19.5,72.5,24.9,70.6,2334.0,0,0,0.0,26.0,0,0,0.0
2024-03-08 19:00:00,18.1,71.4,24.2,70.6,1377.0,0,0,0.0,26.0,0,0,0.0
2024-03-08 20:00:00,15.0,70.8,23.3,70.7,898.0,0,0,0.0,26.0,0,0,0.0
2024-03-08 21:00:00,16.8,79.3,22.6,71.5,659.0,0,0,0.0,26.0,0,0,0.0
2024-03-08 22:00:00,13.3,77.2,21.7,72.1,540.0,0,0,0.0,26.0,0,0,0.0
2024-03-08 23:00:00,11.1,82.5,20.6,73.1,480.0,0,0,0.0,26.0,0,0,0.0
2024-03-09 00:00:00,12.5,86.5,19.8,74.5,450.0,0,0,0.0,26.0,0,0,0.0
2024-03-09 01:00:00,9.4,80.8,18.7,75.1,435.0,0,0,0.0,26.0,0,0,0.0
2024-03-09 02:00:00,10.5,84.7,17.9,76.1,427.0,0,0,0.0,26.0,0,0,0.0
2024-03-09 03:00:00,9.7,80.4,17.0,76.5,424.0,0,0,0.0,26.0,0,0,0.0
2024-03-09 04:00:00,11.5,84.9,16.5,77.3,422.0,0,0,0.0,26.0,0,0,0.0
2024-03-09 05:00:00,9.3,86.0,15.8,78.2,421.0,0,0,0.0,26.0,0,0,0.0
2024-03-09 06:00:00,13.2,81.1,15.5,78.5,420.0,0,0,0.0,26.0,0,0,0.0
2024-03-09 07:00:00,12.6,80.7,15.2,78.7,420.0,0,0,0.0,26.0,0,0,0.0
2024-03-09 08:00:00,12.4,77.2,14.9,78.6,420.0,0,0,0.0,26.0,0,0,0.0
2024-03-09 09:00:00,11.8,77.6,14.6,78.5,420.0,0,0,0.0,26.0,0,0,0.0
2024-03-09 10:00:00,14.0,77.4,14.5,78.4,420.0,0,0,0.0,26.0,0,0,0.0
2024-03-09 11:00:00,17.0,70.4,14.8,77.6,420.0,0,0,0.0,26.0,0,0,0.0
2024-03-09 12:00:00,17.6,68.5,15.1,76.7,420.0,0,0,0.0,26.0,0,0,0.0
2024-03-09 13:00:00,21.5,60.6,24.5,74.7,420.0,0,0,0.0,26.0,1,0,0.348
2024-03-09 14:00:00,21.7,68.3,25.1,73.0,420.0,0,0,0.0,26.0,1,0,0.281
2024-03-09 15:00:00,18.2,63.8,24.4,72.1,420.0,0,0,0.0,26.0,0,0,0.0
2024-03-09 16:00:00,22.3,64.4,25.0,70.3,420.0,0,0,0.0,26.0,1,0,0.305
2024-03-09 17:00:00,17.6,71.5,24.3,70.5,420.0,0,0,0.0,26.0,0,0,0.0
2024-03-09 18:00:00,19.0,66.5,23.7,70.1,420.0,0,0,0.0,26.0,0,0,0.0
2024-03-09 19:00:00,17.8,67.9,23.1,69.8,420.0,0,0,0.0,26.0,0,0,0.0
2024-03-09 20:00:00,17.9,76.1,22.6,70.5,420.0,0,0,0.0,26.0,0,0,0.0
2024-03-09 21:00:00,15.8,76.1,21.9,71.0,420.0,0,0,0.0,26.0,0,0,0.0
2024-03-09 22:00:00,16.3,77.1,21.4,71.6,420.0,0,0,0.0,26.0,0,0,0.0
2024-03-09 23:00:00,10.7,80.3,20.3,72.5,420.0,0,0,0.0,26.0,0,0,0.0
2024-03-10 00:00:00,14.6,77.6,19.7,73.0,420.0,0,0,0.0,26.0,0,0,0.0
2024-03-10 01:00:00,10.1,83.2,18.7,74.0,420.0,0,0,0.0,26.0,0,0,0.0
2024-03-10 02:00:00,10.1,79.8,17.8,74.6,420.0,0,0,0.0,26.0,0,0,0.0
2024-03-10 03:00:00,11.7,90.0,17.2,76.1,420.0,0,0,0.0,26.0,0,0,0.0
2024-03-10 04:00:00,10.5,80.0,16.5,76.5,420.0,0,0,0.0,26.0,0,0,0.0
2024-03-10 05:00:00,8.3,82.7,15.7,77.1,420.0,0,0,0.0,26.0,0,0,0.0
2024-03-10 06:00:00,13.1,82.1,15.4,77.6,420.0,0,0,0.0,26.0,0,0,0.0
2024-03-10 07:00:00,12.5,77.2,15.1,77.6,420.0,0,0,0.0,26.0,0,0,0.0
2024-03-10 08:00:00,12.1,79.6,14.8,77.8,420.0,0,0,0.0,26.0,0,0,0.0
2024-03-10 09:00:00,16.4,70.4,15.0,77.1,420.0,0,0,0.0,26.0,0,0,0.0
2024-03-10 10:00:00,18.7,74.7,15.4,76.8,420.0,0,0,0.0,26.0,0,0,0.0
2024-03-10 11:00:00,19.6,67.0,15.8,75.8,420.0,0,0,0.0,26.0,0,0,0.0
2024-03-10 12:00:00,16.5,68.9,15.9,75.1,420.0,0,0,0.0,26.0,0,0,0.0
2024-03-10 13:00:00,20.1,73.5,24.5,73.6,420.0,0,0,0.0,26.0,1,0,0.303
2024-03-10 14:00:00,20.9,66.5,25.1,71.9,420.0,0,0,0.0,26.0,1,0,0.324
2024-03-10 15:00:00,18.5,70.7,24.4,71.8,420.0,0,0,0.0,26.0,0,0,0.0
2024-03-10 16:00:00,18.4,72.2,23.8,71.8,420.0,0,0,0.0,26.0,0,0,0.0
2024-03-10 17:00:00,18.9,72.8,23.3,71.9,420.0,0,0,0.0,26.0,0,0,0.0
2024-03-10 18:00:00,19.6,68.9,22.9,71.6,420.0,0,0,0.0,26.0,0,0,0.0
2024-03-10 19:00:00,16.7,70.0,22.3,71.4,420.0,0,0,0.0,26.0,0,0,0.0
2024-03-10 20:00:00,16.9,73.2,21.8,71.6,420.0,0,0,0.0,26.0,0,0,0.0
2024-03-10 21:00:00,14.1,74.5,21.0,71.9,420.0,0,0,0.0,26.0,0,0,0.0
2024-03-10 22:00:00,13.8,70.7,20.3,71.8,420.0,0,0,0.0,26.0,0,0,0.0
2024-03-10 23:00:00,13.2,76.1,19.5,72.2,420.0,0,0,0.0,26.0,0,0,0.0
2024-03-11 00:00:00,9.7,75.6,18.5,72.6,420.0,0,0,0.0,26.0,0,0,0.0
2024-03-11 01:00:00,8.0,77.9,17.5,73.1,420.0,0,0,0.0,26.0,0,0,0.0
2024-03-11 02:00:00,9.1,88.6,16.6,74.6,420.0,0,0,0.0,26.0,0,0,0.0
2024-03-11 03:00:00,9.2,83.5,15.9,75.5,420.0,0,0,0.0,26.0,0,0,0.0
2024-03-11 04:00:00,10.8,83.1,15.4,76.3,420.0,0,0,0.0,26.0,0,0,0.0
2024-03-11 05:00:00,10.6,78.3,14.9,76.5,420.0,0,0,0.0,26.0,0,0,0.0
2024-03-11 06:00:00,13.6,86.1,14.7,77.4,420.0,0,0,0.0,26.0,0,0,0.0
2024-03-11 07:00:00,10.0,75.9,14.3,77.3,420.0,0,0,0.0,26.0,0,0,0.0
2024-03-11 08:00:00,13.3,74.2,14.2,77.0,5000.0,58,1,0.967,26.0,0,0,0.0
2024-03-11 09:00:00,15.8,72.8,14.4,76.6,5000.0,58,1,0.967,26.0,0,0,0.0
2024-03-11 10:00:00,19.5,76.5,14.9,76.6,5000.0,46,1,0.767,26.0,0,0,0.0
2024-03-11 11:00:00,17.8,74.1,15.3,76.3,5000.0,46,1,0.767,26.0,0,0,0.0
2024-03-11 12:00:00,20.2,67.7,24.5,74.6,420.0,0,0,0.0,26.0,1,0,0.326
2024-03-11 13:00:00,18.1,68.3,23.9,73.9,420.0,0,0,0.0,26.0,0,0,0.0
2024-03-11 14:00:00,21.1,67.7,24.7,72.2,5000.0,42,1,0.7,26.0,1,0,0.299
2024-03-11 15:00:00,17.6,64.6,24.0,71.5,5000.0,42,1,0.7,26.0,0,0,0.0
2024-03-11 16:00:00,19.7,67.0,23.6,71.0,5000.0,33,1,0.55,26.0,0,0,0.0
2024-03-11 17:00:00,22.3,63.9,24.6,69.3,3171.0,33,1,0.55,26.0,1,0,0.307
2024-03-11 18:00:00,19.3,73.8,24.0,69.8,1795.0,0,0,0.0,26.0,0,0,0.0
2024-03-11 19:00:00,20.9,69.8,24.8,68.3,420.0,0,0,0.0,26.0,1,0,0.308
2024-03-11 20:00:00,17.0,74.6,24.0,68.9,420.0,0,0,0.0,26.0,0,0,0.0
2024-03-11 21:00:00,15.3,74.7,23.1,69.5,420.0,0,0,0.0,26.0,0,0,0.0
2024-03-11 22:00:00,14.4,69.5,22.3,69.5,420.0,0,0,0.0,26.0,0,0,0.0
2024-03-11 23:00:00,13.5,79.4,21.4,70.5,420.0,0,0,0.0,26.0,0,0,0.0
2024-03-12 00:00:00,11.1,86.8,20.3,72.1,420.0,0,0,0.0,26.0,0,0,0.0
2024-03-12 01:00:00,9.7,80.7,19.2,73.0,420.0,0,0,0.0,26.0,0,0,0.0
2024-03-12 02:00:00,13.2,80.2,18.6,73.7,420.0,0,0,0.0,26.0,0,0,0.0
2024-03-12 03:00:00,9.2,82.6,17.7,74.6,420.0,0,0,0.0,26.0,0,0,0.0
2024-03-12 04:00:00,11.4,83.4,17.0,75.5,420.0,0,0,0.0,26.0,0,0,0.0
2024-03-12 05:00:00,8.7,80.3,16.2,75.9,420.0,0,0,0.0,26.0,0,0,0.0
2024-03-12 06:00:00,10.6,80.4,15.6,76.4,420.0,0,0,0.0,26.0,0,0,0.0
2024-03-12 07:00:00,13.1,80.3,15.4,76.8,420.0,0,0,0.0,26.0,0,0,0.0
2024-03-12 08:00:00,11.0,80.3,15.0,77.1,5000.0,56,1,0.933,26.0,0,0,0.0
2024-03-12 09:00:00,15.4,79.2,15.0,77.3,5000.0,56,1,0.933,26.0,0,0,0.0
2024-03-12 10:00:00,17.0,76.2,15.3,77.2,5000.0,37,1,0.617,26.0,0,0,0.0
2024-03-12 11:00:00,18.2,75.0,15.6,77.0,5000.0,37,1,0.617,26.0,0,0,0.0
2024-03-12 12:00:00,19.3,69.0,16.0,76.2,2710.0,0,0,0.0,26.0,0,0,0.0
2024-03-12 13:00:00,22.7,70.7,24.5,74.5,420.0,0,0,0.0,26.0,1,0,0.245
2024-03-12 14:00:00,20.7,63.4,25.1,72.7,5000.0,60,1,1.0,26.0,1,0,0.262
2024-03-12 15:00:00,18.1,67.9,24.4,72.2,5000.0,60,1,1.0,26.0,0,0,0.0
2024-03-12 16:00:00,20.0,65.4,24.0,71.5,5000.0,53,1,0.883,26.0,0,0,0.0
2024-03-12 17:00:00,19.5,72.8,23.6,71.7,5000.0,53,1,0.883,26.0,0,0,0.0
2024-03-12 18:00:00,19.6,65.9,23.2,71.1,2710.0,0,0,0.0,26.0,0,0,0.0
2024-03-12 19:00:00,17.3,68.6,22.6,70.8,1565.0,0,0,0.0,26.0,0,0,0.0
2024-03-12 20:00:00,15.7,71.7,21.9,70.9,992.0,0,0,0.0,26.0,0,0,0.0
2024-03-12 21:00:00,14.3,71.2,21.1,71.0,706.0,0,0,0.0,26.0,0,0,0.0
2024-03-12 22:00:00,13.5,75.4,20.4,71.4,563.0,0,0,0.0,26.0,0,0,0.0
2024-03-12 23:00:00,8.1,85.2,19.1,72.8,492.0,0,0,0.0,26.0,0,0,0.0
2024-03-13 00:00:00,13.1,79.5,18.5,73.5,456.0,0,0,0.0,26.0,0,0,0.0
2024-03-13 01:00:00,10.7,78.4,17.7,73.9,438.0,0,0,0.0,26.0,0,0,0.0
2024-03-13 02:00:00,12.7,88.4,17.2,75.4,429.0,0,0,0.0,26.0,0,0,0.0
2024-03-13 03:00:00,10.2,86.1,16.5,76.5,424.0,0,0,0.0,26.0,0,0,0.0
2024-03-13 04:00:00,10.4,78.7,15.9,76.7,422.0,0,0,0.0,26.0,0,0,0.0
2024-03-13 05:00:00,10.1,82.3,15.3,77.2,421.0,0,0,0.0,26.0,0,0,0.0
2024-03-13 06:00:00,10.8,80.0,14.8,77.5,421.0,0,0,0.0,26.0,0,0,0.0
2024-03-13 07:00:00,12.4,78.8,14.6,77.7,420.0,0,0,0.0,26.0,0,0,0.0
2024-03-13 08:00:00,13.8,73.9,14.5,77.3,3087.0,24,1,0.4,26.0,0,0,0.0
2024-03-13 09:00:00,13.9,71.1,14.5,76.7,4420.0,24,1,0.4,26.0,0,0,0.0
2024-03-13 10:00:00,17.8,66.6,14.8,75.7,5000.0,45,1,0.75,26.0,0,0,0.0
2024-03-13 11:00:00,19.2,75.2,15.3,75.6,5000.0,45,1,0.75,26.0,0,0,0.0
2024-03-13 12:00:00,18.1,61.5,15.6,74.2,2710.0,0,0,0.0,26.0,0,0,0.0
2024-03-13 13:00:00,18.8,67.9,15.9,73.6,1565.0,0,0,0.0,26.0,0,0,0.0
2024-03-13 14:00:00,18.3,65.7,16.2,72.8,5000.0,45,1,0.75,26.0,0,0,0.0
2024-03-13 15:00:00,22.3,69.0,24.5,71.2,4504.0,45,1,0.75,26.0,1,0,0.285
2024-03-13 16:00:00,18.4,62.5,23.9,70.3,5000.0,40,1,0.667,26.0,0,0,0.0
2024-03-13 17:00:00,18.8,67.4,23.4,70.0,5000.0,40,1,0.667,26.0,0,0,0.0
2024-03-13 18:00:00,19.3,67.7,23.0,69.8,2710.0,0,0,0.0,26.0,0,0,0.0
2024-03-13 19:00:00,18.3,76.8,22.5,70.5,1565.0,0,0,0.0,26.0,0,0,0.0
2024-03-13 20:00:00,17.5,72.8,22.0,70.7,992.0,0,0,0.0,26.0,0,0,0.0
2024-03-13 21:00:00,14.7,73.9,21.3,71.0,706.0,0,0,0.0,26.0,0,0,0.0
2024-03-13 22:00:00,15.5,75.2,20.7,71.4,563.0,0,0,0.0,26.0,0,0,0.0
2024-03-13 23:00:00,12.6,79.2,19.9,72.2,492.0,0,0,0.0,26.0,0,0,0.0
2024-03-14 00:00:00,10.7,76.5,18.9,72.7,456.0,0,0,0.0,26.0,0,0,0.0
2024-03-14 01:00:00,11.2,81.7,18.1,73.6,438.0,0,0,0.0,26.0,0,0,0.0
2024-03-14 02:00:00,10.9,81.1,17.4,74.3,429.0,0,0,0.0,26.0,0,0,0.0
2024-03-14 03:00:00,11.8,80.4,16.8,74.9,424.0,0,0,0.0,26.0,0,0,0.0
2024-03-14 04:00:00,12.7,77.5,16.4,75.2,422.0,0,0,0.0,26.0,0,0,0.0
2024-03-14 05:00:00,11.3,83.4,15.9,76.0,421.0,0,0,0.0,26.0,0,0,0.0
2024-03-14 06:00:00,10.3,81.9,15.3,76.6,421.0,0,0,0.0,26.0,0,0,0.0
2024-03-14 07:00:00,14.4,72.3,15.2,76.2,420.0,0,0,0.0,26.0,0,0,0.0
2024-03-14 08:00:00,14.5,69.6,15.2,75.5,5000.0,54,1,0.9,26.0,0,0,0.0
2024-03-14 09:00:00,13.6,79.9,15.1,75.9,5000.0,54,1,0.9,26.0,0,0,0.0
2024-03-14 10:00:00,15.4,69.4,15.1,75.3,5000.0,28,1,0.467,26.0,0,0,0.0
2024-03-14 11:00:00,17.2,77.2,15.4,75.5,5000.0,28,1,0.467,26.0,0,0,0.0
2024-03-14 12:00:00,15.8,66.2,15.4,74.6,2710.0,0,0,0.0,26.0,0,0,0.0
2024-03-14 13:00:00,21.6,73.6,24.5,73.0,420.0,0,0,0.0,26.0,1,0,0.287
2024-03-14 14:00:00,19.7,63.6,24.0,72.1,5000.0,46,1,0.767,26.0,0,0,0.0
2024-03-14 15:00:00,23.1,71.8,24.8,70.6,4615.0,46,1,0.767,26.0,1,0,0.271
2024-03-14 16:00:00,20.8,64.8,25.3,68.9,4248.0,42,1,0.7,26.0,1,0,0.318
2024-03-14 17:00:00,19.3,67.6,24.7,68.8,5000.0,42,1,0.7,26.0,0,0,0.0
2024-03-14 18:00:00,19.0,73.7,24.2,69.3,2710.0,0,0,0.0,26.0,0,0,0.0
2024-03-14 19:00:00,18.8,67.8,23.6,69.1,1565.0,0,0,0.0,26.0,0,0,0.0
2024-03-14 20:00:00,18.4,73.9,23.1,69.6,992.0,0,0,0.0,26.0,0,0,0.0
2024-03-14 21:00:00,16.0,79.4,22.4,70.6,706.0,0,0,0.0,26.0,0,0,0.0
2024-03-14 22:00:00,12.0,77.0,21.3,71.2,563.0,0,0,0.0,26.0,0,0,0.0
2024-03-14 23:00:00,11.7,74.3,20.3,71.5,492.0,0,0,0.0,26.0,0,0,0.0
2024-03-15 00:00:00,12.0,88.2,19.5,73.2,456.0,0,0,0.0,26.0,0,0,0.0
2024-03-15 01:00:00,7.9,81.8,18.3,74.1,438.0,0,0,0.0,26.0,0,0,0.0
2024-03-15 02:00:00,11.1,83.1,17.6,75.0,429.0,0,0,0.0,26.0,0,0,0.0
2024-03-15 03:00:00,9.8,79.1,16.8,75.4,424.0,0,0,0.0,26.0,0,0,0.0
2024-03-15 04:00:00,10.5,80.5,16.2,75.9,422.0,0,0,0.0,26.0,0,0,0.0
2024-03-15 05:00:00,7.4,85.5,15.3,76.8,421.0,0,0,0.0,26.0,0,0,0.0
2024-03-15 06:00:00,12.9,80.8,15.0,77.2,421.0,0,0,0.0,26.0,0,0,0.0
2024-03-15 07:00:00,12.8,82.2,14.8,77.7,420.0,0,0,0.0,26.0,0,0,0.0
2024-03-15 08:00:00,14.0,79.8,14.7,77.9,3087.0,24,1,0.4,26.0,0,0,0.0
2024-03-15 09:00:00,14.6,78.9,14.7,78.0,4420.0,24,1,0.4,26.0,0,0,0.0
2024-03-15 10:00:00,16.8,73.5,15.0,77.6,5000.0,58,1,0.967,26.0,0,0,0.0
2024-03-15 11:00:00,15.6,71.9,15.1,77.0,5000.0,58,1,0.967,26.0,0,0,0.0
2024-03-15 12:00:00,17.3,67.4,15.3,76.1,2710.0,0,0,0.0,26.0,0,0,0.0
2024-03-15 13:00:00,18.1,64.9,15.6,74.9,1565.0,0,0,0.0,26.0,0,0,0.0
2024-03-15 14:00:00,23.0,71.3,24.5,73.3,5000.0,51,1,0.85,26.0,1,0,0.3
2024-03-15 15:00:00,22.9,63.3,25.1,71.5,5000.0,51,1,0.85,26.0,1,0,0.295
2024-03-15 16:00:00,19.9,63.4,24.6,70.7,5000.0,32,1,0.533,26.0,0,0,0.0
2024-03-15 17:00:00,18.3,65.3,24.0,70.2,5000.0,32,1,0.533,26.0,0,0,0.0
2024-03-15 18:00:00,20.4,68.2,24.8,68.6,420.0,0,0,0.0,26.0,1,0,0.27
2024-03-15 19:00:00,19.1,72.8,24.2,69.0,420.0,0,0,0.0,26.0,0,0,0.0
2024-03-15 20:00:00,19.7,68.5,23.8,69.0,420.0,0,0,0.0,26.0,0,0,0.0
2024-03-15 21:00:00,16.9,78.4,23.1,69.9,420.0,0,0,0.0,26.0,0,0,0.0
2024-03-15 22:00:00,12.2,80.1,22.0,70.9,420.0,0,0,0.0,26.0,0,0,0.0
2024-03-15 23:00:00,13.0,78.3,21.0,71.7,420.0,0,0,0.0,26.0,0,0,0.0
2024-03-16 00:00:00,10.2,78.5,19.9,72.4,420.0,0,0,0.0,26.0,0,0,0.0
2024-03-16 01:00:00,13.7,81.9,19.3,73.3,420.0,0,0,0.0,26.0,0,0,0.0
2024-03-16 02:00:00,11.3,80.4,18.5,74.0,420.0,0,0,0.0,26.0,0,0,0.0
2024-03-16 03:00:00,8.8,86.2,17.5,75.2,420.0,0,0,0.0,26.0,0,0,0.0
2024-03-16 04:00:00,8.1,81.5,16.6,75.9,420.0,0,0,0.0,26.0,0,0,0.0
2024-03-16 05:00:00,10.7,82.3,16.0,76.5,420.0,0,0,0.0,26.0,0,0,0.0
2024-03-16 06:00:00,11.2,81.8,15.5,77.0,420.0,0,0,0.0,26.0,0,0,0.0
2024-03-16 07:00:00,13.5,81.2,15.3,77.5,420.0,0,0,0.0,26.0,0,0,0.0
2024-03-16 08:00:00,12.2,76.2,15.0,77.3,420.0,0,0,0.0,26.0,0,0,0.0
2024-03-16 09:00:00,16.8,77.7,15.2,77.4,420.0,0,0,0.0,26.0,0,0,0.0
2024-03-16 10:00:00,14.2,74.0,15.1,77.0,420.0,0,0,0.0,26.0,0,0,0.0
2024-03-16 11:00:00,14.5,71.1,15.0,76.4,420.0,0,0,0.0,26.0,0,0,0.0
2024-03-16 12:00:00,21.4,66.5,24.5,74.6,420.0,0,0,0.0,26.0,1,0,0.299
2024-03-16 13:00:00,18.1,70.4,23.9,74.2,420.0,0,0,0.0,26.0,0,0,0.0
2024-03-16 14:00:00,17.5,65.4,23.2,73.3,420.0,0,0,0.0,26.0,0,0,0.0
2024-03-16 15:00:00,20.9,65.1,24.5,71.6,420.0,0,0,0.0,26.0,1,0,0.237
2024-03-16 16:00:00,19.5,69.5,24.0,71.4,420.0,0,0,0.0,26.0,0,0,0.0
2024-03-16 17:00:00,20.0,68.9,23.6,71.1,420.0,0,0,0.0,26.0,0,0,0.0
2024-03-16 18:00:00,18.0,70.5,23.0,71.1,420.0,0,0,0.0,26.0,0,0,0.0
2024-03-16 19:00:00,17.3,72.4,22.4,71.2,420.0,0,0,0.0,26.0,0,0,0.0
2024-03-16 20:00:00,15.5,72.4,21.7,71.3,420.0,0,0,0.0,26.0,0,0,0.0
2024-03-16 21:00:00,13.5,74.9,20.9,71.7,420.0,0,0,0.0,26.0,0,0,0.0
2024-03-16 22:00:00,12.5,73.7,20.0,71.9,420.0,0,0,0.0,26.0,0,0,0.0
2024-03-16 23:00:00,12.9,79.6,19.3,72.7,420.0,0,0,0.0,26.0,0,0,0.0
2024-03-17 00:00:00,12.6,79.4,18.6,73.3,420.0,0,0,0.0,26.0,0,0,0.0
2024-03-17 01:00:00,11.3,83.6,17.9,74.4,420.0,0,0,0.0,26.0,0,0,0.0
2024-03-17 02:00:00,10.8,80.3,17.2,74.9,420.0,0,0,0.0,26.0,0,0,0.0
2024-03-17 03:00:00,10.2,84.1,16.5,75.9,420.0,0,0,0.0,26.0,0,0,0.0
2024-03-17 04:00:00,10.2,76.5,15.8,75.9,420.0,0,0,0.0,26.0,0,0,0.0
2024-03-17 05:00:00,10.9,88.6,15.3,77.2,420.0,0,0,0.0,26.0,0,0,0.0
2024-03-17 06:00:00,10.9,78.5,14.9,77.3,420.0,0,0,0.0,26.0,0,0,0.0
2024-03-17 07:00:00,13.1,79.9,14.7,77.6,420.0,0,0,0.0,26.0,0,0,0.0
2024-03-17 08:00:00,15.5,73.3,14.8,77.2,420.0,0,0,0.0,26.0,0,0,0.0
2024-03-17 09:00:00,16.1,76.8,14.9,77.1,420.0,0,0,0.0,26.0,0,0,0.0
2024-03-17 10:00:00,16.1,73.9,15.0,76.8,420.0,0,0,0.0,26.0,0,0,0.0
2024-03-17 11:00:00,19.0,73.6,15.4,76.5,420.0,0,0,0.0,26.0,0,0,0.0
2024-03-17 12:00:00,16.8,71.8,15.6,76.0,420.0,0,0,0.0,26.0,0,0,0.0
2024-03-17 13:00:00,19.2,68.3,16.0,75.2,420.0,0,0,0.0,26.0,0,0,0.0
2024-03-17 14:00:00,19.9,66.8,16.4,74.4,420.0,0,0,0.0,26.0,0,0,0.0
2024-03-17 15:00:00,21.8,66.7,24.5,72.7,420.0,0,0,0.0,26.0,1,0,0.296
2024-03-17 16:00:00,18.2,66.1,23.9,72.0,420.0,0,0,0.0,26.0,0,0,0.0
2024-03-17 17:00:00,19.6,71.8,23.4,72.0,420.0,0,0,0.0,26.0,0,0,0.0
2024-03-17 18:00:00,19.4,66.8,23.0,71.5,420.0,0,0,0.0,26.0,0,0,0.0
2024-03-17 19:00:00,21.2,71.8,24.5,70.0,420.0,0,0,0.0,26.0,1,0,0.302
2024-03-17 20:00:00,18.2,72.5,23.9,70.2,420.0,0,0,0.0,26.0,0,0,0.0
2024-03-17 21:00:00,15.8,77.5,23.0,71.0,420.0,0,0,0.0,26.0,0,0,0.0
2024-03-17 22:00:00,15.5,80.2,22.3,71.9,420.0,0,0,0.0,26.0,0,0,0.0
2024-03-17 23:00:00,13.8,78.1,21.4,72.5,420.0,0,0,0.0,26.0,0,0,0.0
2024-03-18 00:00:00,10.6,81.7,20.3,73.4,420.0,0,0,0.0,26.0,0,0,0.0
2024-03-18 01:00:00,12.1,81.3,19.5,74.2,420.0,0,0,0.0,26.0,0,0,0.0
2024-03-18 02:00:00,11.8,87.1,18.7,75.5,420.0,0,0,0.0,26.0,0,0,0.0
2024-03-18 03:00:00,8.6,80.5,17.7,76.0,420.0,0,0,0.0,26.0,0,0,0.0
2024-03-18 04:00:00,10.0,83.7,16.9,76.8,420.0,0,0,0.0,26.0,0,0,0.0
2024-03-18 05:00:00,9.9,86.0,16.2,77.7,420.0,0,0,0.0,26.0,0,0,0.0
2024-03-18 06:00:00,12.1,80.8,15.8,78.0,420.0,0,0,0.0,26.0,0,0,0.0
2024-03-18 07:00:00,10.3,75.1,15.2,77.7,420.0,0,0,0.0,26.0,0,0,0.0
2024-03-18 08:00:00,14.1,70.7,15.1,77.0,4976.0,41,1,0.683,26.0,0,0,0.0
2024-03-18 09:00:00,16.5,74.5,15.3,76.8,5000.0,41,1,0.683,26.0,0,0,0.0
2024-03-18 10:00:00,21.2,79.9,24.5,75.4,3948.0,40,1,0.667,26.0,1,0,0.306
2024-03-18 11:00:00,17.2,70.7,23.8,74.9,5000.0,40,1,0.667,26.0,0,0,0.0
2024-03-18 12:00:00,20.0,74.5,23.4,74.9,2710.0,0,0,0.0,26.0,0,0,0.0
2024-03-18 13:00:00,16.9,62.7,22.7,73.6,1565.0,0,0,0.0,26.0,0,0,0.0
2024-03-18 14:00:00,18.9,69.0,22.4,73.2,4326.0,30,1,0.5,26.0,0,0,0.0
2024-03-18 15:00:00,20.7,70.2,24.5,71.6,2972.0,30,1,0.5,26.0,1,0,0.262
2024-03-18 16:00:00,18.0,60.3,23.9,70.5,4918.0,29,1,0.483,26.0,0,0,0.0
2024-03-18 17:00:00,20.6,65.6,24.7,68.8,2743.0,29,1,0.483,26.0,1,0,0.305
2024-03-18 18:00:00,15.5,69.8,23.8,68.9,1581.0,0,0,0.0,26.0,0,0,0.0
2024-03-18 19:00:00,18.7,70.6,23.3,69.1,1001.0,0,0,0.0,26.0,0,0,0.0
2024-03-18 20:00:00,15.6,72.5,22.5,69.4,710.0,0,0,0.0,26.0,0,0,0.0
2024-03-18 21:00:00,14.4,71.0,21.7,69.6,565.0,0,0,0.0,26.0,0,0,0.0
2024-03-18 22:00:00,12.6,78.6,20.8,70.5,493.0,0,0,0.0,26.0,0,0,0.0
2024-03-18 23:00:00,13.0,79.5,20.0,71.4,456.0,0,0,0.0,26.0,0,0,0.0
2024-03-19 00:00:00,10.0,80.1,19.0,72.3,438.0,0,0,0.0,26.0,0,0,0.0
2024-03-19 01:00:00,7.4,82.5,17.8,73.3,429.0,0,0,0.0,26.0,0,0,0.0
2024-03-19 02:00:00,12.3,78.3,17.2,73.8,425.0,0,0,0.0,26.0,0,0,0.0
2024-03-19 03:00:00,9.1,84.0,16.4,74.8,422.0,0,0,0.0,26.0,0,0,0.0
2024-03-19 04:00:00,12.0,81.4,16.0,75.5,421.0,0,0,0.0,26.0,0,0,0.0
2024-03-19 05:00:00,9.6,76.0,15.3,75.5,421.0,0,0,0.0,26.0,0,0,0.0
2024-03-19 06:00:00,11.6,86.8,14.9,76.6,420.0,0,0,0.0,26.0,0,0,0.0
2024-03-19 07:00:00,12.9,78.9,14.7,76.9,420.0,0,0,0.0,26.0,0,0,0.0
2024-03-19 08:00:00,14.2,77.0,14.7,76.9,4420.0,36,1,0.6,26.0,0,0,0.0
2024-03-19 09:00:00,13.8,77.5,14.6,76.9,5000.0,36,1,0.6,26.0,0,0,0.0
2024-03-19 10:00:00,16.6,73.0,14.9,76.6,5000.0,57,1,0.95,26.0,0,0,0.0
2024-03-19 11:00:00,16.0,74.9,15.0,76.4,5000.0,57,1,0.95,26.0,0,0,0.0
2024-03-19 12:00:00,19.5,67.7,15.5,75.5,2710.0,0,0,0.0,26.0,0,0,0.0
2024-03-19 13:00:00,20.8,66.6,24.5,73.7,420.0,0,0,0.0,26.0,1,0,0.275
2024-03-19 14:00:00,18.7,65.0,23.9,72.9,5000.0,44,1,0.733,26.0,0,0,0.0
2024-03-19 15:00:00,17.3,68.4,23.3,72.4,5000.0,44,1,0.733,26.0,0,0,0.0
2024-03-19 16:00:00,17.1,63.6,22.7,71.5,5000.0,40,1,0.667,26.0,0,0,0.0
2024-03-19 17:00:00,16.2,67.8,22.1,71.2,5000.0,40,1,0.667,26.0,0,0,0.0
2024-03-19 18:00:00,18.3,68.4,21.7,70.9,2710.0,0,0,0.0,26.0,0,0,0.0
2024-03-19 19:00:00,15.9,67.5,21.1,70.6,1565.0,0,0,0.0,26.0,0,0,0.0
2024-03-19 20:00:00,17.0,71.3,20.7,70.6,992.0,0,0,0.0,26.0,0,0,0.0
2024-03-19 21:00:00,15.5,72.3,20.2,70.8,706.0,0,0,0.0,26.0,0,0,0.0
2024-03-19 22:00:00,14.0,81.0,19.5,71.8,563.0,0,0,0.0,26.0,0,0,0.0
2024-03-19 23:00:00,13.4,77.8,18.9,72.4,492.0,0,0,0.0,26.0,0,0,0.0
2024-03-20 00:00:00,11.9,79.9,18.2,73.2,456.0,0,0,0.0,26.0,0,0,0.0
2024-03-20 01:00:00,10.7,81.0,17.4,73.9,438.0,0,0,0.0,26.0,0,0,0.0
2024-03-20 02:00:00,9.9,83.4,16.7,74.9,429.0,0,0,0.0,26.0,0,0,0.0
2024-03-20 03:00:00,8.5,80.0,15.8,75.4,424.0,0,0,0.0,26.0,0,0,0.0
2024-03-20 04:00:00,8.1,77.9,15.1,75.7,422.0,0,0,0.0,26.0,0,0,0.0
2024-03-20 05:00:00,8.8,82.4,14.4,76.3,421.0,0,0,0.0,26.0,0,0,0.0
2024-03-20 06:00:00,10.1,82.2,14.0,76.9,421.0,0,0,0.0,26.0,0,0,0.0
2024-03-20 07:00:00,12.6,73.1,13.8,76.5,420.0,0,0,0.0,26.0,0,0,0.0
2024-03-20 08:00:00,14.7,79.5,14.0,76.8,4309.0,35,1,0.583,26.0,0,0,0.0
2024-03-20 09:00:00,13.5,76.3,13.9,76.8,5000.0,35,1,0.583,26.0,0,0,0.0
2024-03-20 10:00:00,15.0,73.2,14.1,76.4,5000.0,38,1,0.633,26.0,0,0,0.0
2024-03-20 11:00:00,15.6,65.6,14.2,75.3,5000.0,38,1,0.633,26.0,0,0,0.0
2024-03-20 12:00:00,18.0,69.0,14.6,74.7,2710.0,0,0,0.0,26.0,0,0,0.0
2024-03-20 13:00:00,18.7,64.5,15.0,73.7,1565.0,0,0,0.0,26.0,0,0,0.0
2024-03-20 14:00:00,19.2,68.1,15.5,73.1,3215.0,20,1,0.333,26.0,0,0,0.0
2024-03-20 15:00:00,19.9,67.5,15.9,72.6,4040.0,20,1,0.333,26.0,0,0,0.0
2024-03-20 16:00:00,18.8,70.8,16.3,72.4,5000.0,54,1,0.9,26.0,0,0,0.0
2024-03-20 17:00:00,17.6,69.5,16.4,72.1,5000.0,54,1,0.9,26.0,0,0,0.0
2024-03-20 18:00:00,20.3,70.8,24.5,70.6,420.0,0,0,0.0,26.0,1,0,0.281
2024-03-20 19:00:00,17.2,69.4,23.8,70.4,420.0,0,0,0.0,26.0,0,0,0.0
2024-03-20 20:00:00,17.8,68.7,23.2,70.3,420.0,0,0,0.0,26.0,0,0,0.0
2024-03-20 21:00:00,13.5,73.8,22.2,70.6,420.0,0,0,0.0,26.0,0,0,0.0
2024-03-20 22:00:00,15.6,78.2,21.5,71.4,420.0,0,0,0.0,26.0,0,0,0.0
2024-03-20 23:00:00,11.0,78.1,20.4,72.1,420.0,0,0,0.0,26.0,0,0,0.0
2024-03-21 00:00:00,10.5,78.5,19.4,72.7,420.0,0,0,0.0,26.0,0,0,0.0
2024-03-21 01:00:00,12.1,77.8,18.7,73.2,420.0,0,0,0.0,26.0,0,0,0.0
2024-03-21 02:00:00,12.6,85.2,18.1,74.4,420.0,0,0,0.0,26.0,0,0,0.0
2024-03-21 03:00:00,11.6,81.6,17.4,75.1,420.0,0,0,0.0,26.0,0,0,0.0
2024-03-21 04:00:00,9.9,78.4,16.7,75.5,420.0,0,0,0.0,26.0,0,0,0.0
2024-03-21 05:00:00,9.9,83.4,16.0,76.2,420.0,0,0,0.0,26.0,0,0,0.0
2024-03-21 06:00:00,13.4,77.3,15.7,76.4,420.0,0,0,0.0,26.0,0,0,0.0
2024-03-21 07:00:00,12.0,78.5,15.3,76.6,420.0,0,0,0.0,26.0,0,0,0.0
2024-03-21 08:00:00,11.6,78.8,15.0,76.8,5000.0,60,1,1.0,26.0,0,0,0.0
2024-03-21 09:00:00,13.9,74.4,14.9,76.6,5000.0,60,1,1.0,26.0,0,0,0.0
2024-03-21 10:00:00,15.6,70.6,15.0,76.0,5000.0,26,1,0.433,26.0,0,0,0.0
2024-03-21 11:00:00,17.5,70.4,15.3,75.4,5000.0,26,1,0.433,26.0,0,0,0.0
2024-03-21 12:00:00,18.0,67.2,15.6,74.6,2710.0,0,0,0.0,26.0,0,0,0.0
2024-03-21 13:00:00,19.8,73.0,16.0,74.4,1565.0,0,0,0.0,26.0,0,0,0.0
2024-03-21 14:00:00,20.0,70.3,16.4,74.0,4104.0,28,1,0.467,26.0,0,0,0.0
2024-03-21 15:00:00,17.9,67.5,16.6,73.4,5000.0,28,1,0.467,26.0,0,0,0.0
2024-03-21 16:00:00,18.2,62.8,16.8,72.3,5000.0,53,1,0.883,26.0,0,0,0.0
2024-03-21 17:00:00,18.2,71.6,17.0,72.2,5000.0,53,1,0.883,26.0,0,0,0.0
2024-03-21 18:00:00,20.0,70.1,17.3,72.0,2710.0,0,0,0.0,26.0,0,0,0.0
2024-03-21 19:00:00,15.2,70.4,17.1,71.9,1565.0,0,0,0.0,26.0,0,0,0.0
2024-03-21 20:00:00,16.7,73.5,17.0,72.0,992.0,0,0,0.0,26.0,0,0,0.0
2024-03-21 21:00:00,12.2,72.3,16.5,72.0,706.0,0,0,0.0,26.0,0,0,0.0
2024-03-21 22:00:00,13.6,78.7,16.2,72.7,563.0,0,0,0.0,26.0,0,0,0.0
2024-03-21 23:00:00,9.2,78.5,15.5,73.3,492.0,0,0,0.0,26.0,0,0,0.0
2024-03-22 00:00:00,11.7,83.2,15.1,74.3,456.0,0,0,0.0,26.0,0,0,0.0
2024-03-22 01:00:00,11.7,83.7,14.8,75.2,438.0,0,0,0.0,26.0,0,0,0.0
2024-03-22 02:00:00,9.0,77.0,14.2,75.4,429.0,0,0,0.0,26.0,0,0,0.0
2024-03-22 03:00:00,9.4,86.0,13.7,76.5,424.0,0,0,0.0,26.0,0,0,0.0
2024-03-22 04:00:00,12.3,84.9,13.6,77.3,422.0,0,0,0.0,26.0,0,0,0.0
2024-03-22 05:00:00,11.3,83.1,13.3,77.9,421.0,0,0,0.0,26.0,0,0,0.0
2024-03-22 06:00:00,10.6,80.3,13.1,78.1,421.0,0,0,0.0,26.0,0,0,0.0
2024-03-22 07:00:00,15.0,76.2,13.3,77.9,420.0,0,0,0.0,26.0,0,0,0.0
2024-03-22 08:00:00,16.1,76.1,13.6,77.8,4753.0,39,1,0.65,26.0,0,0,0.0
2024-03-22 09:00:00,17.0,70.8,13.9,77.1,5000.0,39,1,0.65,26.0,0,0,0.0
2024-03-22 10:00:00,17.2,70.7,14.3,76.4,5000.0,55,1,0.917,26.0,0,0,0.0
2024-03-22 11:00:00,15.4,71.7,14.5,75.9,5000.0,55,1,0.917,26.0,0,0,0.0
2024-03-22 12:00:00,20.0,66.8,15.0,75.0,2710.0,0,0,0.0,26.0,0,0,0.0
2024-03-22 13:00:00,17.1,67.8,15.2,74.3,1565.0,0,0,0.0,26.0,0,0,0.0
2024-03-22 14:00:00,19.7,68.9,15.7,73.8,5000.0,58,1,0.967,26.0,0,0,0.0
2024-03-22 15:00:00,21.4,66.8,24.5,72.1,5000.0,58,1,0.967,26.0,1,0,0.317
2024-03-22 16:00:00,22.6,67.9,25.1,70.4,4393.0,44,1,0.733,26.0,1,0,0.348
2024-03-22 17:00:00,18.8,63.2,24.5,69.7,5000.0,44,1,0.733,26.0,0,0,0.0
2024-03-22 18:00:00,18.1,68.3,23.9,69.6,2710.0,0,0,0.0,26.0,0,0,0.0
2024-03-22 19:00:00,18.9,72.4,23.4,69.9,1565.0,0,0,0.0,26.0,0,0,0.0
2024-03-22 20:00:00,14.5,73.4,22.5,70.2,992.0,0,0,0.0,26.0,0,0,0.0
2024-03-22 21:00:00,16.0,79.6,21.8,71.1,706.0,0,0,0.0,26.0,0,0,0.0
2024-03-22 22:00:00,15.0,79.4,21.1,72.0,563.0,0,0,0.0,26.0,0,0,0.0
2024-03-22 23:00:00,12.6,80.2,20.2,72.8,492.0,0,0,0.0,26.0,0,0,0.0
2024-03-23 00:00:00,13.3,76.7,19.5,73.2,456.0,0,0,0.0,26.0,0,0,0.0
2024-03-23 01:00:00,10.1,79.6,18.6,73.8,438.0,0,0,0.0,26.0,0,0,0.0
2024-03-23 02:00:00,10.7,86.4,17.8,75.1,429.0,0,0,0.0,26.0,0,0,0.0
2024-03-23 03:00:00,9.1,75.8,16.9,75.2,424.0,0,0,0.0,26.0,0,0,0.0
2024-03-23 04:00:00,9.6,85.5,16.2,76.2,422.0,0,0,0.0,26.0,0,0,0.0
2024-03-23 05:00:00,11.5,83.2,15.7,76.9,421.0,0,0,0.0,26.0,0,0,0.0
2024-03-23 06:00:00,11.0,76.8,15.2,76.9,421.0,0,0,0.0,26.0,0,0,0.0
2024-03-23 07:00:00,13.3,76.5,15.0,76.8,420.0,0,0,0.0,26.0,0,0,0.0
2024-03-23 08:00:00,17.0,78.8,15.2,77.0,420.0,0,0,0.0,26.0,0,0,0.0
2024-03-23 09:00:00,14.1,73.2,15.1,76.7,420.0,0,0,0.0,26.0,0,0,0.0
2024-03-23 10:00:00,16.2,72.2,15.2,76.2,420.0,0,0,0.0,26.0,0,0,0.0
2024-03-23 11:00:00,19.2,71.6,15.6,75.7,420.0,0,0,0.0,26.0,0,0,0.0
2024-03-23 12:00:00,17.4,75.0,15.8,75.7,420.0,0,0,0.0,26.0,0,0,0.0
2024-03-23 13:00:00,19.4,70.4,16.2,75.1,420.0,0,0,0.0,26.0,0,0,0.0
2024-03-23 14:00:00,18.9,68.4,16.5,74.5,420.0,0,0,0.0,26.0,0,0,0.0
2024-03-23 15:00:00,20.5,61.3,24.5,72.6,420.0,0,0,0.0,26.0,1,0,0.301
2024-03-23 16:00:00,22.9,71.1,25.1,71.0,420.0,0,0,0.0,26.0,1,0,0.28
2024-03-23 17:00:00,18.7,64.8,24.4,70.4,420.0,0,0,0.0,26.0,0,0,0.0
2024-03-23 18:00:00,19.1,69.6,23.9,70.3,420.0,0,0,0.0,26.0,0,0,0.0
2024-03-23 19:00:00,18.0,71.6,23.3,70.5,420.0,0,0,0.0,26.0,0,0,0.0
2024-03-23 20:00:00,17.1,77.3,22.7,71.1,420.0,0,0,0.0,26.0,0,0,0.0
2024-03-23 21:00:00,15.9,71.9,22.0,71.2,420.0,0,0,0.0,26.0,0,0,0.0
2024-03-23 22:00:00,15.7,82.0,21.4,72.3,420.0,0,0,0.0,26.0,0,0,0.0
2024-03-23 23:00:00,17.2,75.6,20.9,72.6,420.0,0,0,0.0,26.0,0,0,0.0
2024-03-24 00:00:00,11.8,74.4,20.0,72.8,420.0,0,0,0.0,26.0,0,0,0.0
2024-03-24 01:00:00,11.5,80.3,19.1,73.6,420.0,0,0,0.0,26.0,0,0,0.0
2024-03-24 02:00:00,13.1,80.4,18.5,74.2,420.0,0,0,0.0,26.0,0,0,0.0
2024-03-24 03:00:00,7.5,81.6,17.4,75.0,420.0,0,0,0.0,26.0,0,0,0.0
2024-03-24 04:00:00,7.2,85.0,16.4,76.0,420.0,0,0,0.0,26.0,0,0,0.0
2024-03-24 05:00:00,7.6,82.0,15.5,76.6,420.0,0,0,0.0,26.0,0,0,0.0
2024-03-24 06:00:00,8.3,79.7,14.8,76.9,420.0,0,0,0.0,26.0,0,0,0.0
2024-03-24 07:00:00,15.0,80.1,14.8,77.2,420.0,0,0,0.0,26.0,0,0,0.0
2024-03-24 08:00:00,12.4,77.0,14.5,77.2,420.0,0,0,0.0,26.0,0,0,0.0
2024-03-24 09:00:00,15.0,76.4,14.6,77.1,420.0,0,0,0.0,26.0,0,0,0.0
2024-03-24 10:00:00,14.2,74.7,14.5,76.9,420.0,0,0,0.0,26.0,0,0,0.0
2024-03-24 11:00:00,13.4,69.1,14.4,76.1,420.0,0,0,0.0,26.0,0,0,0.0
2024-03-24 12:00:00,17.8,71.2,14.8,75.6,420.0,0,0,0.0,26.0,0,0,0.0
2024-03-24 13:00:00,19.4,63.9,15.2,74.4,420.0,0,0,0.0,26.0,0,0,0.0
2024-03-24 14:00:00,18.4,67.9,15.6,73.8,420.0,0,0,0.0,26.0,0,0,0.0
2024-03-24 15:00:00,19.9,65.3,16.0,72.9,420.0,0,0,0.0,26.0,0,0,0.0
2024-03-24 16:00:00,19.1,69.4,16.3,72.6,420.0,0,0,0.0,26.0,0,0,0.0
2024-03-24 17:00:00,18.6,67.8,16.6,72.1,420.0,0,0,0.0,26.0,0,0,0.0
2024-03-24 18:00:00,21.8,65.1,24.5,70.4,420.0,0,0,0.0,26.0,1,0,0.305
2024-03-24 19:00:00,14.7,73.4,23.5,70.7,420.0,0,0,0.0,26.0,0,0,0.0
2024-03-24 20:00:00,15.3,72.0,22.7,70.8,420.0,0,0,0.0,26.0,0,0,0.0
2024-03-24 21:00:00,13.8,74.2,21.8,71.2,420.0,0,0,0.0,26.0,0,0,0.0
2024-03-24 22:00:00,16.1,79.5,21.2,72.0,420.0,0,0,0.0,26.0,0,0,0.0
2024-03-24 23:00:00,13.8,74.8,20.4,72.3,420.0,0,0,0.0,26.0,0,0,0.0
2024-03-25 00:00:00,9.7,72.1,19.4,72.3,420.0,0,0,0.0,26.0,0,0,0.0
2024-03-25 01:00:00,9.5,84.8,18.4,73.5,420.0,0,0,0.0,26.0,0,0,0.0
2024-03-25 02:00:00,10.9,82.1,17.6,74.4,420.0,0,0,0.0,26.0,0,0,0.0
2024-03-25 03:00:00,10.0,80.9,16.8,75.0,420.0,0,0,0.0,26.0,0,0,0.0
2024-03-25 04:00:00,10.5,85.0,16.2,76.0,420.0,0,0,0.0,26.0,0,0,0.0
2024-03-25 05:00:00,8.2,82.8,15.4,76.7,420.0,0,0,0.0,26.0,0,0,0.0
2024-03-25 06:00:00,12.9,79.4,15.1,77.0,420.0,0,0,0.0,26.0,0,0,0.0
2024-03-25 07:00:00,13.6,87.4,15.0,78.0,420.0,0,0,0.0,26.0,0,0,0.0
2024-03-25 08:00:00,13.5,78.3,14.9,78.0,5000.0,56,1,0.933,26.0,0,0,0.0
2024-03-25 09:00:00,13.9,75.5,14.8,77.8,5000.0,56,1,0.933,26.0,0,0,0.0
2024-03-25 10:00:00,17.0,73.5,15.1,77.4,5000.0,55,1,0.917,26.0,0,0,0.0
2024-03-25 11:00:00,16.0,71.6,15.2,76.8,5000.0,55,1,0.917,26.0,0,0,0.0
2024-03-25 12:00:00,20.7,70.7,24.5,75.1,420.0,0,0,0.0,26.0,1,0,0.323
2024-03-25 13:00:00,20.8,67.4,25.1,73.4,420.0,0,0,0.0,26.0,1,0,0.315
2024-03-25 14:00:00,21.0,68.1,25.5,71.7,5000.0,49,1,0.817,26.0,1,0,0.366
2024-03-25 15:00:00,18.6,68.0,24.8,71.3,5000.0,49,1,0.817,26.0,0,0,0.0
2024-03-25 16:00:00,18.3,65.4,24.2,70.7,5000.0,50,1,0.833,26.0,0,0,0.0
2024-03-25 17:00:00,19.6,69.0,23.7,70.6,5000.0,50,1,0.833,26.0,0,0,0.0
2024-03-25 18:00:00,16.8,72.5,23.0,70.8,2710.0,0,0,0.0,26.0,0,0,0.0
2024-03-25 19:00:00,18.4,68.9,22.6,70.6,1565.0,0,0,0.0,26.0,0,0,0.0
2024-03-25 20:00:00,14.0,72.5,21.7,70.8,992.0,0,0,0.0,26.0,0,0,0.0
2024-03-25 21:00:00,14.3,75.3,20.9,71.2,706.0,0,0,0.0,26.0,0,0,0.0
2024-03-25 22:00:00,13.2,71.0,20.2,71.2,563.0,0,0,0.0,26.0,0,0,0.0
2024-03-25 23:00:00,11.9,78.1,19.3,71.9,492.0,0,0,0.0,26.0,0,0,0.0
2024-03-26 00:00:00,12.4,78.6,18.6,72.6,456.0,0,0,0.0,26.0,0,0,0.0
2024-03-26 01:00:00,13.2,76.2,18.1,72.9,438.0,0,0,0.0,26.0,0,0,0.0
2024-03-26 02:00:00,12.1,82.1,17.5,73.8,429.0,0,0,0.0,26.0,0,0,0.0
2024-03-26 03:00:00,11.3,83.2,16.8,74.8,424.0,0,0,0.0,26.0,0,0,0.0
2024-03-26 04:00:00,11.9,81.6,16.3,75.5,422.0,0,0,0.0,26.0,0,0,0.0
2024-03-26 05:00:00,9.0,86.2,15.6,76.5,421.0,0,0,0.0,26.0,0,0,0.0
2024-03-26 06:00:00,11.3,81.3,15.2,77.0,421.0,0,0,0.0,26.0,0,0,0.0
2024-03-26 07:00:00,14.4,75.9,15.1,76.9,420.0,0,0,0.0,26.0,0,0,0.0
2024-03-26 08:00:00,14.6,75.3,15.1,76.7,3865.0,31,1,0.517,26.0,0,0,0.0
2024-03-26 09:00:00,14.8,75.2,15.1,76.6,5000.0,31,1,0.517,26.0,0,0,0.0
2024-03-26 10:00:00,14.0,70.6,15.0,76.0,5000.0,50,1,0.833,26.0,0,0,0.0
2024-03-26 11:00:00,19.5,73.7,15.5,75.8,5000.0,50,1,0.833,26.0,0,0,0.0
2024-03-26 12:00:00,18.4,70.1,15.8,75.2,2710.0,0,0,0.0,26.0,0,0,0.0
2024-03-26 13:00:00,18.9,72.1,16.1,74.9,1565.0,0,0,0.0,26.0,0,0,0.0
2024-03-26 14:00:00,19.5,68.0,16.5,74.2,5000.0,47,1,0.783,26.0,0,0,0.0
2024-03-26 15:00:00,21.7,64.7,24.5,72.4,4726.0,47,1,0.783,26.0,1,0,0.283
2024-03-26 16:00:00,22.2,62.7,25.1,70.6,5000.0,54,1,0.9,26.0,1,0,0.306
2024-03-26 17:00:00,21.8,67.0,25.5,69.0,5000.0,54,1,0.9,26.0,1,0,0.337
2024-03-26 18:00:00,18.2,63.7,24.7,68.5,2710.0,0,0,0.0,26.0,0,0,0.0
2024-03-26 19:00:00,16.8,67.9,23.9,68.4,1565.0,0,0,0.0,26.0,0,0,0.0
2024-03-26 20:00:00,15.4,72.5,23.1,68.8,992.0,0,0,0.0,26.0,0,0,0.0
2024-03-26 21:00:00,16.4,75.6,22.4,69.5,706.0,0,0,0.0,26.0,0,0,0.0
2024-03-26 22:00:00,14.2,73.8,21.6,69.9,563.0,0,0,0.0,26.0,0,0,0.0
2024-03-26 23:00:00,11.2,84.4,20.5,71.4,492.0,0,0,0.0,26.0,0,0,0.0
2024-03-27 00:00:00,10.4,85.6,19.5,72.8,456.0,0,0,0.0,26.0,0,0,0.0
2024-03-27 01:00:00,10.3,81.9,18.6,73.7,438.0,0,0,0.0,26.0,0,0,0.0
2024-03-27 02:00:00,11.8,86.5,17.9,75.0,429.0,0,0,0.0,26.0,0,0,0.0
2024-03-27 03:00:00,9.8,81.8,17.1,75.7,424.0,0,0,0.0,26.0,0,0,0.0
2024-03-27 04:00:00,10.1,83.7,16.3,76.5,422.0,0,0,0.0,26.0,0,0,0.0
2024-03-27 05:00:00,12.0,81.9,15.9,77.0,421.0,0,0,0.0,26.0,0,0,0.0
2024-03-27 06:00:00,12.4,85.6,15.6,77.9,421.0,0,0,0.0,26.0,0,0,0.0
2024-03-27 07:00:00,13.1,79.9,15.3,78.1,420.0,0,0,0.0,26.0,0,0,0.0
2024-03-27 08:00:00,11.4,69.2,14.9,77.2,5000.0,47,1,0.783,26.0,0,0,0.0
2024-03-27 09:00:00,15.6,74.7,15.0,76.9,5000.0,47,1,0.783,26.0,0,0,0.0
2024-03-27 10:00:00,15.5,73.7,15.1,76.6,5000.0,58,1,0.967,26.0,0,0,0.0
2024-03-27 11:00:00,17.4,74.4,15.4,76.4,5000.0,58,1,0.967,26.0,0,0,0.0
2024-03-27 12:00:00,18.7,67.1,15.7,75.5,2710.0,0,0,0.0,26.0,0,0,0.0
2024-03-27 13:00:00,20.8,67.4,24.5,73.7,420.0,0,0,0.0,26.0,1,0,0.336
2024-03-27 14:00:00,20.6,65.8,25.1,72.0,3198.0,25,1,0.417,26.0,1,0,0.253
2024-03-27 15:00:00,19.0,67.3,24.5,71.5,4587.0,25,1,0.417,26.0,0,0,0.0
2024-03-27 16:00:00,19.8,68.7,24.1,71.2,5000.0,59,1,0.983,26.0,0,0,0.0
2024-03-27 17:00:00,18.9,62.6,23.6,70.4,5000.0,59,1,0.983,26.0,0,0,0.0
2024-03-27 18:00:00,17.9,71.7,23.0,70.5,2710.0,0,0,0.0,26.0,0,0,0.0
2024-03-27 19:00:00,17.1,70.3,22.4,70.5,1565.0,0,0,0.0,26.0,0,0,0.0
2024-03-27 20:00:00,17.8,70.8,21.9,70.5,992.0,0,0,0.0,26.0,0,0,0.0
2024-03-27 21:00:00,12.7,74.5,21.0,70.9,706.0,0,0,0.0,26.0,0,0,0.0
2024-03-27 22:00:00,13.0,74.2,20.2,71.2,563.0,0,0,0.0,26.0,0,0,0.0
2024-03-27 23:00:00,12.2,80.5,19.4,72.2,492.0,0,0,0.0,26.0,0,0,0.0
2024-03-28 00:00:00,11.5,81.6,18.6,73.1,456.0,0,0,0.0,26.0,0,0,0.0
2024-03-28 01:00:00,13.4,80.9,18.1,73.9,438.0,0,0,0.0,26.0,0,0,0.0
2024-03-28 02:00:00,10.6,81.2,17.3,74.6,429.0,0,0,0.0,26.0,0,0,0.0
2024-03-28 03:00:00,8.7,81.2,16.4,75.3,424.0,0,0,0.0,26.0,0,0,0.0
2024-03-28 04:00:00,9.5,83.8,15.7,76.1,422.0,0,0,0.0,26.0,0,0,0.0
2024-03-28 05:00:00,14.2,79.8,15.6,76.5,421.0,0,0,0.0,26.0,0,0,0.0
2024-03-28 06:00:00,10.8,80.5,15.1,76.9,421.0,0,0,0.0,26.0,0,0,0.0
2024-03-28 07:00:00,13.1,79.8,14.9,77.2,420.0,0,0,0.0,26.0,0,0,0.0
2024-03-28 08:00:00,15.6,69.8,15.0,76.4,3976.0,32,1,0.533,26.0,0,0,0.0
2024-03-28 09:00:00,11.4,73.5,14.6,76.2,5000.0,32,1,0.533,26.0,0,0,0.0
2024-03-28 10:00:00,17.9,68.2,15.0,75.4,4932.0,20,1,0.333,26.0,0,0,0.0
2024-03-28 11:00:00,13.0,72.7,14.8,75.1,4898.0,20,1,0.333,26.0,0,0,0.0
2024-03-28 12:00:00,18.9,66.1,15.2,74.2,2659.0,0,0,0.0,26.0,0,0,0.0
2024-03-28 13:00:00,17.9,65.2,15.5,73.3,1540.0,0,0,0.0,26.0,0,0,0.0
2024-03-28 14:00:00,20.0,65.4,16.0,72.5,5000.0,60,1,1.0,26.0,0,0,0.0
2024-03-28 15:00:00,20.7,58.4,24.5,70.6,5000.0,60,1,1.0,26.0,1,0,0.3
2024-03-28 16:00:00,18.5,63.9,23.9,69.9,5000.0,28,1,0.467,26.0,0,0,0.0
2024-03-28 17:00:00,18.9,66.5,23.4,69.6,5000.0,28,1,0.467,26.0,0,0,0.0
2024-03-28 18:00:00,19.7,63.8,23.0,69.0,2710.0,0,0,0.0,26.0,0,0,0.0
2024-03-28 19:00:00,17.6,72.7,22.5,69.4,1565.0,0,0,0.0,26.0,0,0,0.0
2024-03-28 20:00:00,19.1,71.5,22.1,69.6,992.0,0,0,0.0,26.0,0,0,0.0
2024-03-28 21:00:00,15.5,69.6,21.5,69.6,706.0,0,0,0.0,26.0,0,0,0.0
2024-03-28 22:00:00,10.1,79.6,20.3,70.6,563.0,0,0,0.0,26.0,0,0,0.0
2024-03-28 23:00:00,12.5,82.5,19.5,71.8,492.0,0,0,0.0,26.0,0,0,0.0
2024-03-29 00:00:00,9.4,82.2,18.5,72.8,456.0,0,0,0.0,26.0,0,0,0.0
2024-03-29 01:00:00,13.5,83.2,18.0,73.9,438.0,0,0,0.0,26.0,0,0,0.0
2024-03-29 02:00:00,10.6,82.8,17.2,74.8,429.0,0,0,0.0,26.0,0,0,0.0
2024-03-29 03:00:00,7.6,87.1,16.3,76.0,424.0,0,0,0.0,26.0,0,0,0.0
2024-03-29 04:00:00,9.3,84.2,15.6,76.8,422.0,0,0,0.0,26.0,0,0,0.0
2024-03-29 05:00:00,8.3,78.4,14.8,77.0,421.0,0,0,0.0,26.0,0,0,0.0
2024-03-29 06:00:00,13.6,79.6,14.7,77.2,421.0,0,0,0.0,26.0,0,0,0.0
2024-03-29 07:00:00,14.7,78.8,14.7,77.4,420.0,0,0,0.0,26.0,0,0,0.0
2024-03-29 08:00:00,10.9,79.7,14.3,77.6,5000.0,50,1,0.833,26.0,0,0,0.0
2024-03-29 09:00:00,14.1,77.1,14.3,77.6,5000.0,50,1,0.833,26.0,0,0,0.0
2024-03-29 10:00:00,16.3,68.3,14.6,76.6,5000.0,29,1,0.483,26.0,0,0,0.0
2024-03-29 11:00:00,17.7,77.6,14.9,76.7,5000.0,29,1,0.483,26.0,0,0,0.0
2024-03-29 12:00:00,19.3,69.2,15.4,76.0,2710.0,0,0,0.0,26.0,0,0,0.0
2024-03-29 13:00:00,20.9,68.7,24.5,74.3,420.0,0,0,0.0,26.0,1,0,0.336
2024-03-29 14:00:00,20.1,64.0,25.1,72.5,3198.0,25,1,0.417,26.0,1,0,0.369
2024-03-29 15:00:00,20.4,70.1,25.5,70.9,2642.0,25,1,0.417,26.0,1,0,0.317
2024-03-29 16:00:00,18.6,71.5,24.8,70.9,5000.0,48,1,0.8,26.0,0,0,0.0
2024-03-29 17:00:00,19.2,65.4,24.3,70.4,5000.0,48,1,0.8,26.0,0,0,0.0
2024-03-29 18:00:00,20.0,68.5,23.8,70.2,2710.0,0,0,0.0,26.0,0,0,0.0
2024-03-29 19:00:00,18.6,70.1,23.3,70.2,1565.0,0,0,0.0,26.0,0,0,0.0
2024-03-29 20:00:00,16.2,74.4,22.6,70.6,992.0,0,0,0.0,26.0,0,0,0.0
2024-03-29 21:00:00,15.4,69.0,21.9,70.5,706.0,0,0,0.0,26.0,0,0,0.0
2024-03-29 22:00:00,12.0,79.9,20.9,71.4,563.0,0,0,0.0,26.0,0,0,0.0
2024-03-29 23:00:00,12.3,77.4,20.0,72.0,492.0,0,0,0.0,26.0,0,0,0.0
2024-03-30 00:00:00,9.4,77.4,18.9,72.5,456.0,0,0,0.0,26.0,0,0,0.0
2024-03-30 01:00:00,7.6,81.6,17.8,73.4,438.0,0,0,0.0,26.0,0,0,0.0
2024-03-30 02:00:00,9.3,79.8,16.9,74.1,429.0,0,0,0.0,26.0,0,0,0.0
2024-03-30 03:00:00,9.9,84.1,16.2,75.1,424.0,0,0,0.0,26.0,0,0,0.0
2024-03-30 04:00:00,13.3,78.2,15.9,75.4,422.0,0,0,0.0,26.0,0,0,0.0
2024-03-30 05:00:00,12.4,84.8,15.5,76.3,421.0,0,0,0.0,26.0,0,0,0.0
2024-03-30 06:00:00,10.3,81.3,15.0,76.8,421.0,0,0,0.0,26.0,0,0,0.0
2024-03-30 07:00:00,11.8,79.6,14.7,77.1,420.0,0,0,0.0,26.0,0,0,0.0
2024-03-30 08:00:00,16.0,78.9,14.8,77.3,420.0,0,0,0.0,26.0,0,0,0.0
2024-03-30 09:00:00,15.8,73.7,14.9,76.9,420.0,0,0,0.0,26.0,0,0,0.0
2024-03-30 10:00:00,14.1,72.3,14.8,76.5,420.0,0,0,0.0,26.0,0,0,0.0
2024-03-30 11:00:00,19.3,66.4,15.3,75.5,420.0,0,0,0.0,26.0,0,0,0.0
2024-03-30 12:00:00,17.0,69.7,15.5,74.9,420.0,0,0,0.0,26.0,0,0,0.0
2024-03-30 13:00:00,17.9,65.7,15.7,74.0,420.0,0,0,0.0,26.0,0,0,0.0
2024-03-30 14:00:00,19.2,63.2,16.1,72.9,420.0,0,0,0.0,26.0,0,0,0.0
2024-03-30 15:00:00,18.5,69.1,16.3,72.5,420.0,0,0,0.0,26.0,0,0,0.0
2024-03-30 16:00:00,17.9,62.5,16.5,71.5,420.0,0,0,0.0,26.0,0,0,0.0
2024-03-30 17:00:00,18.4,70.3,16.7,71.4,420.0,0,0,0.0,26.0,0,0,0.0
2024-03-30 18:00:00,18.2,67.9,16.8,71.0,420.0,0,0,0.0,26.0,0,0,0.0
2024-03-30 19:00:00,17.6,65.8,16.9,70.5,420.0,0,0,0.0,26.0,0,0,0.0
2024-03-30 20:00:00,17.0,74.1,16.9,70.9,420.0,0,0,0.0,26.0,0,0,0.0
2024-03-30 21:00:00,14.4,78.0,16.7,71.6,420.0,0,0,0.0,26.0,0,0,0.0
2024-03-30 22:00:00,12.0,80.5,16.2,72.5,420.0,0,0,0.0,26.0,0,0,0.0
2024-03-30 23:00:00,12.7,78.0,15.8,73.0,420.0,0,0,0.0,26.0,0,0,0.0
2024-03-31 00:00:00,11.4,80.3,15.4,73.8,420.0,0,0,0.0,26.0,0,0,0.0
2024-03-31 01:00:00,12.5,78.7,15.1,74.3,420.0,0,0,0.0,26.0,0,0,0.0
2024-03-31 02:00:00,9.0,85.8,14.5,75.4,420.0,0,0,0.0,26.0,0,0,0.0
2024-03-31 03:00:00,9.1,85.7,13.9,76.4,420.0,0,0,0.0,26.0,0,0,0.0
2024-03-31 04:00:00,12.7,81.5,13.8,76.9,420.0,0,0,0.0,26.0,0,0,0.0
2024-03-31 05:00:00,11.7,78.5,13.6,77.1,420.0,0,0,0.0,26.0,0,0,0.0
2024-03-31 06:00:00,12.6,81.3,13.5,77.5,420.0,0,0,0.0,26.0,0,0,0.0
2024-03-31 07:00:00,13.2,77.1,13.5,77.5,420.0,0,0,0.0,26.0,0,0,0.0
2024-03-31 08:00:00,11.2,78.6,13.2,77.6,420.0,0,0,0.0,26.0,0,0,0.0
2024-03-31 09:00:00,11.9,74.0,13.1,77.2,420.0,0,0,0.0,26.0,0,0,0.0
2024-03-31 10:00:00,17.7,73.5,13.6,76.9,420.0,0,0,0.0,26.0,0,0,0.0
2024-03-31 11:00:00,20.4,74.1,24.5,75.3,420.0,0,0,0.0,26.0,1,0,0.291
2024-03-31 12:00:00,17.6,69.4,23.8,74.7,420.0,0,0,0.0,26.0,0,0,0.0
2024-03-31 13:00:00,19.3,63.3,23.3,73.5,420.0,0,0,0.0,26.0,0,0,0.0
2024-03-31 14:00:00,18.4,65.6,22.8,72.8,420.0,0,0,0.0,26.0,0,0,0.0
2024-03-31 15:00:00,16.9,67.1,22.2,72.2,420.0,0,0,0.0,26.0,0,0,0.0
2024-03-31 16:00:00,19.5,62.3,22.0,71.2,420.0,0,0,0.0,26.0,0,0,0.0
2024-03-31 17:00:00,19.9,70.2,21.8,71.1,420.0,0,0,0.0,26.0,0,0,0.0
2024-03-31 18:00:00,18.9,68.4,21.5,70.8,420.0,0,0,0.0,26.0,0,0,0.0
2024-03-31 19:00:00,18.4,73.0,21.2,71.0,420.0,0,0,0.0,26.0,0,0,0.0
2024-03-31 20:00:00,16.8,70.5,20.7,71.0,420.0,0,0,0.0,26.0,0,0,0.0
2024-03-31 21:00:00,15.4,78.6,20.2,71.8,420.0,0,0,0.0,26.0,0,0,0.0
2024-03-31 22:00:00,12.8,83.4,19.4,72.9,420.0,0,0,0.0,26.0,0,0,0.0
2024-03-31 23:00:00,11.7,79.1,18.6,73.5,420.0,0,0,0.0,26.0,0,0,0.0
2024-04-01 00:00:00,15.5,84.3,18.3,74.6,420.0,0,0,0.0,26.0,0,0,0.0
2024-04-01 01:00:00,13.1,83.3,17.8,75.5,420.0,0,0,0.0,26.0,0,0,0.0
2024-04-01 02:00:00,13.5,86.1,17.4,76.5,420.0,0,0,0.0,26.0,0,0,0.0
2024-04-01 03:00:00,16.5,87.9,17.3,77.7,420.0,0,0,0.0,26.0,0,0,0.0
2024-04-01 04:00:00,11.6,91.9,16.7,79.1,420.0,0,0,0.0,26.0,0,0,0.0
2024-04-01 05:00:00,16.1,82.6,16.6,79.5,420.0,0,0,0.0,26.0,0,0,0.0
2024-04-01 06:00:00,16.7,84.2,16.6,79.9,420.0,0,0,0.0,26.0,0,0,0.0
2024-04-01 07:00:00,16.5,82.6,16.6,80.2,420.0,0,0,0.0,26.0,0,0,0.0
2024-04-01 08:00:00,17.8,78.9,16.8,80.1,3087.0,24,1,0.4,26.0,0,0,0.0
2024-04-01 09:00:00,19.0,73.7,17.0,79.4,4420.0,24,1,0.4,26.0,0,0,0.0
2024-04-01 10:00:00,21.5,77.7,24.5,77.9,5000.0,55,1,0.917,26.0,1,0,0.276
2024-04-01 11:00:00,23.3,76.5,25.1,76.3,5000.0,55,1,0.917,26.0,1,0,0.353
2024-04-01 12:00:00,24.0,70.7,25.5,74.7,420.0,0,0,0.0,26.0,1,0,0.317
2024-04-01 13:00:00,25.6,67.0,25.7,72.9,420.0,0,0,0.0,26.0,1,0,0.28
2024-04-01 14:00:00,23.5,67.4,25.8,71.3,5000.0,47,1,0.783,26.0,1,0,0.295
2024-04-01 15:00:00,26.6,72.8,25.9,69.8,4726.0,47,1,0.783,26.0,1,0,0.307
2024-04-01 16:00:00,25.6,73.5,26.0,68.4,3670.0,37,1,0.617,26.0,1,0,0.313
2024-04-01 17:00:00,23.0,72.1,26.0,67.0,3881.0,37,1,0.617,26.0,1,0,0.278
2024-04-01 18:00:00,23.3,74.9,26.0,65.8,420.0,0,0,0.0,26.0,1,0,0.285
2024-04-01 19:00:00,22.3,72.8,26.0,64.5,420.0,0,0,0.0,26.0,1,0,0.26
2024-04-01 20:00:00,22.1,78.6,26.0,63.4,420.0,0,0,0.0,26.0,1,0,0.325
2024-04-01 21:00:00,19.0,77.8,25.3,64.8,420.0,0,0,0.0,26.0,0,0,0.0
2024-04-01 22:00:00,17.1,72.6,24.5,65.6,420.0,0,0,0.0,26.0,0,0,0.0
2024-04-01 23:00:00,17.8,83.8,23.8,67.4,420.0,0,0,0.0,26.0,0,0,0.0
2024-04-02 00:00:00,16.9,77.8,23.1,68.5,420.0,0,0,0.0,26.0,0,0,0.0
2024-04-02 01:00:00,15.1,78.3,22.3,69.5,420.0,0,0,0.0,26.0,0,0,0.0
2024-04-02 02:00:00,17.2,82.5,21.8,70.8,420.0,0,0,0.0,26.0,0,0,0.0
2024-04-02 03:00:00,16.9,88.8,21.3,72.6,420.0,0,0,0.0,26.0,0,0,0.0
2024-04-02 04:00:00,13.8,82.3,20.5,73.5,420.0,0,0,0.0,26.0,0,0,0.0
2024-04-02 05:00:00,16.2,82.4,20.1,74.4,420.0,0,0,0.0,26.0,0,0,0.0
2024-04-02 06:00:00,16.6,82.2,19.7,75.2,420.0,0,0,0.0,26.0,0,0,0.0
2024-04-02 07:00:00,14.8,75.3,19.2,75.2,420.0,0,0,0.0,26.0,0,0,0.0
2024-04-02 08:00:00,19.0,78.4,19.2,75.5,5000.0,49,1,0.817,26.0,0,0,0.0
2024-04-02 09:00:00,19.2,80.1,19.3,76.0,5000.0,49,1,0.817,26.0,0,0,0.0
2024-04-02 10:00:00,23.1,75.1,24.5,74.5,1948.0,22,1,0.367,26.0,1,0,0.292
2024-04-02 11:00:00,22.0,75.5,25.1,73.0,2559.0,22,1,0.367,26.0,1,0,0.311
2024-04-02 12:00:00,21.5,73.0,25.5,71.5,420.0,0,0,0.0,26.0,1,0,0.334
2024-04-02 13:00:00,25.2,73.1,25.7,70.0,420.0,0,0,0.0,26.0,1,0,0.305
2024-04-02 14:00:00,21.9,68.0,25.8,68.5,5000.0,60,1,1.0,26.0,1,0,0.297
2024-04-02 15:00:00,23.7,70.3,25.9,67.0,5000.0,60,1,1.0,26.0,1,0,0.305
2024-04-02 16:00:00,25.6,74.8,26.0,65.8,4282.0,43,1,0.717,26.0,1,0,0.302
2024-04-02 17:00:00,23.6,69.6,26.0,64.4,4425.0,43,1,0.717,26.0,1,0,0.33
2024-04-02 18:00:00,25.3,73.2,26.0,63.1,420.0,0,0,0.0,26.0,1,0,0.307
2024-04-02 19:00:00,24.4,74.9,26.0,62.0,420.0,0,0,0.0,26.0,1,0,0.287
2024-04-02 20:00:00,19.6,71.9,25.3,63.0,420.0,0,0,0.0,26.0,0,0,0.0
2024-04-02 21:00:00,17.7,80.0,24.6,64.7,420.0,0,0,0.0,26.0,0,0,0.0
2024-04-02 22:00:00,20.5,85.6,25.1,63.8,420.0,0,0,0.0,26.0,1,0,0.325
2024-04-02 23:00:00,18.8,85.5,24.5,66.0,420.0,0,0,0.0,26.0,0,0,0.0
2024-04-03 00:00:00,15.6,80.2,23.6,67.4,420.0,0,0,0.0,26.0,0,0,0.0
2024-04-03 01:00:00,16.9,86.2,22.9,69.3,420.0,0,0,0.0,26.0,0,0,0.0
2024-04-03 02:00:00,15.3,86.9,22.1,71.0,420.0,0,0,0.0,26.0,0,0,0.0
2024-04-03 03:00:00,15.5,89.9,21.5,72.9,420.0,0,0,0.0,26.0,0,0,0.0
2024-04-03 04:00:00,17.1,87.4,21.0,74.4,420.0,0,0,0.0,26.0,0,0,0.0
2024-04-03 05:00:00,16.9,86.5,20.6,75.6,420.0,0,0,0.0,26.0,0,0,0.0
2024-04-03 06:00:00,15.8,85.9,20.1,76.6,420.0,0,0,0.0,26.0,0,0,0.0
2024-04-03 07:00:00,15.4,85.2,19.6,77.5,420.0,0,0,0.0,26.0,0,0,0.0
2024-04-03 08:00:00,16.9,80.9,19.4,77.8,5000.0,50,1,0.833,26.0,0,0,0.0
2024-04-03 09:00:00,18.7,79.7,19.4,78.0,5000.0,50,1,0.833,26.0,0,0,0.0
2024-04-03 10:00:00,21.2,71.1,24.5,76.3,2615.0,28,1,0.467,26.0,1,0,0.33
2024-04-03 11:00:00,23.1,72.3,25.1,74.7,3092.0,28,1,0.467,26.0,1,0,0.268
2024-04-03 12:00:00,24.9,72.3,25.5,73.1,420.0,0,0,0.0,26.0,1,0,0.337
2024-04-03 13:00:00,24.9,68.2,25.7,71.5,420.0,0,0,0.0,26.0,1,0,0.309
2024-04-03 14:00:00,23.9,68.9,25.8,69.9,4420.0,36,1,0.6,26.0,1,0,0.307
2024-04-03 15:00:00,26.3,75.0,25.9,68.5,3620.0,36,1,0.6,26.0,1,0,0.324
2024-04-03 16:00:00,23.6,73.5,26.0,67.2,3447.0,33,1,0.55,26.0,1,0,0.286
2024-04-03 17:00:00,21.1,67.5,26.0,65.7,3481.0,33,1,0.55,26.0,1,0,0.323
2024-04-03 18:00:00,22.1,68.3,26.0,64.3,420.0,0,0,0.0,26.0,1,0,0.291
2024-04-03 19:00:00,20.1,75.2,26.0,63.1,420.0,0,0,0.0,26.0,1,0,0.265
2024-04-03 20:00:00,21.0,77.1,26.0,62.0,420.0,0,0,0.0,26.0,1,0,0.276
2024-04-03 21:00:00,21.0,78.8,26.0,61.0,420.0,0,0,0.0,26.0,1,0,0.314
2024-04-03 22:00:00,19.7,79.9,25.3,62.9,420.0,0,0,0.0,26.0,0,0,0.0
2024-04-03 23:00:00,15.7,85.2,24.4,65.1,420.0,0,0,0.0,26.0,0,0,0.0
2024-04-04 00:00:00,15.6,80.9,23.5,66.7,420.0,0,0,0.0,26.0,0,0,0.0
2024-04-04 01:00:00,15.4,82.2,22.7,68.3,420.0,0,0,0.0,26.0,0,0,0.0
2024-04-04 02:00:00,14.5,86.8,21.8,70.1,420.0,0,0,0.0,26.0,0,0,0.0
2024-04-04 03:00:00,15.5,83.3,21.2,71.4,420.0,0,0,0.0,26.0,0,0,0.0
2024-04-04 04:00:00,14.4,89.0,20.5,73.2,420.0,0,0,0.0,26.0,0,0,0.0
2024-04-04 05:00:00,16.4,91.2,20.1,75.0,420.0,0,0,0.0,26.0,0,0,0.0
2024-04-04 06:00:00,18.2,87.1,19.9,76.2,420.0,0,0,0.0,26.0,0,0,0.0
2024-04-04 07:00:00,15.4,84.3,19.4,77.0,420.0,0,0,0.0,26.0,0,0,0.0
2024-04-04 08:00:00,18.6,78.4,19.4,77.2,5000.0,43,1,0.717,26.0,0,0,0.0
2024-04-04 09:00:00,20.3,80.8,24.5,75.8,4282.0,43,1,0.717,26.0,1,0,0.277
2024-04-04 10:00:00,22.0,73.3,25.1,74.2,3425.0,34,1,0.567,26.0,1,0,0.339
2024-04-04 11:00:00,23.6,72.1,25.5,72.6,3597.0,34,1,0.567,26.0,1,0,0.329
2024-04-04 12:00:00,23.9,71.4,25.7,71.1,420.0,0,0,0.0,26.0,1,0,0.332
2024-04-04 13:00:00,24.0,73.4,25.8,69.7,420.0,0,0,0.0,26.0,1,0,0.303
2024-04-04 14:00:00,23.3,76.1,25.9,68.4,3198.0,25,1,0.417,26.0,1,0,0.306
2024-04-04 15:00:00,22.3,68.2,25.9,66.8,2642.0,25,1,0.417,26.0,1,0,0.271
2024-04-04 16:00:00,25.4,72.0,26.0,65.5,2864.0,26,1,0.433,26.0,1,0,0.324
2024-04-04 17:00:00,24.2,70.9,26.0,64.2,2820.0,26,1,0.433,26.0,1,0,0.309
2024-04-04 18:00:00,24.2,71.6,26.0,62.9,420.0,0,0,0.0,26.0,1,0,0.314
2024-04-04 19:00:00,24.6,76.5,26.0,61.8,420.0,0,0,0.0,26.0,1,0,0.341
2024-04-04 20:00:00,22.6,73.0,26.0,60.6,420.0,0,0,0.0,26.0,1,0,0.285
2024-04-04 21:00:00,19.9,77.1,25.4,62.3,420.0,0,0,0.0,26.0,0,0,0.0
2024-04-04 22:00:00,17.2,81.2,24.5,64.2,420.0,0,0,0.0,26.0,0,0,0.0
2024-04-04 23:00:00,16.7,84.0,23.8,66.2,420.0,0,0,0.0,26.0,0,0,0.0
2024-04-05 00:00:00,14.9,88.8,22.9,68.4,420.0,0,0,0.0,26.0,0,0,0.0
2024-04-05 01:00:00,14.3,85.6,22.0,70.1,420.0,0,0,0.0,26.0,0,0,0.0
2024-04-05 02:00:00,16.4,84.0,21.4,71.5,420.0,0,0,0.0,26.0,0,0,0.0
2024-04-05 03:00:00,16.3,82.3,20.9,72.6,420.0,0,0,0.0,26.0,0,0,0.0
2024-04-05 04:00:00,17.3,85.8,20.5,73.9,420.0,0,0,0.0,26.0,0,0,0.0
2024-04-05 05:00:00,14.8,84.0,20.0,74.9,420.0,0,0,0.0,26.0,0,0,0.0
2024-04-05 06:00:00,17.7,81.9,19.7,75.6,420.0,0,0,0.0,26.0,0,0,0.0
2024-04-05 07:00:00,16.4,81.3,19.4,76.2,420.0,0,0,0.0,26.0,0,0,0.0
2024-04-05 08:00:00,16.9,85.5,19.2,77.1,4420.0,36,1,0.6,26.0,0,0,0.0
2024-04-05 09:00:00,19.2,80.5,19.2,77.5,5000.0,36,1,0.6,26.0,0,0,0.0
2024-04-05 10:00:00,21.6,73.0,24.5,75.8,4837.0,48,1,0.8,26.0,1,0,0.297
2024-04-05 11:00:00,22.5,76.4,25.1,74.3,4870.0,48,1,0.8,26.0,1,0,0.308
2024-04-05 12:00:00,23.3,75.9,25.5,72.9,420.0,0,0,0.0,26.0,1,0,0.278
2024-04-05 13:00:00,25.9,73.8,25.7,71.4,420.0,0,0,0.0,26.0,1,0,0.295
2024-04-05 14:00:00,24.1,67.0,25.8,69.8,3753.0,30,1,0.5,26.0,1,0,0.312
2024-04-05 15:00:00,24.1,70.6,25.9,68.3,3087.0,30,1,0.5,26.0,1,0,0.292
2024-04-05 16:00:00,25.6,63.8,26.0,66.7,4887.0,45,1,0.75,26.0,1,0,0.331
2024-04-05 17:00:00,24.3,71.5,26.0,65.3,4527.0,45,1,0.75,26.0,1,0,0.264
2024-04-05 18:00:00,23.1,76.2,26.0,64.1,420.0,0,0,0.0,26.0,1,0,0.327
2024-04-05 19:00:00,23.1,77.9,26.0,63.1,420.0,0,0,0.0,26.0,1,0,0.316
2024-04-05 20:00:00,21.0,78.7,26.0,62.0,420.0,0,0,0.0,26.0,1,0,0.286
2024-04-05 21:00:00,22.5,81.9,26.0,61.1,420.0,0,0,0.0,26.0,1,0,0.278
2024-04-05 22:00:00,17.1,79.3,25.1,62.9,420.0,0,0,0.0,26.0,0,0,0.0
2024-04-05 23:00:00,17.0,83.5,24.3,65.0,420.0,0,0,0.0,26.0,0,0,0.0
2024-04-06 00:00:00,17.5,81.1,23.6,66.6,420.0,0,0,0.0,26.0,0,0,0.0
2024-04-06 01:00:00,15.8,78.9,22.8,67.8,420.0,0,0,0.0,26.0,0,0,0.0
2024-04-06 02:00:00,17.3,84.2,22.2,69.5,420.0,0,0,0.0,26.0,0,0,0.0
2024-04-06 03:00:00,15.1,85.1,21.5,71.0,420.0,0,0,0.0,26.0,0,0,0.0
2024-04-06 04:00:00,16.9,77.2,21.0,71.7,420.0,0,0,0.0,26.0,0,0,0.0
2024-04-06 05:00:00,15.6,84.6,20.5,72.9,420.0,0,0,0.0,26.0,0,0,0.0
2024-04-06 06:00:00,15.8,88.8,20.0,74.5,420.0,0,0,0.0,26.0,0,0,0.0
2024-04-06 07:00:00,16.2,84.3,19.6,75.5,420.0,0,0,0.0,26.0,0,0,0.0
2024-04-06 08:00:00,19.2,83.9,19.6,76.3,420.0,0,0,0.0,26.0,0,0,0.0
2024-04-06 09:00:00,19.0,75.8,19.5,76.3,420.0,0,0,0.0,26.0,0,0,0.0
2024-04-06 10:00:00,22.9,77.2,24.5,74.8,420.0,0,0,0.0,26.0,1,0,0.25
2024-04-06 11:00:00,20.2,72.4,25.1,73.2,420.0,0,0,0.0,26.0,1,0,0.281
2024-04-06 12:00:00,24.1,74.9,25.5,71.8,420.0,0,0,0.0,26.0,1,0,0.325
2024-04-06 13:00:00,23.3,62.3,25.7,70.0,420.0,0,0,0.0,26.0,1,0,0.299
2024-04-06 14:00:00,25.6,66.6,25.8,68.4,420.0,0,0,0.0,26.0,1,0,0.328
2024-04-06 15:00:00,22.0,61.5,25.9,66.7,420.0,0,0,0.0,26.0,1,0,0.285
2024-04-06 16:00:00,26.1,70.7,25.9,65.3,420.0,0,0,0.0,26.0,1,0,0.317
2024-04-06 17:00:00,24.0,75.2,26.0,64.1,420.0,0,0,0.0,26.0,1,0,0.283
2024-04-06 18:00:00,24.5,77.2,26.0,63.0,420.0,0,0,0.0,26.0,1,0,0.277
2024-04-06 19:00:00,20.4,73.9,26.0,61.8,420.0,0,0,0.0,26.0,1,0,0.297
2024-04-06 20:00:00,18.9,75.2,25.3,63.2,420.0,0,0,0.0,26.0,0,0,0.0
2024-04-06 21:00:00,19.6,79.9,24.7,64.8,420.0,0,0,0.0,26.0,0,0,0.0
2024-04-06 22:00:00,18.8,81.9,24.1,66.6,420.0,0,0,0.0,26.0,0,0,0.0
2024-04-06 23:00:00,18.6,88.5,23.5,68.7,420.0,0,0,0.0,26.0,0,0,0.0
2024-04-07 00:00:00,16.0,80.8,22.8,70.0,420.0,0,0,0.0,26.0,0,0,0.0
2024-04-07 01:00:00,16.0,82.5,22.1,71.2,420.0,0,0,0.0,26.0,0,0,0.0
2024-04-07 02:00:00,17.4,84.9,21.6,72.6,420.0,0,0,0.0,26.0,0,0,0.0
2024-04-07 03:00:00,14.2,84.6,20.9,73.8,420.0,0,0,0.0,26.0,0,0,0.0
2024-04-07 04:00:00,16.2,85.3,20.4,74.9,420.0,0,0,0.0,26.0,0,0,0.0
2024-04-07 05:00:00,14.7,89.9,19.8,76.4,420.0,0,0,0.0,26.0,0,0,0.0
2024-04-07 06:00:00,15.2,83.8,19.3,77.2,420.0,0,0,0.0,26.0,0,0,0.0
2024-04-07 07:00:00,18.5,77.1,19.3,77.2,420.0,0,0,0.0,26.0,0,0,0.0
2024-04-07 08:00:00,19.4,76.9,19.3,77.1,420.0,0,0,0.0,26.0,0,0,0.0
2024-04-07 09:00:00,21.2,75.1,24.5,75.6,420.0,0,0,0.0,26.0,1,0,0.284
2024-04-07 10:00:00,22.3,79.2,25.1,74.2,420.0,0,0,0.0,26.0,1,0,0.263
2024-04-07 11:00:00,23.8,74.8,25.5,72.7,420.0,0,0,0.0,26.0,1,0,0.296
2024-04-07 12:00:00,23.2,70.6,25.7,71.1,420.0,0,0,0.0,26.0,1,0,0.303
2024-04-07 13:00:00,26.5,69.0,25.8,69.6,420.0,0,0,0.0,26.0,1,0,0.33
2024-04-07 14:00:00,23.3,72.3,25.9,68.2,420.0,0,0,0.0,26.0,1,0,0.322
2024-04-07 15:00:00,23.8,67.1,25.9,66.6,420.0,0,0,0.0,26.0,1,0,0.329
2024-04-07 16:00:00,22.7,68.8,26.0,65.2,420.0,0,0,0.0,26.0,1,0,0.317
2024-04-07 17:00:00,24.2,71.8,26.0,63.9,420.0,0,0,0.0,26.0,1,0,0.308
2024-04-07 18:00:00,25.0,73.9,26.0,62.7,420.0,0,0,0.0,26.0,1,0,0.271
2024-04-07 19:00:00,22.2,73.4,26.0,61.5,420.0,0,0,0.0,26.0,1,0,0.304
2024-04-07 20:00:00,22.1,79.7,26.0,60.6,420.0,0,0,0.0,26.0,1,0,0.314
2024-04-07 21:00:00,20.2,76.6,26.0,59.5,420.0,0,0,0.0,26.0,1,0,0.335
2024-04-07 22:00:00,17.2,75.7,25.1,61.2,420.0,0,0,0.0,26.0,0,0,0.0
2024-04-07 23:00:00,18.5,83.7,24.4,63.4,420.0,0,0,0.0,26.0,0,0,0.0
2024-04-08 00:00:00,17.3,83.3,23.7,65.4,420.0,0,0,0.0,26.0,0,0,0.0
2024-04-08 01:00:00,17.8,83.5,23.1,67.2,420.0,0,0,0.0,26.0,0,0,0.0
2024-04-08 02:00:00,16.6,85.6,22.4,69.0,420.0,0,0,0.0,26.0,0,0,0.0
2024-04-08 03:00:00,14.1,87.8,21.6,70.9,420.0,0,0,0.0,26.0,0,0,0.0
2024-04-08 04:00:00,15.8,86.8,21.0,72.5,420.0,0,0,0.0,26.0,0,0,0.0
2024-04-08 05:00:00,15.8,84.8,20.5,73.7,420.0,0,0,0.0,26.0,0,0,0.0
2024-04-08 06:00:00,20.0,87.2,20.4,75.1,420.0,0,0,0.0,26.0,0,0,0.0
2024-04-08 07:00:00,18.6,82.3,20.2,75.8,420.0,0,0,0.0,26.0,0,0,0.0
2024-04-08 08:00:00,20.2,81.6,24.5,74.5,5000.0,44,1,0.733,26.0,1,0,0.316
2024-04-08 09:00:00,20.0,77.1,24.1,74.7,5000.0,44,1,0.733,26.0,0,0,0.0
2024-04-08 10:00:00,21.2,66.4,24.9,73.0,5000.0,52,1,0.867,26.0,1,0,0.33
2024-04-08 11:00:00,22.8,72.5,25.3,71.5,5000.0,52,1,0.867,26.0,1,0,0.275
2024-04-08 12:00:00,25.9,72.4,25.6,70.0,420.0,0,0,0.0,26.0,1,0,0.292
2024-04-08 13:00:00,22.5,70.9,25.8,68.5,420.0,0,0,0.0,26.0,1,0,0.31
2024-04-08 14:00:00,23.3,71.7,25.9,67.1,3864.0,31,1,0.517,26.0,1,0,0.328
2024-04-08 15:00:00,25.4,72.9,25.9,65.8,3176.0,31,1,0.517,26.0,1,0,0.297
2024-04-08 16:00:00,23.6,70.4,26.0,64.4,2424.0,23,1,0.383,26.0,1,0,0.298
2024-04-08 17:00:00,22.3,73.2,26.0,63.2,2575.0,23,1,0.383,26.0,1,0,0.316
2024-04-08 18:00:00,24.3,73.8,26.0,62.0,420.0,0,0,0.0,26.0,1,0,0.273
2024-04-08 19:00:00,22.5,75.2,26.0,60.9,420.0,0,0,0.0,26.0,1,0,0.339
2024-04-08 20:00:00,23.7,75.1,26.0,59.8,420.0,0,0,0.0,26.0,1,0,0.279
2024-04-08 21:00:00,20.2,74.7,26.0,58.8,420.0,0,0,0.0,26.0,1,0,0.254
2024-04-08 22:00:00,17.4,80.4,25.1,60.9,420.0,0,0,0.0,26.0,0,0,0.0
2024-04-08 23:00:00,19.2,81.2,24.5,63.0,420.0,0,0,0.0,26.0,0,0,0.0
2024-04-09 00:00:00,16.1,82.4,23.7,64.9,420.0,0,0,0.0,26.0,0,0,0.0
2024-04-09 01:00:00,14.9,85.8,22.8,67.0,420.0,0,0,0.0,26.0,0,0,0.0
2024-04-09 02:00:00,12.9,89.6,21.8,69.3,420.0,0,0,0.0,26.0,0,0,0.0
2024-04-09 03:00:00,14.0,88.2,21.0,71.2,420.0,0,0,0.0,26.0,0,0,0.0
2024-04-09 04:00:00,13.3,87.7,20.2,72.8,420.0,0,0,0.0,26.0,0,0,0.0
2024-04-09 05:00:00,16.7,86.1,19.8,74.1,420.0,0,0,0.0,26.0,0,0,0.0
2024-04-09 06:00:00,15.0,84.4,19.4,75.2,420.0,0,0,0.0,26.0,0,0,0.0
2024-04-09 07:00:00,15.7,81.2,19.0,75.8,420.0,0,0,0.0,26.0,0,0,0.0
2024-04-09 08:00:00,20.3,82.5,24.5,74.5,5000.0,43,1,0.717,26.0,1,0,0.3
2024-04-09 09:00:00,20.0,75.1,24.1,74.5,5000.0,43,1,0.717,26.0,0,0,0.0
2024-04-09 10:00:00,22.3,76.0,24.9,73.1,2726.0,29,1,0.483,26.0,1,0,0.341
2024-04-09 11:00:00,19.0,76.3,24.3,73.4,4795.0,29,1,0.483,26.0,0,0,0.0
2024-04-09 12:00:00,23.5,76.0,25.0,72.0,420.0,0,0,0.0,26.0,1,0,0.314
2024-04-09 13:00:00,22.7,61.5,25.4,70.2,420.0,0,0,0.0,26.0,1,0,0.318
2024-04-09 14:00:00,25.2,71.1,25.7,68.7,5000.0,59,1,0.983,26.0,1,0,0.301
2024-04-09 15:00:00,22.5,67.1,25.8,67.1,5000.0,59,1,0.983,26.0,1,0,0.296
2024-04-09 16:00:00,29.0,69.4,25.9,65.7,4948.0,49,1,0.817,26.0,1,0,0.263
2024-04-09 17:00:00,25.4,69.1,26.0,64.3,4959.0,49,1,0.817,26.0,1,0,0.246
2024-04-09 18:00:00,20.4,71.8,26.0,63.0,420.0,0,0,0.0,26.0,1,0,0.305
2024-04-09 19:00:00,22.1,72.8,26.0,61.8,420.0,0,0,0.0,26.0,1,0,0.332
2024-04-09 20:00:00,21.1,76.7,26.0,60.8,420.0,0,0,0.0,26.0,1,0,0.308
2024-04-09 21:00:00,19.8,74.2,25.4,62.1,420.0,0,0,0.0,26.0,0,0,0.0
2024-04-09 22:00:00,19.4,74.2,24.8,63.3,420.0,0,0,0.0,26.0,0,0,0.0
2024-04-09 23:00:00,14.4,84.2,23.7,65.4,420.0,0,0,0.0,26.0,0,0,0.0
2024-04-10 00:00:00,17.2,83.5,23.0,67.2,420.0,0,0,0.0,26.0,0,0,0.0
2024-04-10 01:00:00,13.6,82.8,22.1,68.8,420.0,0,0,0.0,26.0,0,0,0.0
2024-04-10 02:00:00,14.8,80.9,21.3,70.0,420.0,0,0,0.0,26.0,0,0,0.0
2024-04-10 03:00:00,13.9,88.0,20.6,71.8,420.0,0,0,0.0,26.0,0,0,0.0
2024-04-10 04:00:00,17.3,84.5,20.3,73.1,420.0,0,0,0.0,26.0,0,0,0.0
2024-04-10 05:00:00,16.8,79.2,19.9,73.7,420.0,0,0,0.0,26.0,0,0,0.0
2024-04-10 06:00:00,17.5,81.2,19.7,74.4,420.0,0,0,0.0,26.0,0,0,0.0
2024-04-10 07:00:00,18.0,81.3,19.5,75.1,420.0,0,0,0.0,26.0,0,0,0.0
2024-04-10 08:00:00,20.7,77.4,24.5,73.7,5000.0,56,1,0.933,26.0,1,0,0.315
2024-04-10 09:00:00,20.9,77.2,25.1,72.3,5000.0,56,1,0.933,26.0,1,0,0.338
2024-04-10 10:00:00,21.1,75.4,25.5,70.9,2948.0,31,1,0.517,26.0,1,0,0.308
2024-04-10 11:00:00,21.2,74.0,25.7,69.5,3359.0,31,1,0.517,26.0,1,0,0.297
2024-04-10 12:00:00,23.4,73.1,25.8,68.1,420.0,0,0,0.0,26.0,1,0,0.28
2024-04-10 13:00:00,24.5,73.5,25.9,66.7,420.0,0,0,0.0,26.0,1,0,0.349
2024-04-10 14:00:00,26.2,67.1,25.9,65.3,2753.0,21,1,0.35,26.0,1,0,0.313
2024-04-10 15:00:00,26.3,66.4,26.0,63.8,2287.0,21,1,0.35,26.0,1,0,0.277
2024-04-10 16:00:00,25.7,72.1,26.0,62.5,3158.0,28,1,0.467,26.0,1,0,0.272
2024-04-10 17:00:00,21.5,71.4,26.0,61.3,2984.0,28,1,0.467,26.0,1,0,0.824
2024-04-10 18:00:00,22.8,70.1,26.0,60.1,420.0,0,0,0.0,26.0,1,0,-0.296
2024-04-10 19:00:00,24.5,72.0,26.0,58.9,420.0,0,0,0.0,26.0,1,0,-0.106
2024-04-10 20:00:00,20.1,76.2,26.0,57.9,420.0,0,0,0.0,26.0,1,0,-0.599
2024-04-10 21:00:00,21.0,77.6,26.0,57.0,420.0,0,0,0.0,26.0,1,0,-0.498
2024-04-10 22:00:00,20.5,81.7,26.0,56.3,420.0,0,0,0.0,26.0,1,0,-0.554
2024-04-10 23:00:00,14.2,80.4,24.8,58.7,420.0,0,0,0.0,26.0,0,0,0.0
2024-04-11 00:00:00,15.6,85.1,23.9,61.3,420.0,0,0,0.0,26.0,0,0,0.0
2024-04-11 01:00:00,11.7,92.6,22.6,64.5,420.0,0,0,0.0,26.0,0,0,0.0
2024-04-11 02:00:00,16.0,86.2,22.0,66.6,420.0,0,0,0.0,26.0,0,0,0.0
2024-04-11 03:00:00,16.8,93.0,21.4,69.3,420.0,0,0,0.0,26.0,0,0,0.0
2024-04-11 04:00:00,16.5,88.6,20.9,71.2,420.0,0,0,0.0,26.0,0,0,0.0
2024-04-11 05:00:00,15.9,84.5,20.4,72.5,420.0,0,0,0.0,26.0,0,0,0.0
2024-04-11 06:00:00,15.8,81.2,20.0,73.4,420.0,0,0,0.0,26.0,0,0,0.0
2024-04-11 07:00:00,16.5,77.9,19.6,73.8,420.0,0,0,0.0,26.0,0,0,0.0
2024-04-11 08:00:00,18.6,75.0,19.5,74.0,5000.0,59,1,0.983,26.0,0,0,0.0
2024-04-11 09:00:00,20.3,77.9,24.5,72.6,5000.0,59,1,0.983,26.0,1,0,0.275
2024-04-11 10:00:00,21.5,74.4,25.1,71.1,3615.0,37,1,0.617,26.0,1,0,0.344
2024-04-11 11:00:00,27.1,78.1,25.5,69.8,3892.0,37,1,0.617,26.0,1,0,0.234
2024-04-11 12:00:00,21.7,73.0,25.7,68.4,420.0,0,0,0.0,26.0,1,0,0.334
2024-04-11 13:00:00,23.4,68.0,25.8,66.9,420.0,0,0,0.0,26.0,1,0,0.312
2024-04-11 14:00:00,22.8,71.6,25.9,65.6,3976.0,32,1,0.533,26.0,1,0,0.303
2024-04-11 15:00:00,24.0,72.9,26.0,64.3,3264.0,32,1,0.533,26.0,1,0,0.296
2024-04-11 16:00:00,26.3,74.4,26.0,63.1,2851.0,27,1,0.45,26.0,1,0,0.345
2024-04-11 17:00:00,23.1,72.5,26.0,61.9,2934.0,27,1,0.45,26.0,1,0,0.317
2024-04-11 18:00:00,24.5,70.9,26.0,60.6,420.0,0,0,0.0,26.0,1,0,0.278
2024-04-11 19:00:00,21.3,78.8,26.0,59.7,420.0,0,0,0.0,26.0,1,0,0.259
2024-04-11 20:00:00,21.6,77.8,26.0,58.7,420.0,0,0,0.0,26.0,1,0,0.304
2024-04-11 21:00:00,18.8,74.3,25.3,60.3,420.0,0,0,0.0,26.0,0,0,0.0
2024-04-11 22:00:00,17.9,79.7,24.5,62.2,420.0,0,0,0.0,26.0,0,0,0.0
2024-04-11 23:00:00,15.9,82.0,23.6,64.2,420.0,0,0,0.0,26.0,0,0,0.0
2024-04-12 00:00:00,13.9,80.3,22.7,65.8,420.0,0,0,0.0,26.0,0,0,0.0
2024-04-12 01:00:00,16.7,86.7,22.0,67.9,420.0,0,0,0.0,26.0,0,0,0.0
2024-04-12 02:00:00,14.6,82.7,21.3,69.4,420.0,0,0,0.0,26.0,0,0,0.0
2024-04-12 03:00:00,13.5,84.9,20.5,70.9,420.0,0,0,0.0,26.0,0,0,0.0
2024-04-12 04:00:00,16.1,88.5,20.1,72.7,420.0,0,0,0.0,26.0,0,0,0.0
2024-04-12 05:00:00,14.9,81.5,19.5,73.6,420.0,0,0,0.0,26.0,0,0,0.0
2024-04-12 06:00:00,16.9,81.2,19.3,74.3,420.0,0,0,0.0,26.0,0,0,0.0
2024-04-12 07:00:00,16.7,86.0,19.0,75.5,420.0,0,0,0.0,26.0,0,0,0.0
2024-04-12 08:00:00,19.9,80.5,19.1,76.0,5000.0,45,1,0.75,26.0,0,0,0.0
2024-04-12 09:00:00,18.1,78.6,19.1,76.3,5000.0,45,1,0.75,26.0,0,0,0.0
2024-04-12 10:00:00,22.9,74.8,24.5,74.7,4393.0,44,1,0.733,26.0,1,0,0.3
2024-04-12 11:00:00,24.5,77.9,25.1,73.3,4514.0,44,1,0.733,26.0,1,0,0.264
2024-04-12 12:00:00,26.0,73.3,25.5,71.8,420.0,0,0,0.0,26.0,1,0,0.299
2024-04-12 13:00:00,25.2,75.3,25.7,70.4,420.0,0,0,0.0,26.0,1,0,0.286
2024-04-12 14:00:00,25.5,68.8,25.8,68.9,5000.0,44,1,0.733,26.0,1,0,0.3
2024-04-12 15:00:00,24.3,70.7,25.9,67.4,4393.0,44,1,0.733,26.0,1,0,0.317
2024-04-12 16:00:00,22.9,69.8,26.0,66.0,4737.0,46,1,0.767,26.0,1,0,0.336
2024-04-12 17:00:00,26.0,64.5,26.0,64.5,4668.0,46,1,0.767,26.0,1,0,0.322
2024-04-12 18:00:00,25.8,75.7,26.0,63.3,420.0,0,0,0.0,26.0,1,0,0.283
2024-04-12 19:00:00,21.8,75.6,26.0,62.2,420.0,0,0,0.0,26.0,1,0,0.309
2024-04-12 20:00:00,21.3,79.6,26.0,61.2,420.0,0,0,0.0,26.0,1,0,0.302
2024-04-12 21:00:00,21.5,73.8,26.0,60.1,420.0,0,0,0.0,26.0,1,0,0.268
2024-04-12 22:00:00,19.6,79.5,25.3,62.0,420.0,0,0,0.0,26.0,0,0,0.0
2024-04-12 23:00:00,17.6,79.8,24.6,63.8,420.0,0,0,0.0,26.0,0,0,0.0
2024-04-13 00:00:00,19.1,86.8,24.0,66.1,420.0,0,0,0.0,26.0,0,0,0.0
2024-04-13 01:00:00,14.6,80.9,23.0,67.6,420.0,0,0,0.0,26.0,0,0,0.0
2024-04-13 02:00:00,14.6,87.0,22.2,69.5,420.0,0,0,0.0,26.0,0,0,0.0
2024-04-13 03:00:00,15.4,89.8,21.5,71.5,420.0,0,0,0.0,26.0,0,0,0.0
2024-04-13 04:00:00,16.4,88.6,21.0,73.2,420.0,0,0,0.0,26.0,0,0,0.0
2024-04-13 05:00:00,16.2,80.8,20.5,74.0,420.0,0,0,0.0,26.0,0,0,0.0
2024-04-13 06:00:00,16.2,86.8,20.1,75.3,420.0,0,0,0.0,26.0,0,0,0.0
2024-04-13 07:00:00,17.4,83.5,19.8,76.1,420.0,0,0,0.0,26.0,0,0,0.0
2024-04-13 08:00:00,18.2,77.0,19.6,76.2,420.0,0,0,0.0,26.0,0,0,0.0
2024-04-13 09:00:00,19.8,78.9,19.7,76.5,420.0,0,0,0.0,26.0,0,0,0.0
2024-04-13 10:00:00,20.3,75.2,24.5,74.9,420.0,0,0,0.0,26.0,1,0,0.31
2024-04-13 11:00:00,21.1,77.4,25.1,73.5,420.0,0,0,0.0,26.0,1,0,0.345
2024-04-13 12:00:00,23.1,76.7,25.5,72.1,420.0,0,0,0.0,26.0,1,0,0.301
2024-04-13 13:00:00,26.6,70.8,25.7,70.6,420.0,0,0,0.0,26.0,1,0,0.262
2024-04-13 14:00:00,23.3,64.0,25.8,68.9,420.0,0,0,0.0,26.0,1,0,0.301
2024-04-13 15:00:00,22.8,65.9,25.9,67.3,420.0,0,0,0.0,26.0,1,0,0.271
2024-04-13 16:00:00,26.9,70.6,25.9,65.9,420.0,0,0,0.0,26.0,1,0,0.321
2024-04-13 17:00:00,24.9,64.4,26.0,64.3,420.0,0,0,0.0,26.0,1,0,0.313
2024-04-13 18:00:00,21.7,75.0,26.0,63.1,420.0,0,0,0.0,26.0,1,0,0.296
2024-04-13 19:00:00,22.9,73.6,26.0,62.0,420.0,0,0,0.0,26.0,1,0,0.292
2024-04-13 20:00:00,22.1,80.8,26.0,61.0,420.0,0,0,0.0,26.0,1,0,0.295
2024-04-13 21:00:00,19.7,78.2,25.3,62.7,420.0,0,0,0.0,26.0,0,0,0.0
2024-04-13 22:00:00,19.0,87.2,24.7,65.2,420.0,0,0,0.0,26.0,0,0,0.0
2024-04-13 23:00:00,14.4,84.0,23.7,67.1,420.0,0,0,0.0,26.0,0,0,0.0
2024-04-14 00:00:00,16.3,85.4,22.9,68.9,420.0,0,0,0.0,26.0,0,0,0.0
2024-04-14 01:00:00,14.7,84.8,22.1,70.5,420.0,0,0,0.0,26.0,0,0,0.0
2024-04-14 02:00:00,16.2,95.1,21.5,73.0,420.0,0,0,0.0,26.0,0,0,0.0
2024-04-14 03:00:00,16.2,83.5,20.9,74.0,420.0,0,0,0.0,26.0,0,0,0.0
2024-04-14 04:00:00,14.5,84.4,20.3,75.0,420.0,0,0,0.0,26.0,0,0,0.0
2024-04-14 05:00:00,13.0,83.9,19.6,75.9,420.0,0,0,0.0,26.0,0,0,0.0
2024-04-14 06:00:00,17.6,79.8,19.4,76.3,420.0,0,0,0.0,26.0,0,0,0.0
2024-04-14 07:00:00,19.1,83.5,19.3,77.0,420.0,0,0,0.0,26.0,0,0,0.0
2024-04-14 08:00:00,17.6,79.6,19.2,77.3,420.0,0,0,0.0,26.0,0,0,0.0
2024-04-14 09:00:00,22.4,80.2,24.5,75.9,420.0,0,0,0.0,26.0,1,0,0.3
2024-04-14 10:00:00,21.3,75.2,25.1,74.4,420.0,0,0,0.0,26.0,1,0,0.281
2024-04-14 11:00:00,22.6,72.5,25.5,72.8,420.0,0,0,0.0,26.0,1,0,0.267
2024-04-14 12:00:00,20.4,78.5,25.7,71.5,420.0,0,0,0.0,26.0,1,0,0.327
2024-04-14 13:00:00,24.6,72.3,25.8,70.0,420.0,0,0,0.0,26.0,1,0,0.291
2024-04-14 14:00:00,24.7,68.1,25.9,68.4,420.0,0,0,0.0,26.0,1,0,0.304
2024-04-14 15:00:00,24.7,65.2,25.9,66.8,420.0,0,0,0.0,26.0,1,0,0.307
2024-04-14 16:00:00,28.2,66.6,26.0,65.3,420.0,0,0,0.0,26.0,1,0,0.308
2024-04-14 17:00:00,22.8,69.8,26.0,64.0,420.0,0,0,0.0,26.0,1,0,0.272
2024-04-14 18:00:00,25.5,72.4,26.0,62.7,420.0,0,0,0.0,26.0,1,0,0.26
2024-04-14 19:00:00,20.6,77.8,26.0,61.7,420.0,0,0,0.0,26.0,1,0,0.286
2024-04-14 20:00:00,22.4,77.5,26.0,60.7,420.0,0,0,0.0,26.0,1,0,0.309
2024-04-14 21:00:00,21.1,85.2,26.0,59.9,420.0,0,0,0.0,26.0,1,0,0.283
2024-04-14 22:00:00,22.0,78.0,26.0,58.9,420.0,0,0,0.0,26.0,1,0,0.291
2024-04-14 23:00:00,19.9,83.1,25.4,61.3,420.0,0,0,0.0,26.0,0,0,0.0
2024-04-15 00:00:00,17.2,78.6,24.5,63.1,420.0,0,0,0.0,26.0,0,0,0.0
2024-04-15 01:00:00,15.4,82.5,23.6,65.0,420.0,0,0,0.0,26.0,0,0,0.0
2024-04-15 02:00:00,16.4,88.9,22.9,67.4,420.0,0,0,0.0,26.0,0,0,0.0
2024-04-15 03:00:00,11.9,85.9,21.8,69.3,420.0,0,0,0.0,26.0,0,0,0.0
2024-04-15 04:00:00,16.9,85.2,21.3,70.8,420.0,0,0,0.0,26.0,0,0,0.0
2024-04-15 05:00:00,16.8,86.0,20.8,72.4,420.0,0,0,0.0,26.0,0,0,0.0
2024-04-15 06:00:00,17.0,82.8,20.4,73.4,420.0,0,0,0.0,26.0,0,0,0.0
2024-04-15 07:00:00,15.7,78.6,20.0,73.9,420.0,0,0,0.0,26.0,0,0,0.0
2024-04-15 08:00:00,19.8,80.1,20.0,74.5,4198.0,34,1,0.567,26.0,0,0,0.0
2024-04-15 09:00:00,19.8,76.7,20.0,74.8,5000.0,34,1,0.567,26.0,0,0,0.0
2024-04-15 10:00:00,20.8,79.1,24.5,73.4,2948.0,31,1,0.517,26.0,1,0,0.351
2024-04-15 11:00:00,22.0,70.0,25.1,71.8,3359.0,31,1,0.517,26.0,1,0,0.256
2024-04-15 12:00:00,24.7,71.7,25.5,70.3,420.0,0,0,0.0,26.0,1,0,0.282
2024-04-15 13:00:00,24.4,75.9,25.7,69.0,420.0,0,0,0.0,26.0,1,0,0.346
2024-04-15 14:00:00,24.8,71.1,25.8,67.5,5000.0,47,1,0.783,26.0,1,0,0.299
2024-04-15 15:00:00,23.2,69.3,25.9,66.1,4726.0,47,1,0.783,26.0,1,0,0.283
2024-04-15 16:00:00,25.7,65.6,26.0,64.6,3225.0,33,1,0.55,26.0,1,0,0.328
2024-04-15 17:00:00,24.6,71.4,26.0,63.3,3526.0,33,1,0.55,26.0,1,0,0.301
2024-04-15 18:00:00,23.6,75.5,26.0,62.1,420.0,0,0,0.0,26.0,1,0,0.292
2024-04-15 19:00:00,23.0,78.4,26.0,61.1,420.0,0,0,0.0,26.0,1,0,0.305
2024-04-15 20:00:00,19.8,76.3,25.4,62.6,420.0,0,0,0.0,26.0,0,0,0.0
2024-04-15 21:00:00,20.1,74.8,25.6,61.5,420.0,0,0,0.0,26.0,1,0,0.284
2024-04-15 22:00:00,20.1,87.0,25.8,60.8,420.0,0,0,0.0,26.0,1,0,0.276
2024-04-15 23:00:00,17.5,83.5,24.9,63.0,420.0,0,0,0.0,26.0,0,0,0.0
2024-04-16 00:00:00,16.6,81.5,24.1,64.9,420.0,0,0,0.0,26.0,0,0,0.0
2024-04-16 01:00:00,12.9,82.8,22.9,66.7,420.0,0,0,0.0,26.0,0,0,0.0
2024-04-16 02:00:00,13.1,90.8,21.9,69.1,420.0,0,0,0.0,26.0,0,0,0.0
2024-04-16 03:00:00,14.8,85.0,21.2,70.7,420.0,0,0,0.0,26.0,0,0,0.0
2024-04-16 04:00:00,16.5,82.4,20.7,71.9,420.0,0,0,0.0,26.0,0,0,0.0
2024-04-16 05:00:00,14.5,85.1,20.1,73.2,420.0,0,0,0.0,26.0,0,0,0.0
2024-04-16 06:00:00,18.0,85.2,19.9,74.4,420.0,0,0,0.0,26.0,0,0,0.0
2024-04-16 07:00:00,17.9,82.2,19.7,75.2,420.0,0,0,0.0,26.0,0,0,0.0
2024-04-16 08:00:00,19.3,80.7,19.7,75.7,4976.0,41,1,0.683,26.0,0,0,0.0
2024-04-16 09:00:00,18.5,78.1,19.6,76.0,5000.0,41,1,0.683,26.0,0,0,0.0
2024-04-16 10:00:00,19.7,76.2,19.6,76.0,5000.0,29,1,0.483,26.0,0,0,0.0
2024-04-16 11:00:00,21.8,81.6,24.5,74.6,2726.0,29,1,0.483,26.0,1,0,0.297
2024-04-16 12:00:00,23.5,68.1,25.1,73.0,420.0,0,0,0.0,26.0,1,0,0.276
2024-04-16 13:00:00,24.1,72.6,25.5,71.4,420.0,0,0,0.0,26.0,1,0,0.3
2024-04-16 14:00:00,27.3,68.5,25.7,69.9,5000.0,52,1,0.867,26.0,1,0,0.309
2024-04-16 15:00:00,22.6,72.5,25.8,68.4,5000.0,52,1,0.867,26.0,1,0,0.32
2024-04-16 16:00:00,22.8,69.0,25.9,66.9,1948.0,22,1,0.367,26.0,1,0,0.327
2024-04-16 17:00:00,23.9,70.9,26.0,65.6,2559.0,22,1,0.367,26.0,1,0,0.29
2024-04-16 18:00:00,24.6,70.3,26.0,64.2,420.0,0,0,0.0,26.0,1,0,0.312
2024-04-16 19:00:00,22.1,74.0,26.0,63.0,420.0,0,0,0.0,26.0,1,0,0.312
2024-04-16 20:00:00,21.5,76.2,26.0,61.9,420.0,0,0,0.0,26.0,1,0,0.308
2024-04-16 21:00:00,20.7,80.5,26.0,61.0,420.0,0,0,0.0,26.0,1,0,0.288
2024-04-16 22:00:00,19.3,81.4,25.3,63.0,420.0,0,0,0.0,26.0,0,0,0.0
2024-04-16 23:00:00,15.1,82.2,24.3,64.9,420.0,0,0,0.0,26.0,0,0,0.0
2024-04-17 00:00:00,17.2,85.8,23.6,67.0,420.0,0,0,0.0,26.0,0,0,0.0
2024-04-17 01:00:00,14.6,83.0,22.6,68.6,420.0,0,0,0.0,26.0,0,0,0.0
2024-04-17 02:00:00,14.3,87.3,21.8,70.5,420.0,0,0,0.0,26.0,0,0,0.0
2024-04-17 03:00:00,16.6,84.8,21.3,71.9,420.0,0,0,0.0,26.0,0,0,0.0
2024-04-17 04:00:00,16.5,86.1,20.8,73.3,420.0,0,0,0.0,26.0,0,0,0.0
2024-04-17 05:00:00,15.5,84.3,20.3,74.4,420.0,0,0,0.0,26.0,0,0,0.0
2024-04-17 06:00:00,17.6,84.6,20.0,75.4,420.0,0,0,0.0,26.0,0,0,0.0
2024-04-17 07:00:00,20.9,79.4,24.5,74.1,420.0,0,0,0.0,26.0,1,0,0.275
2024-04-17 08:00:00,19.5,78.5,24.0,74.5,3198.0,25,1,0.417,26.0,0,0,0.0
2024-04-17 09:00:00,18.7,78.0,23.5,74.9,4587.0,25,1,0.417,26.0,0,0,0.0
2024-04-17 10:00:00,21.5,84.7,24.5,73.7,5000.0,52,1,0.867,26.0,1,0,0.312
2024-04-17 11:00:00,22.2,70.6,25.1,72.1,5000.0,52,1,0.867,26.0,1,0,0.259
2024-04-17 12:00:00,23.9,66.1,25.5,70.4,420.0,0,0,0.0,26.0,1,0,0.294
2024-04-17 13:00:00,24.2,71.1,25.7,68.9,420.0,0,0,0.0,26.0,1,0,0.239
2024-04-17 14:00:00,26.0,73.2,25.8,67.5,4087.0,33,1,0.55,26.0,1,0,0.268
2024-04-17 15:00:00,24.2,69.5,25.9,66.1,3353.0,33,1,0.55,26.0,1,0,0.279
2024-04-17 16:00:00,23.7,66.9,26.0,64.6,5000.0,59,1,0.983,26.0,1,0,0.326
2024-04-17 17:00:00,24.8,67.3,26.0,63.2,5000.0,59,1,0.983,26.0,1,0,0.317
2024-04-17 18:00:00,22.9,69.4,26.0,61.9,420.0,0,0,0.0,26.0,1,0,-0.285
2024-04-17 19:00:00,23.3,79.4,26.0,60.9,420.0,0,0,0.0,26.0,1,0,-0.24
2024-04-17 20:00:00,19.3,70.4,25.3,61.9,420.0,0,0,0.0,26.0,0,0,0.0
2024-04-17 21:00:00,19.8,78.0,24.8,63.5,420.0,0,0,0.0,26.0,0,0,0.0
2024-04-17 22:00:00,19.0,78.7,24.2,65.0,420.0,0,0,0.0,26.0,0,0,0.0
2024-04-17 23:00:00,17.2,83.1,23.5,66.8,420.0,0,0,0.0,26.0,0,0,0.0
2024-04-18 00:00:00,18.0,77.8,22.9,67.9,420.0,0,0,0.0,26.0,0,0,0.0
2024-04-18 01:00:00,15.1,85.6,22.1,69.7,420.0,0,0,0.0,26.0,0,0,0.0
2024-04-18 02:00:00,13.8,90.9,21.3,71.8,420.0,0,0,0.0,26.0,0,0,0.0
2024-04-18 03:00:00,14.0,85.9,20.5,73.2,420.0,0,0,0.0,26.0,0,0,0.0
2024-04-18 04:00:00,16.0,84.0,20.1,74.3,420.0,0,0,0.0,26.0,0,0,0.0
2024-04-18 05:00:00,12.9,83.6,19.4,75.2,420.0,0,0,0.0,26.0,0,0,0.0
2024-04-18 06:00:00,18.0,82.6,19.2,76.0,420.0,0,0,0.0,26.0,0,0,0.0
2024-04-18 07:00:00,16.2,84.8,18.9,76.8,420.0,0,0,0.0,26.0,0,0,0.0
2024-04-18 08:00:00,18.2,78.5,18.9,77.0,5000.0,58,1,0.967,26.0,0,0,0.0
2024-04-18 09:00:00,20.2,80.3,24.5,75.6,5000.0,58,1,0.967,26.0,1,0,0.287
2024-04-18 10:00:00,24.9,78.4,25.1,74.2,2282.0,25,1,0.417,26.0,1,0,0.318
2024-04-18 11:00:00,24.2,72.5,25.5,72.6,2825.0,25,1,0.417,26.0,1,0,0.321
2024-04-18 12:00:00,22.0,72.5,25.7,71.1,420.0,0,0,0.0,26.0,1,0,0.296
2024-04-18 13:00:00,24.5,67.8,25.8,69.5,420.0,0,0,0.0,26.0,1,0,0.267
2024-04-18 14:00:00,24.6,71.5,25.9,68.1,5000.0,44,1,0.733,26.0,1,0,0.295
2024-04-18 15:00:00,25.5,71.5,26.0,66.7,4393.0,44,1,0.733,26.0,1,0,0.298
2024-04-18 16:00:00,25.3,68.8,26.0,65.3,5000.0,58,1,0.967,26.0,1,0,0.27
2024-04-18 17:00:00,23.6,67.5,26.0,63.8,5000.0,58,1,0.967,26.0,1,0,0.309
2024-04-18 18:00:00,26.2,72.4,26.0,62.6,420.0,0,0,0.0,26.0,1,0,0.085
2024-04-18 19:00:00,22.2,71.2,26.0,61.3,420.0,0,0,0.0,26.0,1,0,-0.365
2024-04-18 20:00:00,25.7,72.7,26.0,60.2,420.0,0,0,0.0,26.0,1,0,0.029
2024-04-18 21:00:00,19.4,79.2,25.3,62.1,420.0,0,0,0.0,26.0,0,0,0.0
2024-04-18 22:00:00,19.6,82.9,24.8,64.2,420.0,0,0,0.0,26.0,0,0,0.0
2024-04-18 23:00:00,20.2,83.5,25.2,63.2,420.0,0,0,0.0,26.0,1,0,0.307
2024-04-19 00:00:00,14.9,82.9,24.2,65.2,420.0,0,0,0.0,26.0,0,0,0.0
2024-04-19 01:00:00,16.1,91.1,23.4,67.8,420.0,0,0,0.0,26.0,0,0,0.0
2024-04-19 02:00:00,13.1,89.3,22.3,69.9,420.0,0,0,0.0,26.0,0,0,0.0
2024-04-19 03:00:00,15.3,88.5,21.6,71.8,420.0,0,0,0.0,26.0,0,0,0.0
2024-04-19 04:00:00,15.0,83.2,20.9,72.9,420.0,0,0,0.0,26.0,0,0,0.0
2024-04-19 05:00:00,16.8,86.9,20.5,74.3,420.0,0,0,0.0,26.0,0,0,0.0
2024-04-19 06:00:00,17.9,83.6,20.3,75.3,420.0,0,0,0.0,26.0,0,0,0.0
2024-04-19 07:00:00,16.6,77.3,19.9,75.5,420.0,0,0,0.0,26.0,0,0,0.0
2024-04-19 08:00:00,19.9,81.3,19.9,76.1,3309.0,26,1,0.433,26.0,0,0,0.0
2024-04-19 09:00:00,18.6,76.4,19.8,76.1,4753.0,26,1,0.433,26.0,0,0,0.0
2024-04-19 10:00:00,20.6,71.5,24.5,74.4,5000.0,50,1,0.833,26.0,1,0,0.318
2024-04-19 11:00:00,21.3,70.6,25.1,72.8,5000.0,50,1,0.833,26.0,1,0,0.296
2024-04-19 12:00:00,22.9,70.1,25.5,71.3,420.0,0,0,0.0,26.0,1,0,0.305
2024-04-19 13:00:00,21.9,77.1,25.7,69.9,420.0,0,0,0.0,26.0,1,0,0.29
2024-04-19 14:00:00,26.7,67.9,25.8,68.4,5000.0,51,1,0.85,26.0,1,0,0.286
2024-04-19 15:00:00,25.4,71.3,25.9,67.0,5000.0,51,1,0.85,26.0,1,0,0.332
2024-04-19 16:00:00,26.6,67.8,26.0,65.5,4060.0,41,1,0.683,26.0,1,0,0.251
2024-04-19 17:00:00,26.0,69.4,26.0,64.1,4248.0,41,1,0.683,26.0,1,0,0.321
2024-04-19 18:00:00,21.5,74.5,26.0,62.9,420.0,0,0,0.0,26.0,1,0,0.285
2024-04-19 19:00:00,24.4,81.8,26.0,62.0,420.0,0,0,0.0,26.0,1,0,0.282
2024-04-19 20:00:00,19.5,78.0,25.3,63.6,420.0,0,0,0.0,26.0,0,0,0.0
2024-04-19 21:00:00,19.4,80.4,24.7,65.3,420.0,0,0,0.0,26.0,0,0,0.0
2024-04-19 22:00:00,16.5,76.3,23.9,66.4,420.0,0,0,0.0,26.0,0,0,0.0
2024-04-19 23:00:00,16.3,82.2,23.1,67.9,420.0,0,0,0.0,26.0,0,0,0.0
2024-04-20 00:00:00,15.5,85.6,22.4,69.7,420.0,0,0,0.0,26.0,0,0,0.0
2024-04-20 01:00:00,17.2,86.7,21.8,71.4,420.0,0,0,0.0,26.0,0,0,0.0
2024-04-20 02:00:00,17.6,87.0,21.4,73.0,420.0,0,0,0.0,26.0,0,0,0.0
2024-04-20 03:00:00,13.2,90.1,20.6,74.7,420.0,0,0,0.0,26.0,0,0,0.0
2024-04-20 04:00:00,14.3,88.5,19.9,76.1,420.0,0,0,0.0,26.0,0,0,0.0
2024-04-20 05:00:00,18.0,86.3,19.7,77.1,420.0,0,0,0.0,26.0,0,0,0.0
2024-04-20 06:00:00,14.2,80.9,19.2,77.5,420.0,0,0,0.0,26.0,0,0,0.0
2024-04-20 07:00:00,19.5,81.5,19.2,77.9,420.0,0,0,0.0,26.0,0,0,0.0
2024-04-20 08:00:00,18.8,82.3,19.2,78.3,420.0,0,0,0.0,26.0,0,0,0.0
2024-04-20 09:00:00,21.0,78.8,24.5,76.8,420.0,0,0,0.0,26.0,1,0,0.306
2024-04-20 10:00:00,21.0,75.0,25.1,75.3,420.0,0,0,0.0,26.0,1,0,0.264
2024-04-20 11:00:00,23.8,75.7,25.5,73.8,420.0,0,0,0.0,26.0,1,0,0.28
2024-04-20 12:00:00,23.1,75.6,25.7,72.3,420.0,0,0,0.0,26.0,1,0,0.28
2024-04-20 13:00:00,24.1,68.5,25.8,70.7,420.0,0,0,0.0,26.0,1,0,0.295
2024-04-20 14:00:00,23.7,67.3,25.9,69.1,420.0,0,0,0.0,26.0,1,0,0.281
2024-04-20 15:00:00,24.6,73.7,25.9,67.8,420.0,0,0,0.0,26.0,1,0,0.338
2024-04-20 16:00:00,23.6,70.8,26.0,66.4,420.0,0,0,0.0,26.0,1,0,0.343
2024-04-20 17:00:00,23.3,70.3,26.0,65.0,420.0,0,0,0.0,26.0,1,0,0.251
2024-04-20 18:00:00,21.3,71.7,26.0,63.7,420.0,0,0,0.0,26.0,1,0,0.313
2024-04-20 19:00:00,22.2,75.6,26.0,62.5,420.0,0,0,0.0,26.0,1,0,0.321
2024-04-20 20:00:00,21.6,72.3,26.0,61.3,420.0,0,0,0.0,26.0,1,0,0.313
2024-04-20 21:00:00,21.6,78.6,26.0,60.3,420.0,0,0,0.0,26.0,1,0,0.284
2024-04-20 22:00:00,19.0,80.0,25.3,62.3,420.0,0,0,0.0,26.0,0,0,0.0
2024-04-20 23:00:00,16.7,82.7,24.4,64.3,420.0,0,0,0.0,26.0,0,0,0.0
2024-04-21 00:00:00,17.2,78.4,23.7,65.8,420.0,0,0,0.0,26.0,0,0,0.0
2024-04-21 01:00:00,14.9,84.2,22.8,67.6,420.0,0,0,0.0,26.0,0,0,0.0
2024-04-21 02:00:00,15.6,89.3,22.1,69.8,420.0,0,0,0.0,26.0,0,0,0.0
2024-04-21 03:00:00,13.8,84.5,21.2,71.2,420.0,0,0,0.0,26.0,0,0,0.0
2024-04-21 04:00:00,14.4,83.3,20.5,72.4,420.0,0,0,0.0,26.0,0,0,0.0
2024-04-21 05:00:00,15.1,87.2,20.0,73.9,420.0,0,0,0.0,26.0,0,0,0.0
2024-04-21 06:00:00,14.9,84.9,19.5,75.0,420.0,0,0,0.0,26.0,0,0,0.0
2024-04-21 07:00:00,14.9,80.3,19.0,75.5,420.0,0,0,0.0,26.0,0,0,0.0
2024-04-21 08:00:00,18.2,85.1,18.9,76.5,420.0,0,0,0.0,26.0,0,0,0.0
2024-04-21 09:00:00,19.6,71.4,19.0,76.0,420.0,0,0,0.0,26.0,0,0,0.0
2024-04-21 10:00:00,18.3,76.0,18.9,76.0,420.0,0,0,0.0,26.0,0,0,0.0
2024-04-21 11:00:00,23.4,75.1,24.5,74.5,420.0,0,0,0.0,26.0,1,0,0.294
2024-04-21 12:00:00,23.8,75.8,25.1,73.0,420.0,0,0,0.0,26.0,1,0,0.282
2024-04-21 13:00:00,23.5,73.8,25.5,71.5,420.0,0,0,0.0,26.0,1,0,0.29
2024-04-21 14:00:00,22.4,67.6,25.7,69.9,420.0,0,0,0.0,26.0,1,0,0.271
2024-04-21 15:00:00,22.3,69.2,25.8,68.4,420.0,0,0,0.0,26.0,1,0,0.297
2024-04-21 16:00:00,24.8,70.6,25.9,67.0,420.0,0,0,0.0,26.0,1,0,0.264
2024-04-21 17:00:00,24.4,68.3,25.9,65.5,420.0,0,0,0.0,26.0,1,0,0.295
2024-04-21 18:00:00,23.3,67.9,26.0,64.1,420.0,0,0,0.0,26.0,1,0,0.27
2024-04-21 19:00:00,24.5,73.1,26.0,62.8,420.0,0,0,0.0,26.0,1,0,0.305
2024-04-21 20:00:00,20.6,80.7,26.0,61.9,420.0,0,0,0.0,26.0,1,0,0.284
2024-04-21 21:00:00,18.1,74.6,25.2,63.1,420.0,0,0,0.0,26.0,0,0,0.0
2024-04-21 22:00:00,17.1,79.9,24.4,64.8,420.0,0,0,0.0,26.0,0,0,0.0
2024-04-21 23:00:00,18.1,84.2,23.7,66.8,420.0,0,0,0.0,26.0,0,0,0.0
2024-04-22 00:00:00,20.3,76.9,24.6,65.6,420.0,0,0,0.0,26.0,1,0,0.307
2024-04-22 01:00:00,16.6,83.3,23.8,67.3,420.0,0,0,0.0,26.0,0,0,0.0
2024-04-22 02:00:00,14.3,83.9,22.8,69.0,420.0,0,0,0.0,26.0,0,0,0.0
2024-04-22 03:00:00,13.6,91.1,21.9,71.2,420.0,0,0,0.0,26.0,0,0,0.0
2024-04-22 04:00:00,16.4,85.8,21.4,72.7,420.0,0,0,0.0,26.0,0,0,0.0
2024-04-22 05:00:00,17.7,80.4,21.0,73.4,420.0,0,0,0.0,26.0,0,0,0.0
2024-04-22 06:00:00,14.5,77.1,20.3,73.8,420.0,0,0,0.0,26.0,0,0,0.0
2024-04-22 07:00:00,16.5,82.5,19.9,74.7,420.0,0,0,0.0,26.0,0,0,0.0
2024-04-22 08:00:00,18.9,80.5,19.9,75.3,5000.0,59,1,0.983,26.0,0,0,0.0
2024-04-22 09:00:00,17.9,80.4,19.7,75.8,5000.0,59,1,0.983,26.0,0,0,0.0
2024-04-22 10:00:00,21.7,78.1,24.5,74.3,2393.0,26,1,0.433,26.0,1,0,0.326
2024-04-22 11:00:00,19.7,74.9,24.0,74.4,4295.0,26,1,0.433,26.0,0,0,0.0
2024-04-22 12:00:00,21.8,71.2,24.8,72.8,420.0,0,0,0.0,26.0,1,0,0.338
2024-04-22 13:00:00,25.1,71.3,25.3,71.3,420.0,0,0,0.0,26.0,1,0,0.239
2024-04-22 14:00:00,23.6,70.3,25.6,69.7,5000.0,53,1,0.883,26.0,1,0,0.28
2024-04-22 15:00:00,22.7,73.5,25.8,68.3,5000.0,53,1,0.883,26.0,1,0,0.293
2024-04-22 16:00:00,24.5,73.6,25.9,67.0,4837.0,48,1,0.8,26.0,1,0,0.311
2024-04-22 17:00:00,23.5,69.5,25.9,65.6,4870.0,48,1,0.8,26.0,1,0,0.26
2024-04-22 18:00:00,22.4,75.0,26.0,64.4,420.0,0,0,0.0,26.0,1,0,0.276
2024-04-22 19:00:00,21.4,75.9,26.0,63.2,420.0,0,0,0.0,26.0,1,0,0.303
2024-04-22 20:00:00,20.7,70.0,26.0,61.9,420.0,0,0,0.0,26.0,1,0,0.302
2024-04-22 21:00:00,19.1,74.5,25.3,63.2,420.0,0,0,0.0,26.0,0,0,0.0
2024-04-22 22:00:00,18.8,76.5,24.6,64.5,420.0,0,0,0.0,26.0,0,0,0.0
2024-04-22 23:00:00,18.9,81.7,24.0,66.2,420.0,0,0,0.0,26.0,0,0,0.0
2024-04-23 00:00:00,16.2,85.6,23.2,68.2,420.0,0,0,0.0,26.0,0,0,0.0
2024-04-23 01:00:00,17.1,84.9,22.6,69.8,420.0,0,0,0.0,26.0,0,0,0.0
2024-04-23 02:00:00,14.0,80.4,21.7,70.9,420.0,0,0,0.0,26.0,0,0,0.0
2024-04-23 03:00:00,14.0,84.1,21.0,72.2,420.0,0,0,0.0,26.0,0,0,0.0
2024-04-23 04:00:00,15.3,84.7,20.4,73.5,420.0,0,0,0.0,26.0,0,0,0.0
2024-04-23 05:00:00,16.7,83.1,20.0,74.4,420.0,0,0,0.0,26.0,0,0,0.0
2024-04-23 06:00:00,16.4,87.2,19.6,75.7,420.0,0,0,0.0,26.0,0,0,0.0
2024-04-23 07:00:00,18.0,81.8,19.5,76.3,420.0,0,0,0.0,26.0,0,0,0.0
2024-04-23 08:00:00,17.8,78.2,19.3,76.5,4864.0,40,1,0.667,26.0,0,0,0.0
2024-04-23 09:00:00,18.7,76.4,19.3,76.5,5000.0,40,1,0.667,26.0,0,0,0.0
2024-04-23 10:00:00,22.4,75.3,24.5,75.0,5000.0,56,1,0.933,26.0,1,0,0.309
2024-04-23 11:00:00,20.5,79.3,25.1,73.6,5000.0,56,1,0.933,26.0,1,0,0.311
2024-04-23 12:00:00,24.0,68.1,25.5,71.9,420.0,0,0,0.0,26.0,1,0,0.308
2024-04-23 13:00:00,23.7,71.4,25.7,70.4,420.0,0,0,0.0,26.0,1,0,0.305
2024-04-23 14:00:00,27.4,66.9,25.8,68.8,5000.0,48,1,0.8,26.0,1,0,0.301
2024-04-23 15:00:00,26.5,74.2,25.9,67.5,4837.0,48,1,0.8,26.0,1,0,0.316
2024-04-23 16:00:00,23.9,69.4,26.0,66.0,2092.0,23,1,0.383,26.0,1,0,0.246
2024-04-23 17:00:00,22.8,70.5,26.0,64.7,2641.0,23,1,0.383,26.0,1,0,0.337
2024-04-23 18:00:00,23.5,74.3,26.0,63.4,420.0,0,0,0.0,26.0,1,0,0.247
2024-04-23 19:00:00,24.1,71.8,26.0,62.2,420.0,0,0,0.0,26.0,1,0,0.274
2024-04-23 20:00:00,18.3,75.9,25.2,63.6,420.0,0,0,0.0,26.0,0,0,0.0
2024-04-23 21:00:00,20.4,78.7,25.5,62.5,420.0,0,0,0.0,26.0,1,0,0.295
2024-04-23 22:00:00,18.2,80.4,24.8,64.3,420.0,0,0,0.0,26.0,0,0,0.0
2024-04-23 23:00:00,19.8,83.1,24.3,66.2,420.0,0,0,0.0,26.0,0,0,0.0
2024-04-24 00:00:00,15.9,82.2,23.4,67.8,420.0,0,0,0.0,26.0,0,0,0.0
2024-04-24 01:00:00,15.4,89.8,22.6,70.0,420.0,0,0,0.0,26.0,0,0,0.0
2024-04-24 02:00:00,14.9,85.7,21.8,71.6,420.0,0,0,0.0,26.0,0,0,0.0
2024-04-24 03:00:00,14.3,89.3,21.1,73.3,420.0,0,0,0.0,26.0,0,0,0.0
2024-04-24 04:00:00,18.1,87.1,20.8,74.7,420.0,0,0,0.0,26.0,0,0,0.0
2024-04-24 05:00:00,15.8,85.0,20.3,75.7,420.0,0,0,0.0,26.0,0,0,0.0
2024-04-24 06:00:00,12.9,85.9,19.5,76.8,420.0,0,0,0.0,26.0,0,0,0.0
2024-04-24 07:00:00,17.7,83.3,19.3,77.4,420.0,0,0,0.0,26.0,0,0,0.0
2024-04-24 08:00:00,17.6,78.9,19.2,77.6,3753.0,30,1,0.5,26.0,0,0,0.0
2024-04-24 09:00:00,19.4,81.1,19.2,77.9,5000.0,30,1,0.5,26.0,0,0,0.0
2024-04-24 10:00:00,20.7,82.2,24.5,76.5,5000.0,58,1,0.967,26.0,1,0,0.316
2024-04-24 11:00:00,23.1,70.2,25.1,74.9,5000.0,58,1,0.967,26.0,1,0,0.228
2024-04-24 12:00:00,23.3,70.4,25.5,73.2,420.0,0,0,0.0,26.0,1,0,0.299
2024-04-24 13:00:00,21.0,75.9,25.7,71.8,420.0,0,0,0.0,26.0,1,0,0.319
2024-04-24 14:00:00,25.9,71.9,25.8,70.3,3309.0,26,1,0.433,26.0,1,0,0.324
2024-04-24 15:00:00,25.2,65.9,25.9,68.7,2731.0,26,1,0.433,26.0,1,0,0.283
2024-04-24 16:00:00,24.1,72.8,26.0,67.3,5000.0,49,1,0.817,26.0,1,0,0.293
2024-04-24 17:00:00,22.8,63.5,26.0,65.7,4948.0,49,1,0.817,26.0,1,0,0.285
2024-04-24 18:00:00,23.2,71.9,26.0,64.4,420.0,0,0,0.0,26.0,1,0,0.291
2024-04-24 19:00:00,22.7,76.2,26.0,63.2,420.0,0,0,0.0,26.0,1,0,0.275
2024-04-24 20:00:00,22.3,76.7,26.0,62.1,420.0,0,0,0.0,26.0,1,0,0.279
2024-04-24 21:00:00,21.8,73.4,26.0,61.0,420.0,0,0,0.0,26.0,1,0,0.31
2024-04-24 22:00:00,19.5,82.0,25.3,63.1,420.0,0,0,0.0,26.0,0,0,0.0
2024-04-24 23:00:00,15.6,77.5,24.3,64.5,420.0,0,0,0.0,26.0,0,0,0.0
2024-04-25 00:00:00,15.3,81.7,23.4,66.2,420.0,0,0,0.0,26.0,0,0,0.0
2024-04-25 01:00:00,16.8,83.1,22.8,67.9,420.0,0,0,0.0,26.0,0,0,0.0
2024-04-25 02:00:00,13.9,83.9,21.9,69.5,420.0,0,0,0.0,26.0,0,0,0.0
2024-04-25 03:00:00,16.7,86.0,21.3,71.2,420.0,0,0,0.0,26.0,0,0,0.0
2024-04-25 04:00:00,14.9,85.4,20.7,72.6,420.0,0,0,0.0,26.0,0,0,0.0
2024-04-25 05:00:00,17.6,82.7,20.4,73.6,420.0,0,0,0.0,26.0,0,0,0.0
2024-04-25 06:00:00,18.4,84.3,20.2,74.7,420.0,0,0,0.0,26.0,0,0,0.0
2024-04-25 07:00:00,17.3,89.5,19.9,76.2,420.0,0,0,0.0,26.0,0,0,0.0
2024-04-25 08:00:00,17.1,79.0,19.6,76.4,5000.0,46,1,0.767,26.0,0,0,0.0
2024-04-25 09:00:00,18.2,80.9,19.5,76.9,5000.0,46,1,0.767,26.0,0,0,0.0
2024-04-25 10:00:00,23.8,80.9,24.5,75.5,4060.0,41,1,0.683,26.0,1,0,0.303
2024-04-25 11:00:00,24.3,73.4,25.1,73.9,4248.0,41,1,0.683,26.0,1,0,0.312
2024-04-25 12:00:00,23.0,67.3,25.5,72.2,420.0,0,0,0.0,26.0,1,0,0.305
2024-04-25 13:00:00,27.4,72.5,25.7,70.7,420.0,0,0,0.0,26.0,1,0,0.317
2024-04-25 14:00:00,24.1,74.3,25.8,69.4,5000.0,56,1,0.933,26.0,1,0,0.321
2024-04-25 15:00:00,23.5,71.2,25.9,67.9,5000.0,56,1,0.933,26.0,1,0,0.258
2024-04-25 16:00:00,24.6,72.2,26.0,66.5,2060.0,23,1,0.383,26.0,1,0,0.279
2024-04-25 17:00:00,24.2,66.7,26.0,65.0,2648.0,23,1,0.383,26.0,1,0,0.294
2024-04-25 18:00:00,23.6,75.5,26.0,63.9,420.0,0,0,0.0,26.0,1,0,0.299
2024-04-25 19:00:00,22.5,76.3,26.0,62.7,420.0,0,0,0.0,26.0,1,0,0.284
2024-04-25 20:00:00,19.7,75.9,25.4,64.0,420.0,0,0,0.0,26.0,0,0,0.0
2024-04-25 21:00:00,19.1,80.2,24.7,65.7,420.0,0,0,0.0,26.0,0,0,0.0
2024-04-25 22:00:00,18.8,82.1,24.1,67.3,420.0,0,0,0.0,26.0,0,0,0.0
2024-04-25 23:00:00,19.1,84.1,23.6,69.0,420.0,0,0,0.0,26.0,0,0,0.0
2024-04-26 00:00:00,16.9,80.7,22.9,70.2,420.0,0,0,0.0,26.0,0,0,0.0
2024-04-26 01:00:00,15.7,83.3,22.2,71.5,420.0,0,0,0.0,26.0,0,0,0.0
2024-04-26 02:00:00,14.7,84.6,21.4,72.8,420.0,0,0,0.0,26.0,0,0,0.0
2024-04-26 03:00:00,13.5,80.1,20.6,73.5,420.0,0,0,0.0,26.0,0,0,0.0
2024-04-26 04:00:00,14.2,86.3,20.0,74.8,420.0,0,0,0.0,26.0,0,0,0.0
2024-04-26 05:00:00,13.6,85.0,19.3,75.8,420.0,0,0,0.0,26.0,0,0,0.0
2024-04-26 06:00:00,19.3,86.7,19.3,76.9,420.0,0,0,0.0,26.0,0,0,0.0
2024-04-26 07:00:00,20.0,83.2,19.4,77.5,420.0,0,0,0.0,26.0,0,0,0.0
2024-04-26 08:00:00,20.5,77.9,24.5,76.0,5000.0,58,1,0.967,26.0,1,0,0.322
2024-04-26 09:00:00,19.0,69.8,24.0,75.4,5000.0,58,1,0.967,26.0,0,0,0.0
2024-04-26 10:00:00,23.1,80.6,24.8,74.1,5000.0,51,1,0.85,26.0,1,0,0.348
2024-04-26 11:00:00,21.7,73.2,25.3,72.5,5000.0,51,1,0.85,26.0,1,0,0.304
2024-04-26 12:00:00,22.4,73.5,25.6,71.1,420.0,0,0,0.0,26.0,1,0,0.302
2024-04-26 13:00:00,26.0,65.8,25.7,69.4,420.0,0,0,0.0,26.0,1,0,0.32
2024-04-26 14:00:00,25.4,69.4,25.9,67.9,4198.0,34,1,0.567,26.0,1,0,0.255
2024-04-26 15:00:00,25.2,71.4,25.9,66.5,3442.0,34,1,0.567,26.0,1,0,0.301
2024-04-26 16:00:00,24.5,70.0,26.0,65.1,5000.0,49,1,0.817,26.0,1,0,0.323
2024-04-26 17:00:00,24.0,74.0,26.0,63.9,4948.0,49,1,0.817,26.0,1,0,0.285
2024-04-26 18:00:00,24.2,73.0,26.0,62.7,420.0,0,0,0.0,26.0,1,0,-0.14
2024-04-26 19:00:00,20.6,72.9,26.0,61.5,420.0,0,0,0.0,26.0,1,0,-0.543
2024-04-26 20:00:00,22.6,76.0,26.0,60.4,420.0,0,0,0.0,26.0,1,0,-0.319
2024-04-26 21:00:00,21.0,83.3,26.0,59.6,420.0,0,0,0.0,26.0,1,0,-0.498
2024-04-26 22:00:00,20.3,80.4,26.0,58.7,420.0,0,0,0.0,26.0,1,0,-0.576
2024-04-26 23:00:00,16.7,74.3,25.1,60.3,420.0,0,0,0.0,26.0,0,0,0.0
2024-04-27 00:00:00,16.2,82.7,24.2,62.5,420.0,0,0,0.0,26.0,0,0,0.0
2024-04-27 01:00:00,16.3,84.5,23.4,64.7,420.0,0,0,0.0,26.0,0,0,0.0
2024-04-27 02:00:00,14.7,80.4,22.5,66.3,420.0,0,0,0.0,26.0,0,0,0.0
2024-04-27 03:00:00,13.6,87.4,21.6,68.4,420.0,0,0,0.0,26.0,0,0,0.0
2024-04-27 04:00:00,17.7,85.4,21.2,70.1,420.0,0,0,0.0,26.0,0,0,0.0
2024-04-27 05:00:00,16.2,87.8,20.7,71.9,420.0,0,0,0.0,26.0,0,0,0.0
2024-04-27 06:00:00,15.2,84.8,20.1,73.2,420.0,0,0,0.0,26.0,0,0,0.0
2024-04-27 07:00:00,16.4,84.6,19.7,74.3,420.0,0,0,0.0,26.0,0,0,0.0
2024-04-27 08:00:00,18.9,81.0,19.7,75.0,420.0,0,0,0.0,26.0,0,0,0.0
2024-04-27 09:00:00,18.8,80.1,19.6,75.5,420.0,0,0,0.0,26.0,0,0,0.0
2024-04-27 10:00:00,24.4,72.9,24.5,73.9,420.0,0,0,0.0,26.0,1,0,0.271
2024-04-27 11:00:00,22.0,74.7,25.1,72.4,420.0,0,0,0.0,26.0,1,0,0.296
2024-04-27 12:00:00,24.7,70.7,25.5,70.9,420.0,0,0,0.0,26.0,1,0,0.299
2024-04-27 13:00:00,20.1,75.1,25.7,69.5,420.0,0,0,0.0,26.0,1,0,0.278
2024-04-27 14:00:00,26.0,65.0,25.8,67.9,420.0,0,0,0.0,26.0,1,0,0.35
2024-04-27 15:00:00,24.1,74.7,25.9,66.6,420.0,0,0,0.0,26.0,1,0,0.289
2024-04-27 16:00:00,27.0,73.1,25.9,65.3,420.0,0,0,0.0,26.0,1,0,0.272
2024-04-27 17:00:00,24.1,71.3,26.0,64.0,420.0,0,0,0.0,26.0,1,0,0.298
2024-04-27 18:00:00,23.3,75.7,26.0,62.8,420.0,0,0,0.0,26.0,1,0,0.322
2024-04-27 19:00:00,21.2,71.6,26.0,61.6,420.0,0,0,0.0,26.0,1,0,0.3
2024-04-27 20:00:00,22.8,75.8,26.0,60.5,420.0,0,0,0.0,26.0,1,0,0.312
2024-04-27 21:00:00,22.1,76.0,26.0,59.5,420.0,0,0,0.0,26.0,1,0,0.279
2024-04-27 22:00:00,18.6,77.3,25.2,61.2,420.0,0,0,0.0,26.0,0,0,0.0
2024-04-27 23:00:00,17.5,77.6,24.5,62.9,420.0,0,0,0.0,26.0,0,0,0.0
2024-04-28 00:00:00,15.7,79.3,23.6,64.5,420.0,0,0,0.0,26.0,0,0,0.0
2024-04-28 01:00:00,16.7,87.1,22.9,66.8,420.0,0,0,0.0,26.0,0,0,0.0
2024-04-28 02:00:00,12.6,89.7,21.8,69.1,420.0,0,0,0.0,26.0,0,0,0.0
2024-04-28 03:00:00,18.7,86.1,21.5,70.8,420.0,0,0,0.0,26.0,0,0,0.0
2024-04-28 04:00:00,14.2,94.2,20.8,73.1,420.0,0,0,0.0,26.0,0,0,0.0
2024-04-28 05:00:00,13.7,85.0,20.1,74.3,420.0,0,0,0.0,26.0,0,0,0.0
2024-04-28 06:00:00,16.7,87.7,19.7,75.6,420.0,0,0,0.0,26.0,0,0,0.0
2024-04-28 07:00:00,18.0,80.5,19.5,76.1,420.0,0,0,0.0,26.0,0,0,0.0
2024-04-28 08:00:00,17.3,79.0,19.3,76.4,420.0,0,0,0.0,26.0,0,0,0.0
2024-04-28 09:00:00,18.5,78.1,19.2,76.6,420.0,0,0,0.0,26.0,0,0,0.0
2024-04-28 10:00:00,20.4,71.4,24.5,74.9,420.0,0,0,0.0,26.0,1,0,0.336
2024-04-28 11:00:00,24.4,72.5,25.1,73.4,420.0,0,0,0.0,26.0,1,0,0.313
2024-04-28 12:00:00,21.6,71.8,25.5,71.8,420.0,0,0,0.0,26.0,1,0,0.325
2024-04-28 13:00:00,24.4,65.8,25.7,70.1,420.0,0,0,0.0,26.0,1,0,0.309
2024-04-28 14:00:00,25.3,67.1,25.8,68.5,420.0,0,0,0.0,26.0,1,0,0.32
2024-04-28 15:00:00,27.6,71.6,25.9,67.1,420.0,0,0,0.0,26.0,1,0,0.279
2024-04-28 16:00:00,24.2,68.0,25.9,65.7,420.0,0,0,0.0,26.0,1,0,0.288
2024-04-28 17:00:00,24.2,72.9,26.0,64.4,420.0,0,0,0.0,26.0,1,0,0.332
2024-04-28 18:00:00,23.5,71.7,26.0,63.1,420.0,0,0,0.0,26.0,1,0,0.337
2024-04-28 19:00:00,22.6,72.2,26.0,61.9,420.0,0,0,0.0,26.0,1,0,0.272
2024-04-28 20:00:00,20.8,69.7,26.0,60.6,420.0,0,0,0.0,26.0,1,0,0.306
2024-04-28 21:00:00,21.5,78.9,26.0,59.7,420.0,0,0,0.0,26.0,1,0,0.29
2024-04-28 22:00:00,17.5,85.8,25.1,62.3,420.0,0,0,0.0,26.0,0,0,0.0
2024-04-28 23:00:00,17.6,78.9,24.4,63.9,420.0,0,0,0.0,26.0,0,0,0.0
2024-04-29 00:00:00,17.7,84.9,23.7,66.0,420.0,0,0,0.0,26.0,0,0,0.0
2024-04-29 01:00:00,16.3,83.7,22.9,67.8,420.0,0,0,0.0,26.0,0,0,0.0
2024-04-29 02:00:00,15.8,84.9,22.2,69.5,420.0,0,0,0.0,26.0,0,0,0.0
2024-04-29 03:00:00,15.8,80.3,21.6,70.6,420.0,0,0,0.0,26.0,0,0,0.0
2024-04-29 04:00:00,14.5,90.9,20.8,72.6,420.0,0,0,0.0,26.0,0,0,0.0
2024-04-29 05:00:00,14.5,83.1,20.2,73.7,420.0,0,0,0.0,26.0,0,0,0.0
2024-04-29 06:00:00,15.8,80.0,19.8,74.3,420.0,0,0,0.0,26.0,0,0,0.0
2024-04-29 07:00:00,14.2,81.3,19.2,75.0,420.0,0,0,0.0,26.0,0,0,0.0
2024-04-29 08:00:00,18.9,79.9,19.2,75.5,4753.0,39,1,0.65,26.0,0,0,0.0
2024-04-29 09:00:00,19.8,78.1,19.3,75.7,5000.0,39,1,0.65,26.0,0,0,0.0
2024-04-29 10:00:00,22.8,75.4,24.5,74.2,5000.0,59,1,0.983,26.0,1,0,0.283
2024-04-29 11:00:00,21.6,73.2,25.1,72.7,5000.0,59,1,0.983,26.0,1,0,0.307
2024-04-29 12:00:00,24.4,76.6,25.5,71.3,420.0,0,0,0.0,26.0,1,0,0.327
2024-04-29 13:00:00,23.4,71.4,25.7,69.8,420.0,0,0,0.0,26.0,1,0,0.311
2024-04-29 14:00:00,25.3,67.3,25.8,68.3,4642.0,38,1,0.633,26.0,1,0,0.292
2024-04-29 15:00:00,25.0,65.6,25.9,66.7,3798.0,38,1,0.633,26.0,1,0,0.312
2024-04-29 16:00:00,22.2,71.4,26.0,65.3,5000.0,49,1,0.817,26.0,1,0,0.291
2024-04-29 17:00:00,23.8,71.7,26.0,64.0,4948.0,49,1,0.817,26.0,1,0,0.31
2024-04-29 18:00:00,23.5,69.4,26.0,62.7,420.0,0,0,0.0,26.0,1,0,0.334
2024-04-29 19:00:00,22.4,70.3,26.0,61.4,420.0,0,0,0.0,26.0,1,0,0.25
2024-04-29 20:00:00,23.4,71.9,26.0,60.2,420.0,0,0,0.0,26.0,1,0,0.319
2024-04-29 21:00:00,19.7,74.9,25.4,61.7,420.0,0,0,0.0,26.0,0,0,0.0
2024-04-29 22:00:00,19.6,79.1,24.8,63.4,420.0,0,0,0.0,26.0,0,0,0.0
2024-04-29 23:00:00,16.7,84.6,24.0,65.5,420.0,0,0,0.0,26.0,0,0,0.0
2024-04-30 00:00:00,16.5,85.2,23.2,67.5,420.0,0,0,0.0,26.0,0,0,0.0
2024-04-30 01:00:00,14.2,80.7,22.3,68.8,420.0,0,0,0.0,26.0,0,0,0.0
2024-04-30 02:00:00,15.3,84.8,21.6,70.4,420.0,0,0,0.0,26.0,0,0,0.0
2024-04-30 03:00:00,15.9,85.8,21.0,72.0,420.0,0,0,0.0,26.0,0,0,0.0
2024-04-30 04:00:00,15.5,80.9,20.4,72.9,420.0,0,0,0.0,26.0,0,0,0.0
2024-04-30 05:00:00,18.5,84.4,20.2,74.0,420.0,0,0,0.0,26.0,0,0,0.0
2024-04-30 06:00:00,17.5,81.1,20.0,74.7,420.0,0,0,0.0,26.0,0,0,0.0
2024-04-30 07:00:00,18.0,78.1,19.8,75.1,420.0,0,0,0.0,26.0,0,0,0.0
2024-04-30 08:00:00,19.4,79.0,19.8,75.5,5000.0,42,1,0.7,26.0,0,0,0.0
2024-04-30 09:00:00,20.0,80.1,19.8,75.9,5000.0,42,1,0.7,26.0,0,0,0.0
2024-04-30 10:00:00,19.4,73.9,19.8,75.7,5000.0,45,1,0.75,26.0,0,0,0.0
2024-04-30 11:00:00,23.2,80.3,24.5,74.4,4504.0,45,1,0.75,26.0,1,0,0.263
2024-04-30 12:00:00,23.3,74.1,25.1,72.8,420.0,0,0,0.0,26.0,1,0,0.329
2024-04-30 13:00:00,24.2,76.9,25.5,71.5,420.0,0,0,0.0,26.0,1,0,0.285
2024-04-30 14:00:00,22.2,70.6,25.7,69.9,3531.0,28,1,0.467,26.0,1,0,0.271
2024-04-30 15:00:00,22.6,62.5,25.8,68.2,2909.0,28,1,0.467,26.0,1,0,0.317
2024-04-30 16:00:00,25.3,70.7,25.9,66.8,3922.0,36,1,0.6,26.0,1,0,0.309
2024-04-30 17:00:00,23.9,70.8,26.0,65.4,3720.0,36,1,0.6,26.0,1,0,0.276
2024-04-30 18:00:00,28.2,71.6,26.0,64.1,420.0,0,0,0.0,26.0,1,0,0.27
2024-04-30 19:00:00,23.3,72.1,26.0,62.8,420.0,0,0,0.0,26.0,1,0,0.296
2024-04-30 20:00:00,21.7,75.2,26.0,61.7,420.0,0,0,0.0,26.0,1,0,0.271
2024-04-30 21:00:00,19.4,83.5,25.3,63.9,420.0,0,0,0.0,26.0,0,0,0.0
2024-04-30 22:00:00,20.5,80.5,25.6,62.9,420.0,0,0,0.0,26.0,1,0,0.275
2024-04-30 23:00:00,14.0,80.9,24.4,64.7,420.0,0,0,0.0,26.0,0,0,0.0
2024-05-01 00:00:00,24.5,85.0,25.0,63.8,420.0,0,0,0.0,26.0,1,0,0.303
2024-05-01 01:00:00,21.3,91.3,25.4,63.1,420.0,0,0,0.0,26.0,1,0,0.277
2024-05-01 02:00:00,19.5,85.2,24.8,65.3,420.0,0,0,0.0,26.0,0,0,0.0
2024-05-01 03:00:00,15.3,90.1,23.9,67.8,420.0,0,0,0.0,26.0,0,0,0.0
2024-05-01 04:00:00,17.9,88.3,23.3,69.9,420.0,0,0,0.0,26.0,0,0,0.0
2024-05-01 05:00:00,17.8,86.1,22.7,71.5,420.0,0,0,0.0,26.0,0,0,0.0
2024-05-01 06:00:00,20.5,86.5,24.5,70.4,420.0,0,0,0.0,26.0,1,0,0.31
2024-05-01 07:00:00,19.8,87.6,24.0,72.1,420.0,0,0,0.0,26.0,0,0,0.0
2024-05-01 08:00:00,21.8,77.0,24.8,70.8,5000.0,55,1,0.917,26.0,1,0,0.336
2024-05-01 09:00:00,23.8,80.1,25.3,69.6,5000.0,55,1,0.917,26.0,1,0,0.296
2024-05-01 10:00:00,25.5,82.0,25.6,68.4,2282.0,25,1,0.417,26.0,1,0,0.303
2024-05-01 11:00:00,26.1,75.6,25.8,67.2,2825.0,25,1,0.417,26.0,1,0,0.348
2024-05-01 12:00:00,25.9,76.8,25.9,65.9,420.0,0,0,0.0,26.0,1,0,0.271
2024-05-01 13:00:00,28.6,71.8,25.9,64.6,420.0,0,0,0.0,26.0,1,0,0.329
2024-05-01 14:00:00,26.0,76.6,26.0,63.5,4087.0,33,1,0.55,26.0,1,0,0.326
2024-05-01 15:00:00,27.2,70.2,26.0,62.2,3353.0,33,1,0.55,26.0,1,0,0.321
2024-05-01 16:00:00,29.4,68.7,26.0,60.9,3944.0,37,1,0.617,26.0,1,0,0.331
2024-05-01 17:00:00,26.1,66.7,26.0,59.6,3826.0,37,1,0.617,26.0,1,0,1.578
2024-05-01 18:00:00,28.6,72.7,26.0,58.4,420.0,0,0,0.0,26.0,1,0,0.336
2024-05-01 19:00:00,30.9,73.0,26.0,57.4,420.0,0,0,0.0,26.0,1,0,0.664
2024-05-01 20:00:00,23.9,76.2,26.0,56.5,420.0,0,0,0.0,26.0,1,0,-0.173
2024-05-01 21:00:00,24.4,78.6,26.0,55.6,420.0,0,0,0.0,26.0,1,0,-0.117
2024-05-01 22:00:00,23.6,79.1,26.0,54.8,420.0,0,0,0.0,26.0,1,0,-0.207
2024-05-01 23:00:00,19.4,78.6,25.3,57.2,420.0,0,0,0.0,26.0,0,0,0.0
2024-05-02 00:00:00,17.1,84.1,24.5,59.9,420.0,0,0,0.0,26.0,0,0,0.0
2024-05-02 01:00:00,19.2,85.0,24.0,62.4,420.0,0,0,0.0,26.0,0,0,0.0
2024-05-02 02:00:00,21.0,91.4,24.8,61.8,420.0,0,0,0.0,26.0,1,0,0.327
2024-05-02 03:00:00,18.5,82.6,24.1,63.9,420.0,0,0,0.0,26.0,0,0,0.0
2024-05-02 04:00:00,18.3,85.9,23.5,66.1,420.0,0,0,0.0,26.0,0,0,0.0
2024-05-02 05:00:00,18.7,84.8,23.1,67.9,420.0,0,0,0.0,26.0,0,0,0.0
2024-05-02 06:00:00,19.5,84.5,22.7,69.6,420.0,0,0,0.0,26.0,0,0,0.0
2024-05-02 07:00:00,20.5,84.6,24.5,68.5,420.0,0,0,0.0,26.0,1,0,0.327
2024-05-02 08:00:00,23.2,79.3,25.1,67.4,5000.0,47,1,0.783,26.0,1,0,0.301
2024-05-02 09:00:00,25.9,77.1,25.5,66.2,4726.0,47,1,0.783,26.0,1,0,0.283
2024-05-02 10:00:00,22.9,79.1,25.7,65.0,5000.0,60,1,1.0,26.0,1,0,0.305
2024-05-02 11:00:00,25.3,77.0,25.9,63.9,5000.0,60,1,1.0,26.0,1,0,0.323
2024-05-02 12:00:00,23.9,78.5,25.9,62.8,420.0,0,0,0.0,26.0,1,0,0.325
2024-05-02 13:00:00,29.3,68.6,26.0,61.5,420.0,0,0,0.0,26.0,1,0,0.29
2024-05-02 14:00:00,26.6,77.3,26.0,60.5,3309.0,26,1,0.433,26.0,1,0,0.308
2024-05-02 15:00:00,27.9,69.5,26.0,59.3,2731.0,26,1,0.433,26.0,1,0,0.269
2024-05-02 16:00:00,25.4,71.2,26.0,58.1,3958.0,36,1,0.6,26.0,1,0,1.551
2024-05-02 17:00:00,28.0,75.2,26.0,57.1,3712.0,36,1,0.6,26.0,1,0,1.618
2024-05-02 18:00:00,25.4,69.8,26.0,56.0,420.0,0,0,0.0,26.0,1,0,-0.005
2024-05-02 19:00:00,27.2,79.0,26.0,55.2,420.0,0,0,0.0,26.0,1,0,0.209
2024-05-02 20:00:00,22.9,81.2,26.0,54.5,420.0,0,0,0.0,26.0,1,0,-0.285
2024-05-02 21:00:00,24.1,83.3,26.0,53.8,420.0,0,0,0.0,26.0,1,0,-0.15
2024-05-02 22:00:00,22.6,74.5,26.0,53.0,420.0,0,0,0.0,26.0,1,0,-0.318
2024-05-02 23:00:00,21.3,87.2,26.0,52.5,420.0,0,0,0.0,26.0,1,0,-0.464
2024-05-03 00:00:00,19.1,84.5,25.3,55.7,420.0,0,0,0.0,26.0,0,0,0.0
2024-05-03 01:00:00,19.4,78.2,24.7,57.9,420.0,0,0,0.0,26.0,0,0,0.0
2024-05-03 02:00:00,21.7,85.0,25.2,57.3,420.0,0,0,0.0,26.0,1,0,0.272
2024-05-03 03:00:00,19.8,87.7,24.7,60.3,420.0,0,0,0.0,26.0,0,0,0.0
2024-05-03 04:00:00,21.1,88.9,25.2,59.7,420.0,0,0,0.0,26.0,1,0,0.325
2024-05-03 05:00:00,19.3,84.2,24.6,62.1,420.0,0,0,0.0,26.0,0,0,0.0
2024-05-03 06:00:00,21.7,80.0,25.2,61.1,420.0,0,0,0.0,26.0,1,0,0.308
2024-05-03 07:00:00,22.5,80.7,25.5,60.2,420.0,0,0,0.0,26.0,1,0,0.281
2024-05-03 08:00:00,24.6,82.6,25.7,59.4,5000.0,52,1,0.867,26.0,1,0,0.317
2024-05-03 09:00:00,25.0,80.2,25.8,58.5,5000.0,52,1,0.867,26.0,1,0,0.286
2024-05-03 10:00:00,22.7,75.3,25.9,57.5,5000.0,53,1,0.883,26.0,1,0,0.318
2024-05-03 11:00:00,27.5,76.5,26.0,56.6,5000.0,53,1,0.883,26.0,1,0,0.293
2024-05-03 12:00:00,29.3,75.6,26.0,55.7,420.0,0,0,0.0,26.0,1,0,0.259
2024-05-03 13:00:00,26.9,70.7,26.0,54.6,420.0,0,0,0.0,26.0,1,0,0.276
2024-05-03 14:00:00,29.0,65.3,26.0,53.4,4309.0,35,1,0.583,26.0,1,0,0.29
2024-05-03 15:00:00,31.5,73.3,26.0,52.5,3531.0,35,1,0.583,26.0,1,0,2.32
2024-05-03 16:00:00,30.7,67.5,26.0,51.5,2353.0,23,1,0.383,26.0,1,0,1.742
2024-05-03 17:00:00,30.2,79.8,26.0,50.8,2589.0,23,1,0.383,26.0,1,0,1.77
2024-05-03 18:00:00,25.6,76.7,26.0,50.1,420.0,0,0,0.0,26.0,1,0,0.02
2024-05-03 19:00:00,26.5,71.4,26.0,49.3,420.0,0,0,0.0,26.0,1,0,0.113
2024-05-03 20:00:00,26.0,80.4,26.0,48.7,420.0,0,0,0.0,26.0,1,0,0.061
2024-05-03 21:00:00,23.1,83.5,26.0,48.2,420.0,0,0,0.0,26.0,1,0,-0.263
2024-05-03 22:00:00,20.2,77.6,26.0,47.6,420.0,0,0,0.0,26.0,1,0,-0.587
2024-05-03 23:00:00,21.7,84.1,26.0,47.2,420.0,0,0,0.0,26.0,1,0,-0.419
2024-05-04 00:00:00,19.4,88.1,25.3,51.3,420.0,0,0,0.0,26.0,0,0,0.0
2024-05-04 01:00:00,20.5,89.5,25.6,50.9,420.0,0,0,0.0,26.0,1,0,0.29
2024-05-04 02:00:00,19.0,89.5,24.9,54.8,420.0,0,0,0.0,26.0,0,0,0.0
2024-05-04 03:00:00,18.3,94.2,24.3,58.7,420.0,0,0,0.0,26.0,0,0,0.0
2024-05-04 04:00:00,18.0,94.0,23.6,62.3,420.0,0,0,0.0,26.0,0,0,0.0
2024-05-04 05:00:00,19.7,82.8,23.2,64.3,420.0,0,0,0.0,26.0,0,0,0.0
2024-05-04 06:00:00,22.5,86.0,24.5,63.5,420.0,0,0,0.0,26.0,1,0,0.284
2024-05-04 07:00:00,22.8,87.7,25.1,62.7,420.0,0,0,0.0,26.0,1,0,0.256
2024-05-04 08:00:00,23.2,80.3,25.5,61.7,420.0,0,0,0.0,26.0,1,0,0.3
2024-05-04 09:00:00,25.5,80.0,25.7,60.8,420.0,0,0,0.0,26.0,1,0,0.269
2024-05-04 10:00:00,26.3,71.5,25.8,59.6,420.0,0,0,0.0,26.0,1,0,0.299
2024-05-04 11:00:00,27.2,74.1,25.9,58.5,420.0,0,0,0.0,26.0,1,0,0.351
2024-05-04 12:00:00,30.0,76.2,25.9,57.6,420.0,0,0,0.0,26.0,1,0,0.288
2024-05-04 13:00:00,28.7,74.5,26.0,56.6,420.0,0,0,0.0,26.0,1,0,0.305
2024-05-04 14:00:00,27.3,77.1,26.0,55.7,420.0,0,0,0.0,26.0,1,0,0.322
2024-05-04 15:00:00,32.0,73.2,26.0,54.7,420.0,0,0,0.0,26.0,1,0,0.307
2024-05-04 16:00:00,31.2,70.6,26.0,53.7,420.0,0,0,0.0,26.0,1,0,0.307
2024-05-04 17:00:00,27.1,73.2,26.0,52.8,420.0,0,0,0.0,26.0,1,0,0.183
2024-05-04 18:00:00,28.2,73.2,26.0,51.9,420.0,0,0,0.0,26.0,1,0,0.303
2024-05-04 19:00:00,27.3,76.9,26.0,51.1,420.0,0,0,0.0,26.0,1,0,0.192
2024-05-04 20:00:00,23.8,79.5,26.0,50.5,420.0,0,0,0.0,26.0,1,0,-0.184
2024-05-04 21:00:00,25.3,80.5,26.0,49.9,420.0,0,0,0.0,26.0,1,0,-0.016
2024-05-04 22:00:00,24.4,78.4,26.0,49.2,420.0,0,0,0.0,26.0,1,0,-0.117
2024-05-04 23:00:00,22.2,80.5,26.0,48.7,420.0,0,0,0.0,26.0,1,0,-0.363
2024-05-05 00:00:00,18.8,83.8,25.3,52.2,420.0,0,0,0.0,26.0,0,0,0.0
2024-05-05 01:00:00,18.3,85.3,24.6,55.5,420.0,0,0,0.0,26.0,0,0,0.0
2024-05-05 02:00:00,18.8,90.2,24.0,59.0,420.0,0,0,0.0,26.0,0,0,0.0
2024-05-05 03:00:00,18.5,83.2,23.4,61.4,420.0,0,0,0.0,26.0,0,0,0.0
2024-05-05 04:00:00,20.9,85.2,24.5,60.6,420.0,0,0,0.0,26.0,1,0,0.32
2024-05-05 05:00:00,19.6,88.3,24.0,63.4,420.0,0,0,0.0,26.0,0,0,0.0
2024-05-05 06:00:00,20.8,88.9,24.8,62.6,420.0,0,0,0.0,26.0,1,0,0.258
2024-05-05 07:00:00,22.2,81.4,25.3,61.7,420.0,0,0,0.0,26.0,1,0,0.323
2024-05-05 08:00:00,26.0,82.7,25.6,60.8,420.0,0,0,0.0,26.0,1,0,0.266
2024-05-05 09:00:00,23.8,82.9,25.7,60.0,420.0,0,0,0.0,26.0,1,0,0.323
2024-05-05 10:00:00,25.7,79.1,25.8,59.1,420.0,0,0,0.0,26.0,1,0,0.292
2024-05-05 11:00:00,30.2,75.2,25.9,58.1,420.0,0,0,0.0,26.0,1,0,0.27
2024-05-05 12:00:00,27.1,74.7,25.9,57.1,420.0,0,0,0.0,26.0,1,0,0.314
2024-05-05 13:00:00,29.9,68.6,26.0,55.9,420.0,0,0,0.0,26.0,1,0,0.322
2024-05-05 14:00:00,25.9,70.5,26.0,54.8,420.0,0,0,0.0,26.0,1,0,0.289
2024-05-05 15:00:00,26.5,70.7,26.0,53.8,420.0,0,0,0.0,26.0,1,0,0.317
2024-05-05 16:00:00,29.6,69.6,26.0,52.8,420.0,0,0,0.0,26.0,1,0,0.245
2024-05-05 17:00:00,26.2,73.3,26.0,51.9,420.0,0,0,0.0,26.0,1,0,0.078
2024-05-05 18:00:00,28.8,69.3,26.0,50.9,420.0,0,0,0.0,26.0,1,0,0.415
2024-05-05 19:00:00,27.7,78.5,26.0,50.3,420.0,0,0,0.0,26.0,1,0,0.248
2024-05-05 20:00:00,26.7,81.6,26.0,49.7,420.0,0,0,0.0,26.0,1,0,0.12
2024-05-05 21:00:00,27.3,78.9,26.0,49.1,420.0,0,0,0.0,26.0,1,0,0.197
2024-05-05 22:00:00,22.9,80.8,26.0,48.5,420.0,0,0,0.0,26.0,1,0,-0.285
2024-05-05 23:00:00,21.5,88.6,26.0,48.2,420.0,0,0,0.0,26.0,1,0,-0.442
2024-05-06 00:00:00,18.4,83.1,25.2,51.7,420.0,0,0,0.0,26.0,0,0,0.0
2024-05-06 01:00:00,21.7,90.0,25.5,51.4,420.0,0,0,0.0,26.0,1,0,0.278
2024-05-06 02:00:00,18.6,90.3,24.8,55.3,420.0,0,0,0.0,26.0,0,0,0.0
2024-05-06 03:00:00,19.5,92.5,24.3,59.0,420.0,0,0,0.0,26.0,0,0,0.0
2024-05-06 04:00:00,19.3,90.8,23.8,62.2,420.0,0,0,0.0,26.0,0,0,0.0
2024-05-06 05:00:00,23.6,88.7,24.7,61.5,420.0,0,0,0.0,26.0,1,0,0.296
2024-05-06 06:00:00,20.5,87.8,25.2,60.7,420.0,0,0,0.0,26.0,1,0,0.291
2024-05-06 07:00:00,21.0,91.2,25.5,60.2,420.0,0,0,0.0,26.0,1,0,0.304
2024-05-06 08:00:00,23.0,81.3,25.7,59.3,5000.0,43,1,0.717,26.0,1,0,0.298
2024-05-06 09:00:00,22.7,83.3,25.8,58.5,4282.0,43,1,0.717,26.0,1,0,0.333
2024-05-06 10:00:00,26.6,76.4,25.9,57.6,4870.0,47,1,0.783,26.0,1,0,0.31
2024-05-06 11:00:00,27.4,71.5,26.0,56.5,4752.0,47,1,0.783,26.0,1,0,0.311
2024-05-06 12:00:00,27.8,75.7,26.0,55.5,420.0,0,0,0.0,26.0,1,0,0.328
2024-05-06 13:00:00,30.9,70.8,26.0,54.5,420.0,0,0,0.0,26.0,1,0,0.291
2024-05-06 14:00:00,26.9,69.6,26.0,53.5,2976.0,23,1,0.383,26.0,1,0,1.083
2024-05-06 15:00:00,27.0,76.0,26.0,52.6,2464.0,23,1,0.383,26.0,1,0,1.331
2024-05-06 16:00:00,31.2,73.2,26.0,51.8,3233.0,29,1,0.483,26.0,1,0,1.89
2024-05-06 17:00:00,30.2,73.5,26.0,50.9,3080.0,29,1,0.483,26.0,1,0,1.774
2024-05-06 18:00:00,27.4,73.3,26.0,50.1,420.0,0,0,0.0,26.0,1,0,0.208
2024-05-06 19:00:00,26.0,71.4,26.0,49.2,420.0,0,0,0.0,26.0,1,0,0.059
2024-05-06 20:00:00,25.7,77.8,26.0,48.6,420.0,0,0,0.0,26.0,1,0,0.031
2024-05-06 21:00:00,25.1,80.3,26.0,48.0,420.0,0,0,0.0,26.0,1,0,-0.038
2024-05-06 22:00:00,22.5,79.5,26.0,47.5,420.0,0,0,0.0,26.0,1,0,-0.33
2024-05-06 23:00:00,21.6,86.2,26.0,47.1,420.0,0,0,0.0,26.0,1,0,-0.43
2024-05-07 00:00:00,18.7,85.9,25.3,51.0,420.0,0,0,0.0,26.0,0,0,0.0
2024-05-07 01:00:00,20.0,84.8,24.7,54.4,420.0,0,0,0.0,26.0,0,0,0.0
2024-05-07 02:00:00,18.3,88.4,24.1,57.8,420.0,0,0,0.0,26.0,0,0,0.0
2024-05-07 03:00:00,17.3,89.0,23.4,60.9,420.0,0,0,0.0,26.0,0,0,0.0
2024-05-07 04:00:00,17.8,90.9,22.8,63.9,420.0,0,0,0.0,26.0,0,0,0.0
2024-05-07 05:00:00,23.2,84.3,24.5,63.0,420.0,0,0,0.0,26.0,1,0,0.324
2024-05-07 06:00:00,21.3,83.5,25.1,62.1,420.0,0,0,0.0,26.0,1,0,0.319
2024-05-07 07:00:00,23.1,80.2,25.5,61.2,420.0,0,0,0.0,26.0,1,0,0.319
2024-05-07 08:00:00,23.4,79.5,25.7,60.2,2976.0,23,1,0.383,26.0,1,0,0.314
2024-05-07 09:00:00,23.7,76.9,25.8,59.2,2464.0,23,1,0.383,26.0,1,0,0.303
2024-05-07 10:00:00,26.5,75.4,25.9,58.2,4011.0,36,1,0.6,26.0,1,0,0.296
2024-05-07 11:00:00,27.3,75.0,26.0,57.2,3702.0,36,1,0.6,26.0,1,0,0.329
2024-05-07 12:00:00,27.4,74.8,26.0,56.2,420.0,0,0,0.0,26.0,1,0,0.291
2024-05-07 13:00:00,27.2,73.7,26.0,55.3,420.0,0,0,0.0,26.0,1,0,0.309
2024-05-07 14:00:00,31.1,69.9,26.0,54.2,5000.0,45,1,0.75,26.0,1,0,0.281
2024-05-07 15:00:00,30.8,76.5,26.0,53.4,4504.0,45,1,0.75,26.0,1,0,2.202
2024-05-07 16:00:00,27.6,67.9,26.0,52.3,2714.0,28,1,0.467,26.0,1,0,1.407
2024-05-07 17:00:00,28.8,71.4,26.0,51.4,3072.0,28,1,0.467,26.0,1,0,1.465
2024-05-07 18:00:00,30.3,74.4,26.0,50.6,420.0,0,0,0.0,26.0,1,0,0.579
2024-05-07 19:00:00,25.3,72.6,26.0,49.7,420.0,0,0,0.0,26.0,1,0,-0.016
2024-05-07 20:00:00,26.9,76.2,26.0,49.0,420.0,0,0,0.0,26.0,1,0,0.146
2024-05-07 21:00:00,24.1,82.9,26.0,48.5,420.0,0,0,0.0,26.0,1,0,-0.15
2024-05-07 22:00:00,22.0,81.9,26.0,48.0,420.0,0,0,0.0,26.0,1,0,-0.386
2024-05-07 23:00:00,21.5,86.0,26.0,47.7,420.0,0,0,0.0,26.0,1,0,-0.442
2024-05-08 00:00:00,21.4,85.0,26.0,47.3,420.0,0,0,0.0,26.0,1,0,-0.453
2024-05-08 01:00:00,19.8,85.8,25.4,51.2,420.0,0,0,0.0,26.0,0,0,0.0
2024-05-08 02:00:00,17.0,88.5,24.5,54.9,420.0,0,0,0.0,26.0,0,0,0.0
2024-05-08 03:00:00,21.8,85.3,25.1,54.3,420.0,0,0,0.0,26.0,1,0,0.302
2024-05-08 04:00:00,18.0,85.1,24.4,57.4,420.0,0,0,0.0,26.0,0,0,0.0
2024-05-08 05:00:00,20.8,88.3,25.0,56.8,420.0,0,0,0.0,26.0,1,0,0.303
2024-05-08 06:00:00,20.2,82.9,25.4,56.1,420.0,0,0,0.0,26.0,1,0,0.257
2024-05-08 07:00:00,21.6,79.3,25.6,55.3,420.0,0,0,0.0,26.0,1,0,0.289
2024-05-08 08:00:00,22.9,84.7,25.8,54.7,5000.0,49,1,0.817,26.0,1,0,0.306
2024-05-08 09:00:00,22.1,75.4,25.9,53.8,4948.0,49,1,0.817,26.0,1,0,0.31
2024-05-08 10:00:00,27.7,76.1,26.0,53.0,5000.0,55,1,0.917,26.0,1,0,0.295
2024-05-08 11:00:00,28.2,75.5,26.0,52.1,5000.0,55,1,0.917,26.0,1,0,0.316
2024-05-08 12:00:00,27.3,75.7,26.0,51.3,420.0,0,0,0.0,26.0,1,0,0.217
2024-05-08 13:00:00,27.0,73.5,26.0,50.5,420.0,0,0,0.0,26.0,1,0,0.185
2024-05-08 14:00:00,28.3,68.3,26.0,49.5,5000.0,52,1,0.867,26.0,1,0,2.313
2024-05-08 15:00:00,29.5,71.2,26.0,48.7,5000.0,52,1,0.867,26.0,1,0,2.578
2024-05-08 16:00:00,28.6,68.6,26.0,47.8,5000.0,53,1,0.883,26.0,1,0,2.202
2024-05-08 17:00:00,30.7,75.7,26.0,47.1,5000.0,53,1,0.883,26.0,1,0,2.461
2024-05-08 18:00:00,29.0,73.4,26.0,46.4,420.0,0,0,0.0,26.0,1,0,0.377
2024-05-08 19:00:00,23.9,81.9,26.0,46.0,420.0,0,0,0.0,26.0,1,0,-0.173
2024-05-08 20:00:00,25.2,75.7,26.0,45.4,420.0,0,0,0.0,26.0,1,0,-0.027
2024-05-08 21:00:00,24.6,83.5,26.0,45.0,420.0,0,0,0.0,26.0,1,0,-0.094
2024-05-08 22:00:00,22.7,85.9,26.0,44.7,420.0,0,0,0.0,26.0,1,0,-0.307
2024-05-08 23:00:00,23.1,80.8,26.0,44.3,420.0,0,0,0.0,26.0,1,0,-0.262
2024-05-09 00:00:00,19.5,88.5,25.3,48.7,420.0,0,0,0.0,26.0,0,0,0.0
2024-05-09 01:00:00,15.6,86.5,24.4,52.5,420.0,0,0,0.0,26.0,0,0,0.0
2024-05-09 02:00:00,17.0,86.3,23.6,55.9,420.0,0,0,0.0,26.0,0,0,0.0
2024-05-09 03:00:00,18.6,86.9,23.1,59.0,420.0,0,0,0.0,26.0,0,0,0.0
2024-05-09 04:00:00,18.3,84.4,22.6,61.5,420.0,0,0,0.0,26.0,0,0,0.0
2024-05-09 05:00:00,23.1,92.5,24.5,61.0,420.0,0,0,0.0,26.0,1,0,0.292
2024-05-09 06:00:00,18.7,90.4,23.9,63.9,420.0,0,0,0.0,26.0,0,0,0.0
2024-05-09 07:00:00,20.9,84.4,24.7,63.0,420.0,0,0,0.0,26.0,1,0,0.334
2024-05-09 08:00:00,22.6,80.1,25.3,62.0,2753.0,21,1,0.35,26.0,1,0,0.314
2024-05-09 09:00:00,25.5,80.4,25.6,61.1,2287.0,21,1,0.35,26.0,1,0,0.273
2024-05-09 10:00:00,24.6,74.0,25.8,60.0,4158.0,37,1,0.617,26.0,1,0,0.286
2024-05-09 11:00:00,25.2,71.1,25.9,58.8,3784.0,37,1,0.617,26.0,1,0,0.309
2024-05-09 12:00:00,27.6,70.8,25.9,57.7,420.0,0,0,0.0,26.0,1,0,0.278
2024-05-09 13:00:00,27.9,77.2,26.0,56.8,420.0,0,0,0.0,26.0,1,0,0.283
2024-05-09 14:00:00,30.6,72.2,26.0,55.7,5000.0,47,1,0.783,26.0,1,0,0.332
2024-05-09 15:00:00,28.9,77.6,26.0,54.9,4726.0,47,1,0.783,26.0,1,0,0.285
2024-05-09 16:00:00,29.6,71.3,26.0,53.9,4225.0,42,1,0.7,26.0,1,0,2.254
2024-05-09 17:00:00,26.2,74.3,26.0,53.0,4326.0,42,1,0.7,26.0,1,0,1.883
2024-05-09 18:00:00,28.8,72.4,26.0,52.1,420.0,0,0,0.0,26.0,1,0,0.353
2024-05-09 19:00:00,26.9,74.9,26.0,51.2,420.0,0,0,0.0,26.0,1,0,0.151
2024-05-09 20:00:00,25.0,70.5,26.0,50.3,420.0,0,0,0.0,26.0,1,0,-0.05
2024-05-09 21:00:00,23.7,82.9,26.0,49.8,420.0,0,0,0.0,26.0,1,0,-0.195
2024-05-09 22:00:00,21.8,82.2,26.0,49.3,420.0,0,0,0.0,26.0,1,0,-0.408
2024-05-09 23:00:00,20.4,85.1,26.0,48.8,420.0,0,0,0.0,26.0,1,0,-0.565
2024-05-10 00:00:00,20.1,82.8,26.0,48.4,420.0,0,0,0.0,26.0,1,0,-0.599
2024-05-10 01:00:00,21.7,89.7,26.0,48.1,420.0,0,0,0.0,26.0,1,0,-0.419
2024-05-10 02:00:00,18.3,89.2,25.2,52.2,420.0,0,0,0.0,26.0,0,0,0.0
2024-05-10 03:00:00,19.8,89.9,24.7,56.0,420.0,0,0,0.0,26.0,0,0,0.0
2024-05-10 04:00:00,16.6,90.7,23.9,59.5,420.0,0,0,0.0,26.0,0,0,0.0
2024-05-10 05:00:00,18.8,85.9,23.3,62.1,420.0,0,0,0.0,26.0,0,0,0.0
2024-05-10 06:00:00,24.4,86.6,24.5,61.3,420.0,0,0,0.0,26.0,1,0,0.293
2024-05-10 07:00:00,20.9,77.4,25.1,60.3,420.0,0,0,0.0,26.0,1,0,0.274
2024-05-10 08:00:00,24.8,78.0,25.5,59.3,4420.0,36,1,0.6,26.0,1,0,0.303
2024-05-10 09:00:00,22.5,79.0,25.7,58.4,3620.0,36,1,0.6,26.0,1,0,0.295
2024-05-10 10:00:00,27.4,80.2,25.8,57.6,5000.0,57,1,0.95,26.0,1,0,0.309
2024-05-10 11:00:00,26.3,76.9,25.9,56.7,5000.0,57,1,0.95,26.0,1,0,0.334
2024-05-10 12:00:00,26.6,74.8,26.0,55.7,420.0,0,0,0.0,26.0,1,0,0.32
2024-05-10 13:00:00,28.4,76.0,26.0,54.8,420.0,0,0,0.0,26.0,1,0,0.312
2024-05-10 14:00:00,30.3,73.8,26.0,53.9,4642.0,38,1,0.633,26.0,1,0,0.253
2024-05-10 15:00:00,28.5,74.2,26.0,53.0,3798.0,38,1,0.633,26.0,1,0,1.915
2024-05-10 16:00:00,28.7,69.0,26.0,52.0,5000.0,52,1,0.867,26.0,1,0,2.625
2024-05-10 17:00:00,27.7,73.3,26.0,51.1,5000.0,52,1,0.867,26.0,1,0,1.665
2024-05-10 18:00:00,28.9,73.8,26.0,50.3,420.0,0,0,0.0,26.0,1,0,0.409
2024-05-10 19:00:00,24.7,76.2,26.0,49.6,420.0,0,0,0.0,26.0,1,0,-0.083
2024-05-10 20:00:00,25.5,78.5,26.0,48.9,420.0,0,0,0.0,26.0,1,0,0.006
2024-05-10 21:00:00,25.4,83.1,26.0,48.5,420.0,0,0,0.0,26.0,1,0,-0.005
2024-05-10 22:00:00,21.8,80.2,26.0,47.9,420.0,0,0,0.0,26.0,1,0,-0.408
2024-05-10 23:00:00,19.9,86.1,25.4,51.7,420.0,0,0,0.0,26.0,0,0,0.0
2024-05-11 00:00:00,22.6,84.7,25.6,51.2,420.0,0,0,0.0,26.0,1,0,0.28
2024-05-11 01:00:00,19.3,91.3,25.0,55.2,420.0,0,0,0.0,26.0,0,0,0.0
2024-05-11 02:00:00,19.9,89.0,24.5,58.6,420.0,0,0,0.0,26.0,0,0,0.0
2024-05-11 03:00:00,17.2,90.0,23.7,61.8,420.0,0,0,0.0,26.0,0,0,0.0
2024-05-11 04:00:00,17.8,84.3,23.1,64.0,420.0,0,0,0.0,26.0,0,0,0.0
2024-05-11 05:00:00,19.1,85.2,22.7,66.1,420.0,0,0,0.0,26.0,0,0,0.0
2024-05-11 06:00:00,20.1,81.3,24.5,65.1,420.0,0,0,0.0,26.0,1,0,0.319
2024-05-11 07:00:00,22.9,87.4,25.1,64.3,420.0,0,0,0.0,26.0,1,0,0.341
2024-05-11 08:00:00,19.8,85.0,24.6,66.3,420.0,0,0,0.0,26.0,0,0,0.0
2024-05-11 09:00:00,22.8,82.6,25.1,65.3,420.0,0,0,0.0,26.0,1,0,0.319
2024-05-11 10:00:00,25.2,78.0,25.5,64.2,420.0,0,0,0.0,26.0,1,0,0.291
2024-05-11 11:00:00,26.2,79.6,25.7,63.2,420.0,0,0,0.0,26.0,1,0,0.277
2024-05-11 12:00:00,25.7,76.2,25.8,62.0,420.0,0,0,0.0,26.0,1,0,0.303
2024-05-11 13:00:00,30.0,75.2,25.9,60.9,420.0,0,0,0.0,26.0,1,0,0.321
2024-05-11 14:00:00,32.3,70.7,25.9,59.7,420.0,0,0,0.0,26.0,1,0,0.291
2024-05-11 15:00:00,30.4,71.7,26.0,58.6,420.0,0,0,0.0,26.0,1,0,0.293
2024-05-11 16:00:00,30.7,72.2,26.0,57.5,420.0,0,0,0.0,26.0,1,0,0.368
2024-05-11 17:00:00,27.7,77.0,26.0,56.6,420.0,0,0,0.0,26.0,1,0,0.326
2024-05-11 18:00:00,26.8,70.1,26.0,55.5,420.0,0,0,0.0,26.0,1,0,0.328
2024-05-11 19:00:00,25.7,77.9,26.0,54.7,420.0,0,0,0.0,26.0,1,0,0.265
2024-05-11 20:00:00,27.4,78.3,26.0,53.9,420.0,0,0,0.0,26.0,1,0,0.207
2024-05-11 21:00:00,26.0,75.9,26.0,53.0,420.0,0,0,0.0,26.0,1,0,0.063
2024-05-11 22:00:00,22.0,81.2,26.0,52.4,420.0,0,0,0.0,26.0,1,0,-0.386
2024-05-11 23:00:00,21.3,84.3,26.0,51.8,420.0,0,0,0.0,26.0,1,0,-0.464
2024-05-12 00:00:00,21.5,84.3,26.0,51.3,420.0,0,0,0.0,26.0,1,0,-0.442
2024-05-12 01:00:00,19.9,86.8,25.4,54.9,420.0,0,0,0.0,26.0,0,0,0.0
2024-05-12 02:00:00,17.8,87.4,24.6,58.1,420.0,0,0,0.0,26.0,0,0,0.0
2024-05-12 03:00:00,18.8,87.5,24.0,61.1,420.0,0,0,0.0,26.0,0,0,0.0
2024-05-12 04:00:00,19.2,88.0,23.5,63.7,420.0,0,0,0.0,26.0,0,0,0.0
2024-05-12 05:00:00,19.0,90.7,23.1,66.4,420.0,0,0,0.0,26.0,0,0,0.0
2024-05-12 06:00:00,18.7,83.5,22.6,68.1,420.0,0,0,0.0,26.0,0,0,0.0
2024-05-12 07:00:00,25.7,80.9,24.5,67.0,420.0,0,0,0.0,26.0,1,0,0.276
2024-05-12 08:00:00,20.7,84.3,25.1,66.0,420.0,0,0,0.0,26.0,1,0,0.338
2024-05-12 09:00:00,20.9,79.3,25.5,64.9,420.0,0,0,0.0,26.0,1,0,0.334
2024-05-12 10:00:00,28.5,73.3,25.7,63.7,420.0,0,0,0.0,26.0,1,0,0.287
2024-05-12 11:00:00,23.5,71.5,25.8,62.4,420.0,0,0,0.0,26.0,1,0,0.343
2024-05-12 12:00:00,28.9,77.7,25.9,61.4,420.0,0,0,0.0,26.0,1,0,0.3
2024-05-12 13:00:00,27.6,75.1,25.9,60.3,420.0,0,0,0.0,26.0,1,0,0.362
2024-05-12 14:00:00,30.9,77.6,26.0,59.3,420.0,0,0,0.0,26.0,1,0,0.303
2024-05-12 15:00:00,28.6,65.1,26.0,58.0,420.0,0,0,0.0,26.0,1,0,0.314
2024-05-12 16:00:00,27.6,71.0,26.0,56.9,420.0,0,0,0.0,26.0,1,0,0.334
2024-05-12 17:00:00,27.9,72.5,26.0,55.9,420.0,0,0,0.0,26.0,1,0,0.331
2024-05-12 18:00:00,29.2,78.2,26.0,55.0,420.0,0,0,0.0,26.0,1,0,0.312
2024-05-12 19:00:00,26.2,79.3,26.0,54.3,420.0,0,0,0.0,26.0,1,0,0.084
2024-05-12 20:00:00,25.8,78.1,26.0,53.5,420.0,0,0,0.0,26.0,1,0,0.041
2024-05-12 21:00:00,25.4,80.2,26.0,52.8,420.0,0,0,0.0,26.0,1,0,-0.005
2024-05-12 22:00:00,25.8,77.8,26.0,52.0,420.0,0,0,0.0,26.0,1,0,0.037
2024-05-12 23:00:00,20.7,83.6,26.0,51.5,420.0,0,0,0.0,26.0,1,0,-0.531
2024-05-13 00:00:00,21.1,89.5,26.0,51.1,420.0,0,0,0.0,26.0,1,0,-0.487
2024-05-13 01:00:00,19.6,82.7,25.4,54.3,420.0,0,0,0.0,26.0,0,0,0.0
2024-05-13 02:00:00,20.4,90.0,25.6,53.8,420.0,0,0,0.0,26.0,1,0,0.304
2024-05-13 03:00:00,16.1,88.0,24.6,57.3,420.0,0,0,0.0,26.0,0,0,0.0
2024-05-13 04:00:00,16.8,85.7,23.8,60.1,420.0,0,0,0.0,26.0,0,0,0.0
2024-05-13 05:00:00,18.3,89.4,23.3,63.0,420.0,0,0,0.0,26.0,0,0,0.0
2024-05-13 06:00:00,20.6,81.8,24.5,62.1,420.0,0,0,0.0,26.0,1,0,0.273
2024-05-13 07:00:00,22.8,79.7,25.1,61.1,420.0,0,0,0.0,26.0,1,0,0.257
2024-05-13 08:00:00,23.2,79.6,25.5,60.2,4753.0,39,1,0.65,26.0,1,0,0.301
2024-05-13 09:00:00,23.5,81.5,25.7,59.3,3887.0,39,1,0.65,26.0,1,0,0.33
2024-05-13 10:00:00,26.1,81.9,25.8,58.5,4393.0,42,1,0.7,26.0,1,0,0.322
2024-05-13 11:00:00,26.4,76.9,25.9,57.5,4292.0,42,1,0.7,26.0,1,0,0.298
2024-05-13 12:00:00,26.9,74.9,26.0,56.6,420.0,0,0,0.0,26.0,1,0,0.342
2024-05-13 13:00:00,29.0,72.8,26.0,55.6,420.0,0,0,0.0,26.0,1,0,0.286
2024-05-13 14:00:00,26.1,73.3,26.0,54.6,2864.0,22,1,0.367,26.0,1,0,0.254
2024-05-13 15:00:00,29.5,70.0,26.0,53.5,2376.0,22,1,0.367,26.0,1,0,0.248
2024-05-13 16:00:00,26.9,76.7,26.0,52.7,3696.0,33,1,0.55,26.0,1,0,1.368
2024-05-13 17:00:00,29.1,72.4,26.0,51.8,3432.0,33,1,0.55,26.0,1,0,1.87
2024-05-13 18:00:00,25.8,71.9,26.0,50.9,420.0,0,0,0.0,26.0,1,0,0.038
2024-05-13 19:00:00,28.5,76.4,26.0,50.2,420.0,0,0,0.0,26.0,1,0,0.355
2024-05-13 20:00:00,24.5,79.5,26.0,49.6,420.0,0,0,0.0,26.0,1,0,-0.106
2024-05-13 21:00:00,22.8,84.5,26.0,49.1,420.0,0,0,0.0,26.0,1,0,-0.296
2024-05-13 22:00:00,24.7,80.7,26.0,48.6,420.0,0,0,0.0,26.0,1,0,-0.083
2024-05-13 23:00:00,20.6,76.1,26.0,47.9,420.0,0,0,0.0,26.0,1,0,-0.543
2024-05-14 00:00:00,18.2,81.6,25.2,51.3,420.0,0,0,0.0,26.0,0,0,0.0
2024-05-14 01:00:00,19.9,85.9,24.7,54.7,420.0,0,0,0.0,26.0,0,0,0.0
2024-05-14 02:00:00,17.2,86.9,23.9,57.9,420.0,0,0,0.0,26.0,0,0,0.0
2024-05-14 03:00:00,19.8,89.6,23.5,61.1,420.0,0,0,0.0,26.0,0,0,0.0
2024-05-14 04:00:00,16.3,87.3,22.8,63.7,420.0,0,0,0.0,26.0,0,0,0.0
2024-05-14 05:00:00,17.6,89.6,22.2,66.3,420.0,0,0,0.0,26.0,0,0,0.0
2024-05-14 06:00:00,21.6,83.0,24.5,65.3,420.0,0,0,0.0,26.0,1,0,0.34
2024-05-14 07:00:00,20.4,82.6,25.1,64.3,420.0,0,0,0.0,26.0,1,0,0.274
2024-05-14 08:00:00,19.3,83.1,24.5,66.2,5000.0,55,1,0.917,26.0,0,0,0.0
2024-05-14 09:00:00,23.6,82.9,25.1,65.2,5000.0,55,1,0.917,26.0,1,0,0.311
2024-05-14 10:00:00,23.6,76.1,25.5,64.0,2060.0,23,1,0.383,26.0,1,0,0.313
2024-05-14 11:00:00,24.2,73.0,25.7,62.8,2648.0,23,1,0.383,26.0,1,0,0.279
2024-05-14 12:00:00,25.8,77.3,25.8,61.7,420.0,0,0,0.0,26.0,1,0,0.333
2024-05-14 13:00:00,27.3,73.4,25.9,60.6,420.0,0,0,0.0,26.0,1,0,0.293
2024-05-14 14:00:00,28.3,68.5,26.0,59.3,3976.0,32,1,0.533,26.0,1,0,0.291
2024-05-14 15:00:00,28.7,73.8,26.0,58.3,3264.0,32,1,0.533,26.0,1,0,0.351
2024-05-14 16:00:00,27.0,74.7,26.0,57.3,5000.0,54,1,0.9,26.0,1,0,0.313
2024-05-14 17:00:00,27.1,71.6,26.0,56.2,5000.0,54,1,0.9,26.0,1,0,2.348
2024-05-14 18:00:00,28.3,72.4,26.0,55.2,420.0,0,0,0.0,26.0,1,0,0.354
2024-05-14 19:00:00,26.6,75.1,26.0,54.3,420.0,0,0,0.0,26.0,1,0,0.122
2024-05-14 20:00:00,25.5,70.8,26.0,53.3,420.0,0,0,0.0,26.0,1,0,0.007
2024-05-14 21:00:00,21.3,81.8,26.0,52.6,420.0,0,0,0.0,26.0,1,0,-0.464
2024-05-14 22:00:00,24.3,79.3,26.0,51.9,420.0,0,0,0.0,26.0,1,0,-0.128
2024-05-14 23:00:00,21.1,84.9,26.0,51.4,420.0,0,0,0.0,26.0,1,0,-0.487
2024-05-15 00:00:00,21.5,79.6,26.0,50.8,420.0,0,0,0.0,26.0,1,0,-0.442
2024-05-15 01:00:00,18.3,85.9,25.2,54.3,420.0,0,0,0.0,26.0,0,0,0.0
2024-05-15 02:00:00,20.2,95.2,25.5,54.0,420.0,0,0,0.0,26.0,1,0,0.288
2024-05-15 03:00:00,18.7,83.8,24.8,57.0,420.0,0,0,0.0,26.0,0,0,0.0
2024-05-15 04:00:00,19.8,91.7,24.3,60.5,420.0,0,0,0.0,26.0,0,0,0.0
2024-05-15 05:00:00,19.8,84.2,23.9,62.8,420.0,0,0,0.0,26.0,0,0,0.0
2024-05-15 06:00:00,21.9,87.6,24.7,62.1,420.0,0,0,0.0,26.0,1,0,0.287
2024-05-15 07:00:00,20.0,85.1,24.2,64.4,420.0,0,0,0.0,26.0,0,0,0.0
2024-05-15 08:00:00,24.2,85.6,25.0,63.5,2753.0,21,1,0.35,26.0,1,0,0.293
2024-05-15 09:00:00,23.9,78.9,25.4,62.5,2287.0,21,1,0.35,26.0,1,0,0.285
2024-05-15 10:00:00,27.1,74.3,25.6,61.3,4158.0,37,1,0.617,26.0,1,0,0.32
2024-05-15 11:00:00,27.2,71.9,25.8,60.1,3784.0,37,1,0.617,26.0,1,0,0.306
2024-05-15 12:00:00,29.1,73.6,25.9,59.0,420.0,0,0,0.0,26.0,1,0,0.288
2024-05-15 13:00:00,30.2,74.5,25.9,58.0,420.0,0,0,0.0,26.0,1,0,0.316
2024-05-15 14:00:00,27.0,76.5,26.0,57.1,5000.0,43,1,0.717,26.0,1,0,0.293
2024-05-15 15:00:00,31.3,74.6,26.0,56.1,4282.0,43,1,0.717,26.0,1,0,0.292
2024-05-15 16:00:00,27.7,71.4,26.0,55.1,3537.0,35,1,0.583,26.0,1,0,1.67
2024-05-15 17:00:00,28.5,71.0,26.0,54.0,3686.0,35,1,0.583,26.0,1,0,1.816
2024-05-15 18:00:00,30.1,74.8,26.0,53.2,420.0,0,0,0.0,26.0,1,0,0.538
2024-05-15 19:00:00,22.4,77.0,26.0,52.4,420.0,0,0,0.0,26.0,1,0,-0.341
2024-05-15 20:00:00,24.8,77.7,26.0,51.6,420.0,0,0,0.0,26.0,1,0,-0.072
2024-05-15 21:00:00,23.4,82.4,26.0,51.1,420.0,0,0,0.0,26.0,1,0,-0.229
2024-05-15 22:00:00,24.4,82.9,26.0,50.5,420.0,0,0,0.0,26.0,1,0,-0.117
2024-05-15 23:00:00,21.0,83.9,26.0,50.0,420.0,0,0,0.0,26.0,1,0,-0.498
2024-05-16 00:00:00,20.5,83.2,26.0,49.5,420.0,0,0,0.0,26.0,1,0,-0.554
2024-05-16 01:00:00,20.5,88.3,26.0,49.2,420.0,0,0,0.0,26.0,1,0,-0.554
2024-05-16 02:00:00,21.5,91.5,26.0,48.9,420.0,0,0,0.0,26.0,1,0,-0.442
2024-05-16 03:00:00,18.0,90.5,25.2,53.1,420.0,0,0,0.0,26.0,0,0,0.0
2024-05-16 04:00:00,17.7,89.8,24.4,56.8,420.0,0,0,0.0,26.0,0,0,0.0
2024-05-16 05:00:00,18.9,83.9,23.9,59.5,420.0,0,0,0.0,26.0,0,0,0.0
2024-05-16 06:00:00,20.9,77.6,24.7,58.5,420.0,0,0,0.0,26.0,1,0,0.291
2024-05-16 07:00:00,18.9,83.5,24.1,61.0,420.0,0,0,0.0,26.0,0,0,0.0
2024-05-16 08:00:00,22.8,81.0,24.9,60.1,4087.0,33,1,0.55,26.0,1,0,0.32
2024-05-16 09:00:00,21.6,77.5,25.3,59.1,3353.0,33,1,0.55,26.0,1,0,0.295
2024-05-16 10:00:00,25.9,79.7,25.6,58.3,2167.0,21,1,0.35,26.0,1,0,0.284
2024-05-16 11:00:00,26.5,79.5,25.8,57.4,2404.0,21,1,0.35,26.0,1,0,0.265
2024-05-16 12:00:00,28.1,72.1,25.9,56.3,420.0,0,0,0.0,26.0,1,0,0.324
2024-05-16 13:00:00,27.9,68.9,25.9,55.2,420.0,0,0,0.0,26.0,1,0,0.3
2024-05-16 14:00:00,28.7,75.6,26.0,54.3,4864.0,40,1,0.667,26.0,1,0,0.305
2024-05-16 15:00:00,30.0,76.2,26.0,53.5,3976.0,40,1,0.667,26.0,1,0,0.325
2024-05-16 16:00:00,28.4,76.3,26.0,52.7,2487.0,25,1,0.417,26.0,1,0,1.375
2024-05-16 17:00:00,28.0,77.5,26.0,51.9,2784.0,25,1,0.417,26.0,1,0,1.231
2024-05-16 18:00:00,27.5,76.5,26.0,51.1,420.0,0,0,0.0,26.0,1,0,0.232
2024-05-16 19:00:00,28.7,75.4,26.0,50.4,420.0,0,0,0.0,26.0,1,0,0.374
2024-05-16 20:00:00,25.6,81.8,26.0,49.8,420.0,0,0,0.0,26.0,1,0,0.017
2024-05-16 21:00:00,23.8,76.0,26.0,49.1,420.0,0,0,0.0,26.0,1,0,-0.184
2024-05-16 22:00:00,25.9,80.7,26.0,48.6,420.0,0,0,0.0,26.0,1,0,0.057
2024-05-16 23:00:00,21.7,87.5,26.0,48.2,420.0,0,0,0.0,26.0,1,0,-0.419
2024-05-17 00:00:00,19.6,82.6,25.4,51.7,420.0,0,0,0.0,26.0,0,0,0.0
2024-05-17 01:00:00,20.1,81.5,25.6,51.1,420.0,0,0,0.0,26.0,1,0,0.24
2024-05-17 02:00:00,18.7,88.5,24.9,54.8,420.0,0,0,0.0,26.0,0,0,0.0
2024-05-17 03:00:00,18.6,83.4,24.3,57.7,420.0,0,0,0.0,26.0,0,0,0.0
2024-05-17 04:00:00,21.6,88.0,25.0,57.1,420.0,0,0,0.0,26.0,1,0,0.327
2024-05-17 05:00:00,21.8,86.1,25.4,56.4,420.0,0,0,0.0,26.0,1,0,0.319
2024-05-17 06:00:00,19.1,86.5,24.7,59.4,420.0,0,0,0.0,26.0,0,0,0.0
2024-05-17 07:00:00,21.2,80.5,25.2,58.6,420.0,0,0,0.0,26.0,1,0,0.311
2024-05-17 08:00:00,24.9,80.2,25.6,57.7,3309.0,26,1,0.433,26.0,1,0,0.22
2024-05-17 09:00:00,21.2,84.0,25.7,57.0,2731.0,26,1,0.433,26.0,1,0,0.331
2024-05-17 10:00:00,24.5,76.1,25.9,56.1,3513.0,32,1,0.533,26.0,1,0,0.275
2024-05-17 11:00:00,23.9,81.2,25.9,55.3,3357.0,32,1,0.533,26.0,1,0,0.288
2024-05-17 12:00:00,25.6,74.5,26.0,54.4,420.0,0,0,0.0,26.0,1,0,0.296
2024-05-17 13:00:00,29.7,74.3,26.0,53.5,420.0,0,0,0.0,26.0,1,0,0.31
2024-05-17 14:00:00,28.7,67.2,26.0,52.4,5000.0,48,1,0.8,26.0,1,0,0.315
2024-05-17 15:00:00,27.8,72.6,26.0,51.5,4837.0,48,1,0.8,26.0,1,0,2.232
2024-05-17 16:00:00,27.6,72.9,26.0,50.7,5000.0,53,1,0.883,26.0,1,0,2.36
2024-05-17 17:00:00,29.4,76.0,26.0,49.9,5000.0,53,1,0.883,26.0,1,0,2.464
2024-05-17 18:00:00,25.7,80.9,26.0,49.4,420.0,0,0,0.0,26.0,1,0,0.03
2024-05-17 19:00:00,27.7,76.0,26.0,48.7,420.0,0,0,0.0,26.0,1,0,0.231
2024-05-17 20:00:00,26.9,85.0,26.0,48.2,420.0,0,0,0.0,26.0,1,0,0.153
2024-05-17 21:00:00,21.8,79.3,26.0,47.7,420.0,0,0,0.0,26.0,1,0,-0.408
2024-05-17 22:00:00,19.1,82.6,25.3,51.2,420.0,0,0,0.0,26.0,0,0,0.0
2024-05-17 23:00:00,22.0,83.9,25.6,50.7,420.0,0,0,0.0,26.0,1,0,0.321
2024-05-18 00:00:00,19.5,79.5,25.0,53.5,420.0,0,0,0.0,26.0,0,0,0.0
2024-05-18 01:00:00,20.2,91.3,25.4,53.2,420.0,0,0,0.0,26.0,1,0,0.32
2024-05-18 02:00:00,18.3,89.0,24.7,56.8,420.0,0,0,0.0,26.0,0,0,0.0
2024-05-18 03:00:00,16.6,89.4,23.8,60.0,420.0,0,0,0.0,26.0,0,0,0.0
2024-05-18 04:00:00,18.6,85.4,23.3,62.6,420.0,0,0,0.0,26.0,0,0,0.0
2024-05-18 05:00:00,18.5,85.7,22.8,64.9,420.0,0,0,0.0,26.0,0,0,0.0
2024-05-18 06:00:00,21.0,81.7,24.5,63.9,420.0,0,0,0.0,26.0,1,0,0.317
2024-05-18 07:00:00,20.9,83.9,25.1,63.0,420.0,0,0,0.0,26.0,1,0,0.288
2024-05-18 08:00:00,21.1,87.5,25.5,62.2,420.0,0,0,0.0,26.0,1,0,0.322
2024-05-18 09:00:00,22.7,78.0,25.7,61.2,420.0,0,0,0.0,26.0,1,0,0.272
2024-05-18 10:00:00,23.8,83.3,25.8,60.3,420.0,0,0,0.0,26.0,1,0,0.326
2024-05-18 11:00:00,27.3,73.2,25.9,59.2,420.0,0,0,0.0,26.0,1,0,0.294
2024-05-18 12:00:00,29.2,74.9,25.9,58.2,420.0,0,0,0.0,26.0,1,0,0.34
2024-05-18 13:00:00,28.7,72.0,26.0,57.1,420.0,0,0,0.0,26.0,1,0,0.263
2024-05-18 14:00:00,27.7,73.3,26.0,56.1,420.0,0,0,0.0,26.0,1,0,0.342
2024-05-18 15:00:00,28.2,77.5,26.0,55.2,420.0,0,0,0.0,26.0,1,0,0.291
2024-05-18 16:00:00,26.9,76.9,26.0,54.4,420.0,0,0,0.0,26.0,1,0,0.291
2024-05-18 17:00:00,28.2,74.0,26.0,53.5,420.0,0,0,0.0,26.0,1,0,0.305
2024-05-18 18:00:00,28.8,72.5,26.0,52.6,420.0,0,0,0.0,26.0,1,0,0.355
2024-05-18 19:00:00,27.8,67.9,26.0,51.5,420.0,0,0,0.0,26.0,1,0,0.263
2024-05-18 20:00:00,24.2,75.2,26.0,50.7,420.0,0,0,0.0,26.0,1,0,-0.139
2024-05-18 21:00:00,22.1,79.4,26.0,50.1,420.0,0,0,0.0,26.0,1,0,-0.374
2024-05-18 22:00:00,23.3,84.2,26.0,49.6,420.0,0,0,0.0,26.0,1,0,-0.24
2024-05-18 23:00:00,21.9,82.0,26.0,49.1,420.0,0,0,0.0,26.0,1,0,-0.397
2024-05-19 00:00:00,21.0,86.0,26.0,48.7,420.0,0,0,0.0,26.0,1,0,-0.498
2024-05-19 01:00:00,21.1,89.3,26.0,48.4,420.0,0,0,0.0,26.0,1,0,-0.486
2024-05-19 02:00:00,19.2,85.0,25.3,52.1,420.0,0,0,0.0,26.0,0,0,0.0
2024-05-19 03:00:00,18.0,86.4,24.6,55.5,420.0,0,0,0.0,26.0,0,0,0.0
2024-05-19 04:00:00,18.7,88.5,24.0,58.8,420.0,0,0,0.0,26.0,0,0,0.0
2024-05-19 05:00:00,20.7,86.8,24.8,58.1,420.0,0,0,0.0,26.0,1,0,0.282
2024-05-19 06:00:00,20.5,86.1,25.3,57.5,420.0,0,0,0.0,26.0,1,0,0.283
2024-05-19 07:00:00,20.7,81.2,25.6,56.7,420.0,0,0,0.0,26.0,1,0,0.312
2024-05-19 08:00:00,20.1,80.0,25.7,55.9,420.0,0,0,0.0,26.0,1,0,0.278
2024-05-19 09:00:00,24.7,77.9,25.8,55.0,420.0,0,0,0.0,26.0,1,0,0.282
2024-05-19 10:00:00,24.9,79.3,25.9,54.3,420.0,0,0,0.0,26.0,1,0,0.267
2024-05-19 11:00:00,27.3,72.8,25.9,53.3,420.0,0,0,0.0,26.0,1,0,0.288
2024-05-19 12:00:00,29.0,77.7,26.0,52.6,420.0,0,0,0.0,26.0,1,0,0.331
2024-05-19 13:00:00,26.6,70.6,26.0,51.6,420.0,0,0,0.0,26.0,1,0,0.28
2024-05-19 14:00:00,30.6,71.8,26.0,50.7,420.0,0,0,0.0,26.0,1,0,0.282
2024-05-19 15:00:00,25.7,67.8,26.0,49.7,420.0,0,0,0.0,26.0,1,0,0.305
2024-05-19 16:00:00,28.5,68.8,26.0,48.8,420.0,0,0,0.0,26.0,1,0,0.291
2024-05-19 17:00:00,27.7,73.2,26.0,48.0,420.0,0,0,0.0,26.0,1,0,0.301
2024-05-19 18:00:00,29.7,73.5,26.0,47.3,420.0,0,0,0.0,26.0,1,0,0.471
2024-05-19 19:00:00,28.1,80.3,26.0,46.8,420.0,0,0,0.0,26.0,1,0,0.306
2024-05-19 20:00:00,27.4,78.8,26.0,46.2,420.0,0,0,0.0,26.0,1,0,0.236
2024-05-19 21:00:00,21.1,81.4,26.0,45.8,420.0,0,0,0.0,26.0,1,0,-0.487
2024-05-19 22:00:00,24.3,81.8,26.0,45.4,420.0,0,0,0.0,26.0,1,0,-0.128
2024-05-19 23:00:00,24.1,86.6,26.0,45.1,420.0,0,0,0.0,26.0,1,0,-0.15
2024-05-20 00:00:00,21.3,88.9,26.0,44.9,420.0,0,0,0.0,26.0,1,0,-0.464
2024-05-20 01:00:00,20.2,79.4,26.0,44.5,420.0,0,0,0.0,26.0,1,0,-0.587
2024-05-20 02:00:00,18.4,91.3,25.2,49.1,420.0,0,0,0.0,26.0,0,0,0.0
2024-05-20 03:00:00,17.8,87.3,24.5,53.0,420.0,0,0,0.0,26.0,0,0,0.0
2024-05-20 04:00:00,17.6,93.1,23.8,57.0,420.0,0,0,0.0,26.0,0,0,0.0
2024-05-20 05:00:00,22.2,84.3,24.7,56.3,420.0,0,0,0.0,26.0,1,0,0.322
2024-05-20 06:00:00,20.7,83.6,25.2,55.6,420.0,0,0,0.0,26.0,1,0,0.306
2024-05-20 07:00:00,22.4,85.5,25.5,55.0,420.0,0,0,0.0,26.0,1,0,0.296
2024-05-20 08:00:00,23.9,83.1,25.7,54.4,4198.0,34,1,0.567,26.0,1,0,0.349
2024-05-20 09:00:00,28.4,76.9,25.9,53.5,3442.0,34,1,0.567,26.0,1,0,0.298
2024-05-20 10:00:00,22.7,76.8,25.9,52.7,3593.0,34,1,0.567,26.0,1,0,0.289
2024-05-20 11:00:00,24.1,71.5,26.0,51.8,3563.0,34,1,0.567,26.0,1,0,0.284
2024-05-20 12:00:00,26.0,71.6,26.0,50.9,420.0,0,0,0.0,26.0,1,0,0.259
2024-05-20 13:00:00,26.9,74.6,26.0,50.1,420.0,0,0,0.0,26.0,1,0,0.32
2024-05-20 14:00:00,28.1,71.7,26.0,49.2,3309.0,26,1,0.433,26.0,1,0,0.244
2024-05-20 15:00:00,30.3,69.7,26.0,48.4,2731.0,26,1,0.433,26.0,1,0,1.675
2024-05-20 16:00:00,28.4,73.4,26.0,47.6,5000.0,60,1,1.0,26.0,1,0,2.483
2024-05-20 17:00:00,25.4,65.9,26.0,46.7,5000.0,60,1,1.0,26.0,1,0,2.577
2024-05-20 18:00:00,28.1,75.8,26.0,46.0,420.0,0,0,0.0,26.0,1,0,0.254
2024-05-20 19:00:00,29.6,76.5,26.0,45.4,420.0,0,0,0.0,26.0,1,0,0.432
2024-05-20 20:00:00,26.5,77.3,26.0,44.9,420.0,0,0,0.0,26.0,1,0,0.117
2024-05-20 21:00:00,24.4,85.0,26.0,44.6,420.0,0,0,0.0,26.0,1,0,-0.117
2024-05-20 22:00:00,19.5,83.3,25.3,48.5,420.0,0,0,0.0,26.0,0,0,0.0
2024-05-20 23:00:00,24.7,84.8,25.6,48.1,420.0,0,0,0.0,26.0,1,0,0.295
2024-05-21 00:00:00,22.9,83.8,25.8,47.6,420.0,0,0,0.0,26.0,1,0,0.287
2024-05-21 01:00:00,19.6,87.0,25.1,51.6,420.0,0,0,0.0,26.0,0,0,0.0
2024-05-21 02:00:00,15.8,84.2,24.2,54.8,420.0,0,0,0.0,26.0,0,0,0.0
2024-05-21 03:00:00,17.4,90.5,23.5,58.4,420.0,0,0,0.0,26.0,0,0,0.0
2024-05-21 04:00:00,20.5,88.7,24.5,57.8,420.0,0,0,0.0,26.0,1,0,0.298
2024-05-21 05:00:00,20.9,86.4,25.1,57.2,420.0,0,0,0.0,26.0,1,0,0.27
2024-05-21 06:00:00,22.3,85.7,25.5,56.5,420.0,0,0,0.0,26.0,1,0,0.309
2024-05-21 07:00:00,21.6,83.2,25.7,55.8,420.0,0,0,0.0,26.0,1,0,0.244
2024-05-21 08:00:00,23.7,80.8,25.8,55.1,3420.0,27,1,0.45,26.0,1,0,0.299
2024-05-21 09:00:00,25.5,76.6,25.9,54.2,2820.0,27,1,0.45,26.0,1,0,0.286
2024-05-21 10:00:00,23.6,80.0,25.9,53.5,2384.0,22,1,0.367,26.0,1,0,0.324
2024-05-21 11:00:00,26.4,74.6,26.0,52.6,2472.0,22,1,0.367,26.0,1,0,0.342
2024-05-21 12:00:00,28.9,72.5,26.0,51.7,420.0,0,0,0.0,26.0,1,0,0.292
2024-05-21 13:00:00,28.0,77.3,26.0,51.0,420.0,0,0,0.0,26.0,1,0,0.333
2024-05-21 14:00:00,31.1,77.0,26.0,50.3,5000.0,60,1,1.0,26.0,1,0,0.292
2024-05-21 15:00:00,28.6,75.7,26.0,49.5,5000.0,60,1,1.0,26.0,1,0,2.349
2024-05-21 16:00:00,27.4,69.6,26.0,48.6,2282.0,25,1,0.417,26.0,1,0,1.501
2024-05-21 17:00:00,24.8,78.1,26.0,48.0,2825.0,25,1,0.417,26.0,1,0,1.066
2024-05-21 18:00:00,26.2,74.0,26.0,47.3,420.0,0,0,0.0,26.0,1,0,0.084
2024-05-21 19:00:00,25.1,78.1,26.0,46.7,420.0,0,0,0.0,26.0,1,0,-0.039
2024-05-21 20:00:00,24.7,74.0,26.0,46.0,420.0,0,0,0.0,26.0,1,0,-0.083
2024-05-21 21:00:00,24.7,75.7,26.0,45.4,420.0,0,0,0.0,26.0,1,0,-0.083
2024-05-21 22:00:00,21.4,75.7,26.0,44.8,420.0,0,0,0.0,26.0,1,0,-0.453
2024-05-21 23:00:00,19.4,84.5,25.3,48.8,420.0,0,0,0.0,26.0,0,0,0.0
2024-05-22 00:00:00,17.5,81.2,24.5,52.0,420.0,0,0,0.0,26.0,0,0,0.0
2024-05-22 01:00:00,19.7,85.3,24.0,55.4,420.0,0,0,0.0,26.0,0,0,0.0
2024-05-22 02:00:00,22.2,93.2,24.8,55.0,420.0,0,0,0.0,26.0,1,0,0.316
2024-05-22 03:00:00,17.7,89.7,24.1,58.5,420.0,0,0,0.0,26.0,0,0,0.0
2024-05-22 04:00:00,20.3,85.9,24.9,57.8,420.0,0,0,0.0,26.0,1,0,0.307
2024-05-22 05:00:00,17.4,86.9,24.1,60.7,420.0,0,0,0.0,26.0,0,0,0.0
2024-05-22 06:00:00,20.2,84.3,24.9,59.9,420.0,0,0,0.0,26.0,1,0,0.298
2024-05-22 07:00:00,22.2,81.7,25.3,59.1,420.0,0,0,0.0,26.0,1,0,0.268
2024-05-22 08:00:00,21.0,82.4,25.6,58.3,3087.0,24,1,0.4,26.0,1,0,0.294
2024-05-22 09:00:00,24.6,76.5,25.8,57.3,2553.0,24,1,0.4,26.0,1,0,0.315
2024-05-22 10:00:00,26.7,72.6,25.9,56.3,3993.0,36,1,0.6,26.0,1,0,0.297
2024-05-22 11:00:00,25.6,75.2,25.9,55.3,3705.0,36,1,0.6,26.0,1,0,0.322
2024-05-22 12:00:00,26.6,72.6,26.0,54.4,420.0,0,0,0.0,26.0,1,0,0.309
2024-05-22 13:00:00,31.1,70.5,26.0,53.3,420.0,0,0,0.0,26.0,1,0,0.279
2024-05-22 14:00:00,32.5,73.6,26.0,52.5,3531.0,28,1,0.467,26.0,1,0,0.268
2024-05-22 15:00:00,29.1,73.4,26.0,51.6,2909.0,28,1,0.467,26.0,1,0,1.584
2024-05-22 16:00:00,32.6,69.3,26.0,50.6,5000.0,57,1,0.95,26.0,1,0,2.779
2024-05-22 17:00:00,26.6,70.8,26.0,49.7,5000.0,57,1,0.95,26.0,1,0,2.286
2024-05-22 18:00:00,27.6,69.2,26.0,48.8,420.0,0,0,0.0,26.0,1,0,0.228
2024-05-22 19:00:00,26.5,81.1,26.0,48.3,420.0,0,0,0.0,26.0,1,0,0.113
2024-05-22 20:00:00,25.5,77.1,26.0,47.6,420.0,0,0,0.0,26.0,1,0,0.007
2024-05-22 21:00:00,23.1,82.7,26.0,47.2,420.0,0,0,0.0,26.0,1,0,-0.262
2024-05-22 22:00:00,21.5,87.6,26.0,46.9,420.0,0,0,0.0,26.0,1,0,-0.442
2024-05-22 23:00:00,24.4,84.8,26.0,46.5,420.0,0,0,0.0,26.0,1,0,-0.117
2024-05-23 00:00:00,20.4,88.7,26.0,46.3,420.0,0,0,0.0,26.0,1,0,-0.565
2024-05-23 01:00:00,21.3,84.5,26.0,45.9,420.0,0,0,0.0,26.0,1,0,-0.464
2024-05-23 02:00:00,18.4,83.8,25.2,49.7,420.0,0,0,0.0,26.0,0,0,0.0
2024-05-23 03:00:00,19.6,90.0,24.7,53.8,420.0,0,0,0.0,26.0,0,0,0.0
2024-05-23 04:00:00,17.1,86.4,23.9,57.0,420.0,0,0,0.0,26.0,0,0,0.0
2024-05-23 05:00:00,17.6,84.2,23.3,59.7,420.0,0,0,0.0,26.0,0,0,0.0
2024-05-23 06:00:00,21.3,83.5,24.5,59.0,420.0,0,0,0.0,26.0,1,0,0.304
2024-05-23 07:00:00,21.0,79.1,25.1,58.1,420.0,0,0,0.0,26.0,1,0,0.283
2024-05-23 08:00:00,23.0,81.9,25.5,57.3,3420.0,27,1,0.45,26.0,1,0,0.3
2024-05-23 09:00:00,22.9,79.4,25.7,56.4,2820.0,27,1,0.45,26.0,1,0,0.333
2024-05-23 10:00:00,25.6,75.5,25.8,55.5,4940.0,45,1,0.75,26.0,1,0,0.307
2024-05-23 11:00:00,24.3,81.4,25.9,54.8,4516.0,45,1,0.75,26.0,1,0,0.314
2024-05-23 12:00:00,26.6,74.1,26.0,53.9,420.0,0,0,0.0,26.0,1,0,0.282
2024-05-23 13:00:00,29.8,83.7,26.0,53.3,420.0,0,0,0.0,26.0,1,0,0.325
2024-05-23 14:00:00,27.0,73.6,26.0,52.4,5000.0,45,1,0.75,26.0,1,0,0.356
2024-05-23 15:00:00,27.9,70.4,26.0,51.4,4504.0,45,1,0.75,26.0,1,0,1.875
2024-05-23 16:00:00,27.7,68.9,26.0,50.4,2048.0,22,1,0.367,26.0,1,0,1.139
2024-05-23 17:00:00,28.3,68.6,26.0,49.5,2539.0,22,1,0.367,26.0,1,0,1.341
2024-05-23 18:00:00,29.0,74.5,26.0,48.7,420.0,0,0,0.0,26.0,1,0,0.426
2024-05-23 19:00:00,27.1,74.6,26.0,48.0,420.0,0,0,0.0,26.0,1,0,0.184
2024-05-23 20:00:00,24.7,78.8,26.0,47.4,420.0,0,0,0.0,26.0,1,0,-0.083
2024-05-23 21:00:00,22.3,78.9,26.0,46.9,420.0,0,0,0.0,26.0,1,0,-0.352
2024-05-23 22:00:00,21.4,79.4,26.0,46.4,420.0,0,0,0.0,26.0,1,0,-0.453
2024-05-23 23:00:00,18.3,88.0,25.2,50.5,420.0,0,0,0.0,26.0,0,0,0.0
2024-05-24 00:00:00,19.4,89.1,24.6,54.4,420.0,0,0,0.0,26.0,0,0,0.0
2024-05-24 01:00:00,21.3,83.1,25.2,53.7,420.0,0,0,0.0,26.0,1,0,0.275
2024-05-24 02:00:00,17.5,95.4,24.4,57.9,420.0,0,0,0.0,26.0,0,0,0.0
2024-05-24 03:00:00,21.6,87.9,25.0,57.3,420.0,0,0,0.0,26.0,1,0,0.297
2024-05-24 04:00:00,19.6,85.8,24.5,60.2,420.0,0,0,0.0,26.0,0,0,0.0
2024-05-24 05:00:00,20.3,84.8,25.1,59.4,420.0,0,0,0.0,26.0,1,0,0.314
2024-05-24 06:00:00,17.4,81.7,24.3,61.6,420.0,0,0,0.0,26.0,0,0,0.0
2024-05-24 07:00:00,21.5,80.6,25.0,60.7,420.0,0,0,0.0,26.0,1,0,0.29
2024-05-24 08:00:00,22.6,78.8,25.4,59.7,5000.0,55,1,0.917,26.0,1,0,0.315
2024-05-24 09:00:00,22.8,82.6,25.7,58.9,5000.0,55,1,0.917,26.0,1,0,0.328
2024-05-24 10:00:00,25.7,77.9,25.8,58.0,4504.0,45,1,0.75,26.0,1,0,0.306
2024-05-24 11:00:00,27.8,77.4,25.9,57.1,4603.0,45,1,0.75,26.0,1,0,0.299
2024-05-24 12:00:00,29.7,73.0,26.0,56.1,420.0,0,0,0.0,26.0,1,0,0.32
2024-05-24 13:00:00,27.7,69.2,26.0,54.9,420.0,0,0,0.0,26.0,1,0,0.279
2024-05-24 14:00:00,28.2,75.2,26.0,54.1,5000.0,55,1,0.917,26.0,1,0,0.277
2024-05-24 15:00:00,30.9,74.9,26.0,53.2,5000.0,55,1,0.917,26.0,1,0,2.593
2024-05-24 16:00:00,26.1,75.5,26.0,52.3,3171.0,33,1,0.55,26.0,1,0,1.366
2024-05-24 17:00:00,25.6,75.8,26.0,51.6,3537.0,33,1,0.55,26.0,1,0,1.276
2024-05-24 18:00:00,27.0,76.5,26.0,50.8,420.0,0,0,0.0,26.0,1,0,0.2
2024-05-24 19:00:00,24.5,79.5,26.0,50.2,420.0,0,0,0.0,26.0,1,0,-0.106
2024-05-24 20:00:00,23.1,75.9,26.0,49.4,420.0,0,0,0.0,26.0,1,0,-0.262
2024-05-24 21:00:00,22.5,74.7,26.0,48.7,420.0,0,0,0.0,26.0,1,0,-0.33
2024-05-24 22:00:00,22.8,87.5,26.0,48.4,420.0,0,0,0.0,26.0,1,0,-0.296
2024-05-24 23:00:00,25.5,84.3,26.0,47.9,420.0,0,0,0.0,26.0,1,0,0.008
2024-05-25 00:00:00,22.1,86.4,26.0,47.6,420.0,0,0,0.0,26.0,1,0,-0.374
2024-05-25 01:00:00,20.4,85.9,26.0,47.2,420.0,0,0,0.0,26.0,1,0,-0.565
2024-05-25 02:00:00,19.5,89.3,25.3,51.4,420.0,0,0,0.0,26.0,0,0,0.0
2024-05-25 03:00:00,18.1,87.8,24.6,55.1,420.0,0,0,0.0,26.0,0,0,0.0
2024-05-25 04:00:00,19.1,90.2,24.0,58.6,420.0,0,0,0.0,26.0,0,0,0.0
2024-05-25 05:00:00,18.1,86.8,23.4,61.4,420.0,0,0,0.0,26.0,0,0,0.0
2024-05-25 06:00:00,23.3,89.1,24.5,60.7,420.0,0,0,0.0,26.0,1,0,0.292
2024-05-25 07:00:00,23.5,84.1,25.1,59.9,420.0,0,0,0.0,26.0,1,0,0.302
2024-05-25 08:00:00,23.2,85.1,25.5,59.2,420.0,0,0,0.0,26.0,1,0,0.295
2024-05-25 09:00:00,26.3,74.1,25.7,58.1,420.0,0,0,0.0,26.0,1,0,0.327
2024-05-25 10:00:00,23.3,81.9,25.8,57.4,420.0,0,0,0.0,26.0,1,0,0.331
2024-05-25 11:00:00,26.1,74.0,25.9,56.4,420.0,0,0,0.0,26.0,1,0,0.257
2024-05-25 12:00:00,25.7,72.7,25.9,55.3,420.0,0,0,0.0,26.0,1,0,0.311
2024-05-25 13:00:00,26.2,79.3,26.0,54.6,420.0,0,0,0.0,26.0,1,0,0.269
2024-05-25 14:00:00,28.8,72.1,26.0,53.6,420.0,0,0,0.0,26.0,1,0,0.342
2024-05-25 15:00:00,29.9,74.9,26.0,52.7,420.0,0,0,0.0,26.0,1,0,0.311
2024-05-25 16:00:00,30.2,75.5,26.0,51.9,420.0,0,0,0.0,26.0,1,0,0.28
2024-05-25 17:00:00,27.4,72.2,26.0,51.0,420.0,0,0,0.0,26.0,1,0,0.218
2024-05-25 18:00:00,28.7,72.8,26.0,50.2,420.0,0,0,0.0,26.0,1,0,0.356
2024-05-25 19:00:00,26.5,77.2,26.0,49.5,420.0,0,0,0.0,26.0,1,0,0.123
2024-05-25 20:00:00,26.5,72.6,26.0,48.7,420.0,0,0,0.0,26.0,1,0,0.128
2024-05-25 21:00:00,25.1,79.3,26.0,48.1,420.0,0,0,0.0,26.0,1,0,-0.038
2024-05-25 22:00:00,23.8,84.4,26.0,47.7,420.0,0,0,0.0,26.0,1,0,-0.184
2024-05-25 23:00:00,23.9,88.1,26.0,47.4,420.0,0,0,0.0,26.0,1,0,-0.173
2024-05-26 00:00:00,22.5,90.0,26.0,47.2,420.0,0,0,0.0,26.0,1,0,-0.33
2024-05-26 01:00:00,20.1,87.0,26.0,46.9,420.0,0,0,0.0,26.0,1,0,-0.599
2024-05-26 02:00:00,20.5,89.9,26.0,46.7,420.0,0,0,0.0,26.0,1,0,-0.554
2024-05-26 03:00:00,18.5,89.2,25.2,50.9,420.0,0,0,0.0,26.0,0,0,0.0
2024-05-26 04:00:00,19.1,85.2,24.6,54.3,420.0,0,0,0.0,26.0,0,0,0.0
2024-05-26 05:00:00,21.6,87.1,25.2,53.8,420.0,0,0,0.0,26.0,1,0,0.272
2024-05-26 06:00:00,23.5,80.8,25.5,53.1,420.0,0,0,0.0,26.0,1,0,0.344
2024-05-26 07:00:00,20.7,84.1,25.7,52.6,420.0,0,0,0.0,26.0,1,0,0.339
2024-05-26 08:00:00,24.4,83.3,25.8,52.0,420.0,0,0,0.0,26.0,1,0,0.279
2024-05-26 09:00:00,24.5,76.6,25.9,51.2,420.0,0,0,0.0,26.0,1,0,0.302
2024-05-26 10:00:00,23.6,78.9,25.9,50.6,420.0,0,0,0.0,26.0,1,0,0.341
2024-05-26 11:00:00,24.5,74.4,26.0,49.8,420.0,0,0,0.0,26.0,1,0,0.33
2024-05-26 12:00:00,28.3,71.4,26.0,48.9,420.0,0,0,0.0,26.0,1,0,0.292
2024-05-26 13:00:00,30.7,76.7,26.0,48.3,420.0,0,0,0.0,26.0,1,0,0.32
2024-05-26 14:00:00,26.5,69.5,26.0,47.4,420.0,0,0,0.0,26.0,1,0,0.372
2024-05-26 15:00:00,25.6,69.7,26.0,46.6,420.0,0,0,0.0,26.0,1,0,0.303
2024-05-26 16:00:00,30.0,71.0,26.0,45.8,420.0,0,0,0.0,26.0,1,0,0.285
2024-05-26 17:00:00,29.0,68.5,26.0,45.0,420.0,0,0,0.0,26.0,1,0,0.407
2024-05-26 18:00:00,28.7,72.7,26.0,44.3,420.0,0,0,0.0,26.0,1,0,0.372
2024-05-26 19:00:00,26.5,75.7,26.0,43.7,420.0,0,0,0.0,26.0,1,0,0.113
2024-05-26 20:00:00,23.4,74.5,26.0,43.2,420.0,0,0,0.0,26.0,1,0,-0.229
2024-05-26 21:00:00,25.5,81.2,26.0,42.8,420.0,0,0,0.0,26.0,1,0,0.007
2024-05-26 22:00:00,24.3,83.0,26.0,42.5,420.0,0,0,0.0,26.0,1,0,-0.128
2024-05-26 23:00:00,21.7,78.8,26.0,42.1,420.0,0,0,0.0,26.0,1,0,-0.419
2024-05-27 00:00:00,20.1,85.6,26.0,41.9,420.0,0,0,0.0,26.0,1,0,-0.599
2024-05-27 01:00:00,22.6,89.0,26.0,41.8,420.0,0,0,0.0,26.0,1,0,-0.318
2024-05-27 02:00:00,21.5,89.5,26.0,41.8,420.0,0,0,0.0,26.0,1,0,-0.442
2024-05-27 03:00:00,17.9,88.4,25.2,46.4,420.0,0,0,0.0,26.0,0,0,0.0
2024-05-27 04:00:00,19.5,84.9,24.6,50.3,420.0,0,0,0.0,26.0,0,0,0.0
2024-05-27 05:00:00,19.1,86.3,24.0,53.9,420.0,0,0,0.0,26.0,0,0,0.0
2024-05-27 06:00:00,22.9,79.4,24.8,53.1,420.0,0,0,0.0,26.0,1,0,0.27
2024-05-27 07:00:00,23.3,81.2,25.3,52.5,420.0,0,0,0.0,26.0,1,0,0.284
2024-05-27 08:00:00,20.6,85.6,25.6,52.0,3087.0,24,1,0.4,26.0,1,0,0.318
2024-05-27 09:00:00,25.1,83.8,25.8,51.4,2553.0,24,1,0.4,26.0,1,0,0.258
2024-05-27 10:00:00,26.5,84.1,25.9,50.9,2993.0,27,1,0.45,26.0,1,0,0.322
2024-05-27 11:00:00,27.3,75.5,25.9,50.1,2905.0,27,1,0.45,26.0,1,0,0.252
2024-05-27 12:00:00,28.0,78.1,26.0,49.5,420.0,0,0,0.0,26.0,1,0,0.258
2024-05-27 13:00:00,27.2,71.1,26.0,48.6,420.0,0,0,0.0,26.0,1,0,0.288
2024-05-27 14:00:00,28.4,66.0,26.0,47.7,5000.0,51,1,0.85,26.0,1,0,0.307
2024-05-27 15:00:00,29.2,66.3,26.0,46.7,5000.0,51,1,0.85,26.0,1,0,2.581
2024-05-27 16:00:00,28.9,74.9,26.0,46.1,2171.0,24,1,0.4,26.0,1,0,1.461
2024-05-27 17:00:00,27.6,78.1,26.0,45.5,2737.0,24,1,0.4,26.0,1,0,1.281
2024-05-27 18:00:00,25.3,77.9,26.0,45.0,420.0,0,0,0.0,26.0,1,0,-0.016
2024-05-27 19:00:00,27.5,70.9,26.0,44.3,420.0,0,0,0.0,26.0,1,0,0.241
2024-05-27 20:00:00,29.4,77.7,26.0,43.8,420.0,0,0,0.0,26.0,1,0,0.412
2024-05-27 21:00:00,22.7,75.8,26.0,43.2,420.0,0,0,0.0,26.0,1,0,-0.307
2024-05-27 22:00:00,22.4,81.7,26.0,42.9,420.0,0,0,0.0,26.0,1,0,-0.341
2024-05-27 23:00:00,21.7,83.1,26.0,42.6,420.0,0,0,0.0,26.0,1,0,-0.419
2024-05-28 00:00:00,21.4,84.5,26.0,42.3,420.0,0,0,0.0,26.0,1,0,-0.453
2024-05-28 01:00:00,16.8,86.5,25.1,46.8,420.0,0,0,0.0,26.0,0,0,0.0
2024-05-28 02:00:00,15.6,88.8,24.1,51.0,420.0,0,0,0.0,26.0,0,0,0.0
2024-05-28 03:00:00,17.5,88.5,23.4,54.7,420.0,0,0,0.0,26.0,0,0,0.0
2024-05-28 04:00:00,21.1,84.9,24.5,54.1,420.0,0,0,0.0,26.0,1,0,0.303
2024-05-28 05:00:00,21.3,85.6,25.1,53.6,420.0,0,0,0.0,26.0,1,0,0.271
2024-05-28 06:00:00,23.1,84.6,25.5,53.0,420.0,0,0,0.0,26.0,1,0,0.302
2024-05-28 07:00:00,20.2,86.1,25.7,52.5,420.0,0,0,0.0,26.0,1,0,0.297
2024-05-28 08:00:00,22.1,79.5,25.8,51.8,5000.0,44,1,0.733,26.0,1,0,0.281
2024-05-28 09:00:00,23.3,79.9,25.9,51.1,4393.0,44,1,0.733,26.0,1,0,0.304
2024-05-28 10:00:00,27.3,72.1,26.0,50.3,4070.0,40,1,0.667,26.0,1,0,0.304
2024-05-28 11:00:00,26.5,77.9,26.0,49.6,4134.0,40,1,0.667,26.0,1,0,0.328
2024-05-28 12:00:00,27.8,78.3,26.0,49.0,420.0,0,0,0.0,26.0,1,0,0.261
2024-05-28 13:00:00,28.2,72.5,26.0,48.2,420.0,0,0,0.0,26.0,1,0,0.318
2024-05-28 14:00:00,29.7,72.6,26.0,47.4,5000.0,43,1,0.717,26.0,1,0,2.013
2024-05-28 15:00:00,28.4,73.5,26.0,46.7,4282.0,43,1,0.717,26.0,1,0,2.134
2024-05-28 16:00:00,27.9,70.4,26.0,45.9,3092.0,31,1,0.517,26.0,1,0,1.656
2024-05-28 17:00:00,27.5,77.1,26.0,45.3,3330.0,31,1,0.517,26.0,1,0,1.576
2024-05-28 18:00:00,22.7,75.5,26.0,44.7,420.0,0,0,0.0,26.0,1,0,-0.307
2024-05-28 19:00:00,26.6,71.0,26.0,44.0,420.0,0,0,0.0,26.0,1,0,0.122
2024-05-28 20:00:00,25.8,79.4,26.0,43.6,420.0,0,0,0.0,26.0,1,0,0.043
2024-05-28 21:00:00,24.9,72.0,26.0,42.9,420.0,0,0,0.0,26.0,1,0,-0.061
2024-05-28 22:00:00,24.8,79.9,26.0,42.5,420.0,0,0,0.0,26.0,1,0,-0.072
2024-05-28 23:00:00,22.5,86.2,26.0,42.4,420.0,0,0,0.0,26.0,1,0,-0.33
2024-05-29 00:00:00,19.1,87.6,25.3,46.9,420.0,0,0,0.0,26.0,0,0,0.0
2024-05-29 01:00:00,19.1,80.7,24.7,50.3,420.0,0,0,0.0,26.0,0,0,0.0
2024-05-29 02:00:00,20.9,85.4,25.2,49.8,420.0,0,0,0.0,26.0,1,0,0.263
2024-05-29 03:00:00,17.7,86.8,24.4,53.5,420.0,0,0,0.0,26.0,0,0,0.0
2024-05-29 04:00:00,19.6,87.6,23.9,56.9,420.0,0,0,0.0,26.0,0,0,0.0
2024-05-29 05:00:00,20.5,82.9,24.8,56.2,420.0,0,0,0.0,26.0,1,0,0.258
2024-05-29 06:00:00,19.4,85.3,24.2,59.1,420.0,0,0,0.0,26.0,0,0,0.0
2024-05-29 07:00:00,24.3,83.7,24.9,58.4,420.0,0,0,0.0,26.0,1,0,0.269
2024-05-29 08:00:00,24.3,82.2,25.4,57.6,4753.0,39,1,0.65,26.0,1,0,0.299
2024-05-29 09:00:00,23.3,79.3,25.6,56.7,3887.0,39,1,0.65,26.0,1,0,0.316
2024-05-29 10:00:00,25.0,79.7,25.8,55.9,4060.0,39,1,0.65,26.0,1,0,0.229
2024-05-29 11:00:00,28.6,77.1,25.9,55.0,4025.0,39,1,0.65,26.0,1,0,0.332
2024-05-29 12:00:00,29.3,71.4,25.9,54.0,420.0,0,0,0.0,26.0,1,0,0.303
2024-05-29 13:00:00,27.7,70.9,26.0,53.0,420.0,0,0,0.0,26.0,1,0,0.262
2024-05-29 14:00:00,29.3,71.2,26.0,52.1,4642.0,38,1,0.633,26.0,1,0,0.302
2024-05-29 15:00:00,30.1,69.2,26.0,51.1,3798.0,38,1,0.633,26.0,1,0,2.207
2024-05-29 16:00:00,28.9,74.3,26.0,50.3,4856.0,46,1,0.767,26.0,1,0,2.246
2024-05-29 17:00:00,25.2,79.4,26.0,49.7,4644.0,46,1,0.767,26.0,1,0,1.877
2024-05-29 18:00:00,27.1,68.3,26.0,48.7,420.0,0,0,0.0,26.0,1,0,0.165
2024-05-29 19:00:00,26.7,76.1,26.0,48.0,420.0,0,0,0.0,26.0,1,0,0.136
2024-05-29 20:00:00,25.2,80.9,26.0,47.5,420.0,0,0,0.0,26.0,1,0,-0.027
2024-05-29 21:00:00,25.1,80.9,26.0,47.0,420.0,0,0,0.0,26.0,1,0,-0.038
2024-05-29 22:00:00,23.4,81.8,26.0,46.6,420.0,0,0,0.0,26.0,1,0,-0.229
2024-05-29 23:00:00,24.2,79.6,26.0,46.1,420.0,0,0,0.0,26.0,1,0,-0.139
2024-05-30 00:00:00,20.7,85.9,26.0,45.8,420.0,0,0,0.0,26.0,1,0,-0.531
2024-05-30 01:00:00,20.9,84.4,26.0,45.4,420.0,0,0,0.0,26.0,1,0,-0.509
2024-05-30 02:00:00,16.6,88.2,25.0,49.7,420.0,0,0,0.0,26.0,0,0,0.0
2024-05-30 03:00:00,19.4,92.5,24.5,54.0,420.0,0,0,0.0,26.0,0,0,0.0
2024-05-30 04:00:00,17.3,91.2,23.7,57.7,420.0,0,0,0.0,26.0,0,0,0.0
2024-05-30 05:00:00,23.2,85.8,24.6,57.0,420.0,0,0,0.0,26.0,1,0,0.278
2024-05-30 06:00:00,18.5,84.4,24.0,59.8,420.0,0,0,0.0,26.0,0,0,0.0
2024-05-30 07:00:00,21.5,85.7,24.8,59.1,420.0,0,0,0.0,26.0,1,0,0.341
2024-05-30 08:00:00,21.8,86.7,25.3,58.4,4642.0,38,1,0.633,26.0,1,0,0.315
2024-05-30 09:00:00,22.3,74.8,25.6,57.4,3798.0,38,1,0.633,26.0,1,0,0.368
2024-05-30 10:00:00,27.0,71.1,25.8,56.3,3189.0,31,1,0.517,26.0,1,0,0.289
2024-05-30 11:00:00,26.2,85.4,25.9,55.7,3311.0,31,1,0.517,26.0,1,0,0.283
2024-05-30 12:00:00,27.5,71.0,25.9,54.6,420.0,0,0,0.0,26.0,1,0,0.297
2024-05-30 13:00:00,28.2,72.9,26.0,53.7,420.0,0,0,0.0,26.0,1,0,0.333
2024-05-30 14:00:00,29.1,74.3,26.0,52.8,4531.0,37,1,0.617,26.0,1,0,0.291
2024-05-30 15:00:00,27.4,77.1,26.0,52.0,3709.0,37,1,0.617,26.0,1,0,0.303
2024-05-30 16:00:00,29.2,74.5,26.0,51.2,3762.0,36,1,0.6,26.0,1,0,1.877
2024-05-30 17:00:00,27.4,76.9,26.0,50.5,3752.0,36,1,0.6,26.0,1,0,1.664
2024-05-30 18:00:00,27.1,75.2,26.0,49.7,420.0,0,0,0.0,26.0,1,0,0.175
2024-05-30 19:00:00,25.1,73.0,26.0,48.9,420.0,0,0,0.0,26.0,1,0,-0.039
2024-05-30 20:00:00,26.3,76.6,26.0,48.2,420.0,0,0,0.0,26.0,1,0,0.095
2024-05-30 21:00:00,22.7,78.1,26.0,47.6,420.0,0,0,0.0,26.0,1,0,-0.307
2024-05-30 22:00:00,23.8,80.2,26.0,47.1,420.0,0,0,0.0,26.0,1,0,-0.184
2024-05-30 23:00:00,21.3,84.0,26.0,46.7,420.0,0,0,0.0,26.0,1,0,-0.464
2024-05-31 00:00:00,17.6,81.2,25.1,50.2,420.0,0,0,0.0,26.0,0,0,0.0
2024-05-31 01:00:00,20.2,84.7,25.5,49.7,420.0,0,0,0.0,26.0,1,0,0.296
2024-05-31 02:00:00,20.8,90.6,25.7,49.4,420.0,0,0,0.0,26.0,1,0,0.3
2024-05-31 03:00:00,20.1,93.5,25.8,49.3,420.0,0,0,0.0,26.0,1,0,0.323
2024-05-31 04:00:00,19.0,89.7,25.1,53.3,420.0,0,0,0.0,26.0,0,0,0.0
2024-05-31 05:00:00,18.8,94.3,24.5,57.4,420.0,0,0,0.0,26.0,0,0,0.0
2024-05-31 06:00:00,23.4,85.7,25.1,56.7,420.0,0,0,0.0,26.0,1,0,0.342
2024-05-31 07:00:00,22.1,88.1,25.4,56.2,420.0,0,0,0.0,26.0,1,0,0.28
2024-05-31 08:00:00,22.5,80.1,25.7,55.4,5000.0,48,1,0.8,26.0,1,0,0.291
2024-05-31 09:00:00,25.3,80.2,25.8,54.6,4837.0,48,1,0.8,26.0,1,0,0.28
2024-05-31 10:00:00,25.6,75.4,25.9,53.8,2648.0,28,1,0.467,26.0,1,0,0.304
2024-05-31 11:00:00,23.9,76.7,26.0,53.0,3086.0,28,1,0.467,26.0,1,0,0.287
2024-05-31 12:00:00,28.9,73.7,26.0,52.1,420.0,0,0,0.0,26.0,1,0,0.306
2024-05-31 13:00:00,30.5,71.0,26.0,51.1,420.0,0,0,0.0,26.0,1,0,0.326
2024-05-31 14:00:00,27.2,72.1,26.0,50.3,3753.0,30,1,0.5,26.0,1,0,0.239
2024-05-31 15:00:00,28.9,74.3,26.0,49.5,3087.0,30,1,0.5,26.0,1,0,1.709
2024-05-31 16:00:00,27.7,76.4,26.0,48.8,4331.0,40,1,0.667,26.0,1,0,1.753
2024-05-31 17:00:00,31.3,73.0,26.0,48.0,4082.0,40,1,0.667,26.0,1,0,2.303
2024-05-31 18:00:00,29.4,71.2,26.0,47.2,420.0,0,0,0.0,26.0,1,0,0.411
2024-05-31 19:00:00,28.1,79.1,26.0,46.7,420.0,0,0,0.0,26.0,1,0,0.326
2024-05-31 20:00:00,26.6,77.9,26.0,46.1,420.0,0,0,0.0,26.0,1,0,0.139
2024-05-31 21:00:00,19.6,78.1,25.4,49.3,420.0,0,0,0.0,26.0,0,0,0.0
2024-05-31 22:00:00,21.8,79.1,25.6,48.7,420.0,0,0,0.0,26.0,1,0,0.314
2024-05-31 23:00:00,21.7,82.7,25.8,48.2,420.0,0,0,0.0,26.0,1,0,0.319
2024-06-01 00:00:00,22.2,84.5,25.9,47.8,420.0,0,0,0.0,26.0,1,0,0.282
2024-06-01 01:00:00,21.6,92.3,25.9,47.7,420.0,0,0,0.0,26.0,1,0,0.285
2024-06-01 02:00:00,21.2,88.2,25.9,47.4,420.0,0,0,0.0,26.0,1,0,0.318
2024-06-01 03:00:00,21.3,91.0,26.0,47.2,420.0,0,0,0.0,26.0,1,0,0.282
2024-06-01 04:00:00,22.9,80.6,26.0,46.7,420.0,0,0,0.0,26.0,1,0,0.335
2024-06-01 05:00:00,24.2,93.2,26.0,46.6,420.0,0,0,0.0,26.0,1,0,0.292
2024-06-01 06:00:00,21.9,84.7,26.0,46.2,420.0,0,0,0.0,26.0,1,0,0.312
2024-06-01 07:00:00,23.8,83.7,26.0,45.8,420.0,0,0,0.0,26.0,1,0,0.35
2024-06-01 08:00:00,26.0,78.2,26.0,45.3,420.0,0,0,0.0,26.0,1,0,0.283
2024-06-01 09:00:00,25.3,86.6,26.0,45.1,420.0,0,0,0.0,26.0,1,0,0.302
2024-06-01 10:00:00,26.9,83.7,26.0,44.7,420.0,0,0,0.0,26.0,1,0,0.325
2024-06-01 11:00:00,30.0,72.6,26.0,44.0,420.0,0,0,0.0,26.0,1,0,0.323
2024-06-01 12:00:00,31.5,76.0,26.0,43.5,420.0,0,0,0.0,26.0,1,0,0.671
2024-06-01 13:00:00,30.6,75.8,26.0,43.0,420.0,0,0,0.0,26.0,1,0,0.564
2024-06-01 14:00:00,32.5,76.4,26.0,42.5,420.0,0,0,0.0,26.0,1,0,0.785
2024-06-01 15:00:00,33.8,75.2,26.0,42.0,420.0,0,0,0.0,26.0,1,0,1.054
2024-06-01 16:00:00,29.8,72.9,26.0,41.4,420.0,0,0,0.0,26.0,1,0,0.483
2024-06-01 17:00:00,35.7,77.2,26.0,41.0,420.0,0,0,0.0,26.0,1,0,1.159
2024-06-01 18:00:00,34.1,80.5,26.0,40.6,420.0,0,0,0.0,26.0,1,0,0.937
2024-06-01 19:00:00,29.9,78.9,26.0,40.3,420.0,0,0,0.0,26.0,1,0,0.528
2024-06-01 20:00:00,28.2,74.7,26.0,39.8,420.0,0,0,0.0,26.0,1,0,0.313
2024-06-01 21:00:00,27.0,85.6,26.0,39.7,420.0,0,0,0.0,26.0,1,0,0.161
2024-06-01 22:00:00,24.8,85.3,26.0,39.6,420.0,0,0,0.0,26.0,1,0,-0.072
2024-06-01 23:00:00,25.8,83.3,26.0,39.4,420.0,0,0,0.0,26.0,1,0,0.037
2024-06-02 00:00:00,22.8,84.6,26.0,39.2,420.0,0,0,0.0,26.0,1,0,-0.296
2024-06-02 01:00:00,21.4,85.1,26.0,39.1,420.0,0,0,0.0,26.0,1,0,-0.453
2024-06-02 02:00:00,20.8,94.0,26.0,39.3,420.0,0,0,0.0,26.0,1,0,-0.52
2024-06-02 03:00:00,20.6,90.4,26.0,39.3,420.0,0,0,0.0,26.0,1,0,-0.543
2024-06-02 04:00:00,21.4,93.3,26.0,39.4,420.0,0,0,0.0,26.0,1,0,-0.453
2024-06-02 05:00:00,24.6,91.5,26.0,39.5,420.0,0,0,0.0,26.0,1,0,-0.094
2024-06-02 06:00:00,23.9,87.0,26.0,39.4,420.0,0,0,0.0,26.0,1,0,-0.173
2024-06-02 07:00:00,22.7,91.8,26.0,39.5,420.0,0,0,0.0,26.0,1,0,-0.304
2024-06-02 08:00:00,24.6,86.1,26.0,39.4,420.0,0,0,0.0,26.0,1,0,-0.089
2024-06-02 09:00:00,28.6,80.3,26.0,39.1,420.0,0,0,0.0,26.0,1,0,0.304
2024-06-02 10:00:00,29.9,82.2,26.0,38.9,420.0,0,0,0.0,26.0,1,0,0.475
2024-06-02 11:00:00,32.1,76.6,26.0,38.5,420.0,0,0,0.0,26.0,1,0,0.805
2024-06-02 12:00:00,28.6,74.8,26.0,38.1,420.0,0,0,0.0,26.0,1,0,0.404
2024-06-02 13:00:00,31.6,75.2,26.0,37.7,420.0,0,0,0.0,26.0,1,0,0.739
2024-06-02 14:00:00,31.2,68.5,26.0,37.1,420.0,0,0,0.0,26.0,1,0,0.684
2024-06-02 15:00:00,32.7,79.9,26.0,36.9,420.0,0,0,0.0,26.0,1,0,0.813
2024-06-02 16:00:00,32.5,76.1,26.0,36.6,420.0,0,0,0.0,26.0,1,0,0.846
2024-06-02 17:00:00,32.2,76.3,26.0,36.3,420.0,0,0,0.0,26.0,1,0,0.777
2024-06-02 18:00:00,31.9,77.5,26.0,36.0,420.0,0,0,0.0,26.0,1,0,0.828
2024-06-02 19:00:00,29.0,75.6,26.0,35.7,420.0,0,0,0.0,26.0,1,0,0.395
2024-06-02 20:00:00,27.9,80.9,26.0,35.6,420.0,0,0,0.0,26.0,1,0,0.305
2024-06-02 21:00:00,26.5,82.9,26.0,35.5,420.0,0,0,0.0,26.0,1,0,0.127
2024-06-02 22:00:00,26.4,86.6,26.0,35.5,420.0,0,0,0.0,26.0,1,0,0.114
2024-06-02 23:00:00,26.4,86.2,26.0,35.5,420.0,0,0,0.0,26.0,1,0,0.09
2024-06-03 00:00:00,21.5,86.6,26.0,35.6,420.0,0,0,0.0,26.0,1,0,-0.442
2024-06-03 01:00:00,22.7,83.4,26.0,35.5,420.0,0,0,0.0,26.0,1,0,-0.307
2024-06-03 02:00:00,24.3,90.2,26.0,35.7,420.0,0,0,0.0,26.0,1,0,-0.128
2024-06-03 03:00:00,22.6,94.1,26.0,35.9,420.0,0,0,0.0,26.0,1,0,-0.318
2024-06-03 04:00:00,21.2,91.4,26.0,36.1,420.0,0,0,0.0,26.0,1,0,-0.475
2024-06-03 05:00:00,22.5,88.4,26.0,36.1,420.0,0,0,0.0,26.0,1,0,-0.33
2024-06-03 06:00:00,22.3,92.7,26.0,36.3,420.0,0,0,0.0,26.0,1,0,-0.352
2024-06-03 07:00:00,23.9,88.1,26.0,36.4,420.0,0,0,0.0,26.0,1,0,-0.17
2024-06-03 08:00:00,22.9,87.6,26.0,36.4,3753.0,30,1,0.5,26.0,1,0,1.043
2024-06-03 09:00:00,28.6,82.3,26.0,36.3,3087.0,30,1,0.5,26.0,1,0,1.595
2024-06-03 10:00:00,28.0,81.1,26.0,36.1,4220.0,39,1,0.65,26.0,1,0,1.763
2024-06-03 11:00:00,32.9,72.7,26.0,35.7,3993.0,39,1,0.65,26.0,1,0,2.096
2024-06-03 12:00:00,31.7,73.6,26.0,35.4,420.0,0,0,0.0,26.0,1,0,0.712
2024-06-03 13:00:00,31.3,74.3,26.0,35.0,420.0,0,0,0.0,26.0,1,0,0.669
2024-06-03 14:00:00,31.2,74.2,26.0,34.7,5000.0,58,1,0.967,26.0,1,0,2.49
2024-06-03 15:00:00,30.3,77.1,26.0,34.5,5000.0,58,1,0.967,26.0,1,0,2.362
2024-06-03 16:00:00,29.1,75.9,26.0,34.2,4615.0,46,1,0.767,26.0,1,0,2.25
2024-06-03 17:00:00,30.8,71.6,26.0,33.9,4692.0,46,1,0.767,26.0,1,0,2.517
2024-06-03 18:00:00,30.8,71.7,26.0,33.5,420.0,0,0,0.0,26.0,1,0,0.609
2024-06-03 19:00:00,29.6,73.7,26.0,33.2,420.0,0,0,0.0,26.0,1,0,0.509
2024-06-03 20:00:00,29.0,77.2,26.0,33.0,420.0,0,0,0.0,26.0,1,0,0.396
2024-06-03 21:00:00,26.3,82.9,26.0,33.0,420.0,0,0,0.0,26.0,1,0,0.096
2024-06-03 22:00:00,24.5,83.9,26.0,33.0,420.0,0,0,0.0,26.0,1,0,-0.106
2024-06-03 23:00:00,22.2,87.9,26.0,33.2,420.0,0,0,0.0,26.0,1,0,-0.363
2024-06-04 00:00:00,26.1,96.0,26.0,33.6,420.0,0,0,0.0,26.0,1,0,0.068
2024-06-04 01:00:00,22.8,91.3,26.0,33.8,420.0,0,0,0.0,26.0,1,0,-0.296
2024-06-04 02:00:00,19.5,94.2,25.3,39.8,420.0,0,0,0.0,26.0,0,0,0.0
2024-06-04 03:00:00,23.2,88.5,25.6,39.8,420.0,0,0,0.0,26.0,1,0,0.263
2024-06-04 04:00:00,24.0,89.0,25.8,39.8,420.0,0,0,0.0,26.0,1,0,0.345
2024-06-04 05:00:00,22.0,90.4,25.9,39.8,420.0,0,0,0.0,26.0,1,0,0.327
2024-06-04 06:00:00,21.9,90.7,25.9,39.8,420.0,0,0,0.0,26.0,1,0,0.267
2024-06-04 07:00:00,22.9,82.8,25.9,39.6,420.0,0,0,0.0,26.0,1,0,0.304
2024-06-04 08:00:00,24.3,86.3,26.0,39.5,4198.0,34,1,0.567,26.0,1,0,0.298
2024-06-04 09:00:00,26.1,78.0,26.0,39.2,3442.0,34,1,0.567,26.0,1,0,0.293
2024-06-04 10:00:00,27.4,79.8,26.0,38.9,5000.0,48,1,0.8,26.0,1,0,1.975
2024-06-04 11:00:00,27.7,74.5,26.0,38.5,4837.0,48,1,0.8,26.0,1,0,2.139
2024-06-04 12:00:00,33.7,73.8,26.0,38.0,420.0,0,0,0.0,26.0,1,0,0.998
2024-06-04 13:00:00,30.8,74.0,26.0,37.6,420.0,0,0,0.0,26.0,1,0,0.631
2024-06-04 14:00:00,31.2,76.1,26.0,37.3,5000.0,59,1,0.983,26.0,1,0,2.784
2024-06-04 15:00:00,33.4,73.1,26.0,36.8,5000.0,59,1,0.983,26.0,1,0,3.017
2024-06-04 16:00:00,30.0,78.1,26.0,36.6,2726.0,29,1,0.483,26.0,1,0,1.865
2024-06-04 17:00:00,31.2,80.3,26.0,36.4,3181.0,29,1,0.483,26.0,1,0,1.936
2024-06-04 18:00:00,27.2,76.9,26.0,36.1,420.0,0,0,0.0,26.0,1,0,0.198
2024-06-04 19:00:00,32.4,76.9,26.0,35.8,420.0,0,0,0.0,26.0,1,0,0.777
2024-06-04 20:00:00,28.0,80.8,26.0,35.7,420.0,0,0,0.0,26.0,1,0,0.294
2024-06-04 21:00:00,26.2,81.1,26.0,35.5,420.0,0,0,0.0,26.0,1,0,0.082
2024-06-04 22:00:00,25.2,82.2,26.0,35.4,420.0,0,0,0.0,26.0,1,0,-0.027
2024-06-04 23:00:00,26.3,87.4,26.0,35.5,420.0,0,0,0.0,26.0,1,0,0.102
2024-06-05 00:00:00,23.8,90.1,26.0,35.6,420.0,0,0,0.0,26.0,1,0,-0.184
2024-06-05 01:00:00,22.3,86.6,26.0,35.7,420.0,0,0,0.0,26.0,1,0,-0.352
2024-06-05 02:00:00,21.3,89.7,26.0,35.8,420.0,0,0,0.0,26.0,1,0,-0.464
2024-06-05 03:00:00,20.4,88.5,26.0,35.9,420.0,0,0,0.0,26.0,1,0,-0.565
2024-06-05 04:00:00,21.4,96.1,26.0,36.2,420.0,0,0,0.0,26.0,1,0,-0.453
2024-06-05 05:00:00,18.5,88.4,25.2,41.4,420.0,0,0,0.0,26.0,0,0,0.0
2024-06-05 06:00:00,26.1,88.0,25.5,41.3,420.0,0,0,0.0,26.0,1,0,0.274
2024-06-05 07:00:00,25.6,86.3,25.7,41.1,420.0,0,0,0.0,26.0,1,0,0.29
2024-06-05 08:00:00,24.7,77.3,25.9,40.7,5000.0,54,1,0.9,26.0,1,0,0.315
2024-06-05 09:00:00,27.3,79.7,25.9,40.4,5000.0,54,1,0.9,26.0,1,0,0.273
2024-06-05 10:00:00,27.1,78.4,26.0,40.0,2615.0,28,1,0.467,26.0,1,0,0.262
2024-06-05 11:00:00,32.1,85.2,26.0,39.9,3092.0,28,1,0.467,26.0,1,0,0.302
2024-06-05 12:00:00,30.9,74.9,26.0,39.4,420.0,0,0,0.0,26.0,1,0,0.538
2024-06-05 13:00:00,29.6,76.5,26.0,39.1,420.0,0,0,0.0,26.0,1,0,0.427
2024-06-05 14:00:00,34.5,73.5,26.0,38.6,4531.0,37,1,0.617,26.0,1,0,2.644
2024-06-05 15:00:00,28.4,76.0,26.0,38.2,3709.0,37,1,0.617,26.0,1,0,1.778
2024-06-05 16:00:00,33.3,69.5,26.0,37.6,2207.0,22,1,0.367,26.0,1,0,2.08
2024-06-05 17:00:00,31.6,76.4,26.0,37.3,2507.0,22,1,0.367,26.0,1,0,1.53
2024-06-05 18:00:00,30.4,74.0,26.0,36.9,420.0,0,0,0.0,26.0,1,0,0.551
2024-06-05 19:00:00,31.0,76.8,26.0,36.6,420.0,0,0,0.0,26.0,1,0,0.643
2024-06-05 20:00:00,26.1,73.8,26.0,36.2,420.0,0,0,0.0,26.0,1,0,0.067
2024-06-05 21:00:00,28.9,83.8,26.0,36.1,420.0,0,0,0.0,26.0,1,0,0.419
2024-06-05 22:00:00,25.8,82.7,26.0,36.0,420.0,0,0,0.0,26.0,1,0,0.042
2024-06-05 23:00:00,23.7,82.8,26.0,35.9,420.0,0,0,0.0,26.0,1,0,-0.195
2024-06-06 00:00:00,22.8,81.3,26.0,35.8,420.0,0,0,0.0,26.0,1,0,-0.296
2024-06-06 01:00:00,21.6,88.0,26.0,35.9,420.0,0,0,0.0,26.0,1,0,-0.43
2024-06-06 02:00:00,23.1,89.6,26.0,36.0,420.0,0,0,0.0,26.0,1,0,-0.262
2024-06-06 03:00:00,23.2,94.0,26.0,36.2,420.0,0,0,0.0,26.0,1,0,-0.251
2024-06-06 04:00:00,23.8,91.1,26.0,36.4,420.0,0,0,0.0,26.0,1,0,-0.184
2024-06-06 05:00:00,22.7,86.0,26.0,36.4,420.0,0,0,0.0,26.0,1,0,-0.307
2024-06-06 06:00:00,24.6,92.7,26.0,36.6,420.0,0,0,0.0,26.0,1,0,-0.094
2024-06-06 07:00:00,25.0,91.8,26.0,36.7,420.0,0,0,0.0,26.0,1,0,-0.047
2024-06-06 08:00:00,23.4,80.6,26.0,36.5,4420.0,36,1,0.6,26.0,1,0,1.058
2024-06-06 09:00:00,28.3,82.8,26.0,36.4,3620.0,36,1,0.6,26.0,1,0,1.76
2024-06-06 10:00:00,30.3,79.9,26.0,36.2,3558.0,34,1,0.567,26.0,1,0,1.989
2024-06-06 11:00:00,28.2,77.4,26.0,36.0,3570.0,34,1,0.567,26.0,1,0,1.615
2024-06-06 12:00:00,28.2,73.0,26.0,35.6,420.0,0,0,0.0,26.0,1,0,0.282
2024-06-06 13:00:00,32.8,77.7,26.0,35.3,420.0,0,0,0.0,26.0,1,0,0.854
2024-06-06 14:00:00,32.4,69.1,26.0,34.8,4420.0,36,1,0.6,26.0,1,0,2.621
2024-06-06 15:00:00,31.5,70.3,26.0,34.4,3620.0,36,1,0.6,26.0,1,0,2.058
2024-06-06 16:00:00,33.6,72.5,26.0,34.0,5000.0,51,1,0.85,26.0,1,0,3.181
2024-06-06 17:00:00,29.7,75.2,26.0,33.8,5000.0,51,1,0.85,26.0,1,0,2.243
2024-06-06 18:00:00,29.6,80.8,26.0,33.7,420.0,0,0,0.0,26.0,1,0,0.474
2024-06-06 19:00:00,28.4,73.8,26.0,33.4,420.0,0,0,0.0,26.0,1,0,0.352
2024-06-06 20:00:00,25.1,79.8,26.0,33.3,420.0,0,0,0.0,26.0,1,0,-0.038
2024-06-06 21:00:00,26.2,77.7,26.0,33.1,420.0,0,0,0.0,26.0,1,0,0.085
2024-06-06 22:00:00,27.5,86.1,26.0,33.2,420.0,0,0,0.0,26.0,1,0,0.225
2024-06-06 23:00:00,24.5,90.1,26.0,33.4,420.0,0,0,0.0,26.0,1,0,-0.106
2024-06-07 00:00:00,24.5,85.2,26.0,33.5,420.0,0,0,0.0,26.0,1,0,-0.106
2024-06-07 01:00:00,21.1,91.4,26.0,33.7,420.0,0,0,0.0,26.0,1,0,-0.486
2024-06-07 02:00:00,22.8,90.2,26.0,33.9,420.0,0,0,0.0,26.0,1,0,-0.296
2024-06-07 03:00:00,20.7,91.8,26.0,34.1,420.0,0,0,0.0,26.0,1,0,-0.531
2024-06-07 04:00:00,21.0,89.4,26.0,34.3,420.0,0,0,0.0,26.0,1,0,-0.498
2024-06-07 05:00:00,24.8,86.9,26.0,34.4,420.0,0,0,0.0,26.0,1,0,-0.072
2024-06-07 06:00:00,21.1,84.5,26.0,34.4,420.0,0,0,0.0,26.0,1,0,-0.486
2024-06-07 07:00:00,26.0,86.8,26.0,34.5,420.0,0,0,0.0,26.0,1,0,0.069
2024-06-07 08:00:00,25.5,82.5,26.0,34.4,5000.0,52,1,0.867,26.0,1,0,2.245
2024-06-07 09:00:00,27.7,79.5,26.0,34.2,5000.0,52,1,0.867,26.0,1,0,2.251
2024-06-07 10:00:00,28.8,77.7,26.0,34.1,3948.0,40,1,0.667,26.0,1,0,1.868
2024-06-07 11:00:00,28.2,76.1,26.0,33.8,4159.0,40,1,0.667,26.0,1,0,1.854
2024-06-07 12:00:00,30.0,76.2,26.0,33.6,420.0,0,0,0.0,26.0,1,0,0.627
2024-06-07 13:00:00,31.7,64.0,26.0,33.0,420.0,0,0,0.0,26.0,1,0,0.72
2024-06-07 14:00:00,30.6,73.1,26.0,32.7,2642.0,20,1,0.333,26.0,1,0,1.453
2024-06-07 15:00:00,34.3,70.8,26.0,32.3,2198.0,20,1,0.333,26.0,1,0,1.76
2024-06-07 16:00:00,32.1,78.8,26.0,32.2,3176.0,28,1,0.467,26.0,1,0,1.656
2024-06-07 17:00:00,29.4,76.3,26.0,32.1,2980.0,28,1,0.467,26.0,1,0,1.681
2024-06-07 18:00:00,29.3,74.8,26.0,31.8,420.0,0,0,0.0,26.0,1,0,0.455
2024-06-07 19:00:00,28.3,75.8,26.0,31.7,420.0,0,0,0.0,26.0,1,0,0.31
2024-06-07 20:00:00,32.4,82.5,26.0,31.7,420.0,0,0,0.0,26.0,1,0,0.779
2024-06-07 21:00:00,28.7,83.5,26.0,31.7,420.0,0,0,0.0,26.0,1,0,0.331
2024-06-07 22:00:00,23.3,85.3,26.0,31.8,420.0,0,0,0.0,26.0,1,0,-0.24
2024-06-07 23:00:00,26.1,83.4,26.0,31.9,420.0,0,0,0.0,26.0,1,0,0.074
2024-06-08 00:00:00,24.9,89.8,26.0,32.1,420.0,0,0,0.0,26.0,1,0,-0.061
2024-06-08 01:00:00,25.4,87.7,26.0,32.3,420.0,0,0,0.0,26.0,1,0,-0.005
2024-06-08 02:00:00,20.5,88.6,26.0,32.5,420.0,0,0,0.0,26.0,1,0,-0.554
2024-06-08 03:00:00,24.2,84.5,26.0,32.5,420.0,0,0,0.0,26.0,1,0,-0.139
2024-06-08 04:00:00,19.1,90.0,25.3,38.3,420.0,0,0,0.0,26.0,0,0,0.0
2024-06-08 05:00:00,22.0,89.0,25.6,38.3,420.0,0,0,0.0,26.0,1,0,0.312
2024-06-08 06:00:00,24.9,86.0,25.7,38.2,420.0,0,0,0.0,26.0,1,0,0.287
2024-06-08 07:00:00,21.7,92.1,25.8,38.4,420.0,0,0,0.0,26.0,1,0,0.341
2024-06-08 08:00:00,24.2,80.9,25.9,38.1,420.0,0,0,0.0,26.0,1,0,0.28
2024-06-08 09:00:00,28.7,80.8,25.9,37.9,420.0,0,0,0.0,26.0,1,0,0.307
2024-06-08 10:00:00,28.2,81.4,26.0,37.7,420.0,0,0,0.0,26.0,1,0,0.32
2024-06-08 11:00:00,31.1,77.0,26.0,37.4,420.0,0,0,0.0,26.0,1,0,0.298
2024-06-08 12:00:00,32.8,69.9,26.0,36.9,420.0,0,0,0.0,26.0,1,0,0.295
2024-06-08 13:00:00,32.5,72.6,26.0,36.4,420.0,0,0,0.0,26.0,1,0,0.71
2024-06-08 14:00:00,33.9,74.7,26.0,36.1,420.0,0,0,0.0,26.0,1,0,1.061
2024-06-08 15:00:00,31.0,76.0,26.0,35.8,420.0,0,0,0.0,26.0,1,0,0.622
2024-06-08 16:00:00,33.2,76.2,26.0,35.5,420.0,0,0,0.0,26.0,1,0,0.912
2024-06-08 17:00:00,29.8,73.6,26.0,35.1,420.0,0,0,0.0,26.0,1,0,0.518
2024-06-08 18:00:00,30.5,76.2,26.0,34.9,420.0,0,0,0.0,26.0,1,0,0.538
2024-06-08 19:00:00,30.6,72.0,26.0,34.5,420.0,0,0,0.0,26.0,1,0,0.569
2024-06-08 20:00:00,28.8,79.1,26.0,34.3,420.0,0,0,0.0,26.0,1,0,0.416
2024-06-08 21:00:00,25.7,79.8,26.0,34.2,420.0,0,0,0.0,26.0,1,0,0.026
2024-06-08 22:00:00,25.4,73.3,26.0,33.9,420.0,0,0,0.0,26.0,1,0,-0.005
2024-06-08 23:00:00,23.4,83.4,26.0,33.9,420.0,0,0,0.0,26.0,1,0,-0.229
2024-06-09 00:00:00,24.3,85.2,26.0,33.9,420.0,0,0,0.0,26.0,1,0,-0.128
2024-06-09 01:00:00,22.3,93.6,26.0,34.2,420.0,0,0,0.0,26.0,1,0,-0.352
2024-06-09 02:00:00,23.7,92.4,26.0,34.4,420.0,0,0,0.0,26.0,1,0,-0.195
2024-06-09 03:00:00,21.3,91.6,26.0,34.6,420.0,0,0,0.0,26.0,1,0,-0.464
2024-06-09 04:00:00,21.8,89.1,26.0,34.8,420.0,0,0,0.0,26.0,1,0,-0.408
2024-06-09 05:00:00,23.3,87.1,26.0,34.8,420.0,0,0,0.0,26.0,1,0,-0.24
2024-06-09 06:00:00,25.7,87.2,26.0,34.9,420.0,0,0,0.0,26.0,1,0,0.034
2024-06-09 07:00:00,25.4,90.4,26.0,35.1,420.0,0,0,0.0,26.0,1,0,-0.002
2024-06-09 08:00:00,27.3,79.8,26.0,34.9,420.0,0,0,0.0,26.0,1,0,0.201
2024-06-09 09:00:00,27.7,84.6,26.0,34.9,420.0,0,0,0.0,26.0,1,0,0.236
2024-06-09 10:00:00,29.6,76.6,26.0,34.7,420.0,0,0,0.0,26.0,1,0,0.481
2024-06-09 11:00:00,28.5,81.0,26.0,34.6,420.0,0,0,0.0,26.0,1,0,0.416
2024-06-09 12:00:00,29.4,75.4,26.0,34.3,420.0,0,0,0.0,26.0,1,0,0.385
2024-06-09 13:00:00,33.7,74.9,26.0,34.0,420.0,0,0,0.0,26.0,1,0,0.926
2024-06-09 14:00:00,30.7,71.6,26.0,33.6,420.0,0,0,0.0,26.0,1,0,0.622
2024-06-09 15:00:00,32.5,70.0,26.0,33.2,420.0,0,0,0.0,26.0,1,0,0.801
2024-06-09 16:00:00,31.5,75.3,26.0,33.0,420.0,0,0,0.0,26.0,1,0,0.705
2024-06-09 17:00:00,33.3,77.1,26.0,32.8,420.0,0,0,0.0,26.0,1,0,0.833
2024-06-09 18:00:00,29.5,79.9,26.0,32.7,420.0,0,0,0.0,26.0,1,0,0.433
2024-06-09 19:00:00,29.1,74.3,26.0,32.5,420.0,0,0,0.0,26.0,1,0,0.405
2024-06-09 20:00:00,28.0,84.2,26.0,32.5,420.0,0,0,0.0,26.0,1,0,0.261
2024-06-09 21:00:00,27.2,82.0,26.0,32.5,420.0,0,0,0.0,26.0,1,0,0.196
2024-06-09 22:00:00,28.2,79.8,26.0,32.4,420.0,0,0,0.0,26.0,1,0,0.299
2024-06-09 23:00:00,22.6,81.2,26.0,32.4,420.0,0,0,0.0,26.0,1,0,-0.318
2024-06-10 00:00:00,24.0,88.2,26.0,32.6,420.0,0,0,0.0,26.0,1,0,-0.162
2024-06-10 01:00:00,25.0,89.7,26.0,32.8,420.0,0,0,0.0,26.0,1,0,-0.05
2024-06-10 02:00:00,21.6,89.7,26.0,33.0,420.0,0,0,0.0,26.0,1,0,-0.43
2024-06-10 03:00:00,22.2,85.0,26.0,33.0,420.0,0,0,0.0,26.0,1,0,-0.363
2024-06-10 04:00:00,26.2,91.3,26.0,33.3,420.0,0,0,0.0,26.0,1,0,0.082
2024-06-10 05:00:00,23.0,90.8,26.0,33.5,420.0,0,0,0.0,26.0,1,0,-0.274
2024-06-10 06:00:00,24.5,87.2,26.0,33.6,420.0,0,0,0.0,26.0,1,0,-0.106
2024-06-10 07:00:00,23.6,87.8,26.0,33.8,420.0,0,0,0.0,26.0,1,0,-0.203
2024-06-10 08:00:00,26.3,81.6,26.0,33.7,5000.0,42,1,0.7,26.0,1,0,1.771
2024-06-10 09:00:00,29.1,82.9,26.0,33.7,4171.0,42,1,0.7,26.0,1,0,1.745
2024-06-10 10:00:00,29.4,84.1,26.0,33.7,2559.0,26,1,0.433,26.0,1,0,1.549
2024-06-10 11:00:00,29.5,79.0,26.0,33.5,2881.0,26,1,0.433,26.0,1,0,1.885
2024-06-10 12:00:00,31.8,74.2,26.0,33.3,420.0,0,0,0.0,26.0,1,0,0.661
2024-06-10 13:00:00,31.4,75.4,26.0,33.0,420.0,0,0,0.0,26.0,1,0,0.748
2024-06-10 14:00:00,30.4,81.2,26.0,33.0,3420.0,27,1,0.45,26.0,1,0,1.729
2024-06-10 15:00:00,29.9,70.1,26.0,32.6,2820.0,27,1,0.45,26.0,1,0,1.583
2024-06-10 16:00:00,33.8,76.4,26.0,32.4,5000.0,48,1,0.8,26.0,1,0,2.464
2024-06-10 17:00:00,29.8,76.9,26.0,32.2,4837.0,48,1,0.8,26.0,1,0,2.329
2024-06-10 18:00:00,32.7,76.3,26.0,32.1,420.0,0,0,0.0,26.0,1,0,0.908
2024-06-10 19:00:00,33.4,72.8,26.0,31.8,420.0,0,0,0.0,26.0,1,0,0.864
2024-06-10 20:00:00,29.3,83.4,26.0,31.8,420.0,0,0,0.0,26.0,1,0,0.429
2024-06-10 21:00:00,28.3,81.4,26.0,31.8,420.0,0,0,0.0,26.0,1,0,0.346
2024-06-10 22:00:00,25.3,85.4,26.0,31.9,420.0,0,0,0.0,26.0,1,0,-0.016
2024-06-10 23:00:00,25.7,87.8,26.0,32.1,420.0,0,0,0.0,26.0,1,0,0.03
2024-06-11 00:00:00,25.0,84.6,26.0,32.2,420.0,0,0,0.0,26.0,1,0,-0.05
2024-06-11 01:00:00,22.3,86.1,26.0,32.3,420.0,0,0,0.0,26.0,1,0,-0.352
2024-06-11 02:00:00,21.6,92.8,26.0,32.6,420.0,0,0,0.0,26.0,1,0,-0.43
2024-06-11 03:00:00,22.2,97.8,26.0,33.1,420.0,0,0,0.0,26.0,1,0,-0.363
2024-06-11 04:00:00,22.5,89.9,26.0,33.3,420.0,0,0,0.0,26.0,1,0,-0.33
2024-06-11 05:00:00,22.8,87.0,26.0,33.4,420.0,0,0,0.0,26.0,1,0,-0.296
2024-06-11 06:00:00,23.4,91.0,26.0,33.6,420.0,0,0,0.0,26.0,1,0,-0.229
2024-06-11 07:00:00,24.7,83.6,26.0,33.6,420.0,0,0,0.0,26.0,1,0,-0.08
2024-06-11 08:00:00,24.3,82.7,26.0,33.6,5000.0,54,1,0.9,26.0,1,0,1.641
2024-06-11 09:00:00,27.1,85.6,26.0,33.6,5000.0,54,1,0.9,26.0,1,0,2.211
2024-06-11 10:00:00,26.3,79.0,26.0,33.5,2504.0,27,1,0.45,26.0,1,0,1.415
2024-06-11 11:00:00,29.7,72.5,26.0,33.2,3003.0,27,1,0.45,26.0,1,0,1.639
2024-06-11 12:00:00,29.3,74.3,26.0,32.9,420.0,0,0,0.0,26.0,1,0,0.346
2024-06-11 13:00:00,30.1,75.6,26.0,32.7,420.0,0,0,0.0,26.0,1,0,0.549
2024-06-11 14:00:00,31.6,72.6,26.0,32.4,2642.0,20,1,0.333,26.0,1,0,1.611
2024-06-11 15:00:00,32.6,79.2,26.0,32.3,2198.0,20,1,0.333,26.0,1,0,1.492
2024-06-11 16:00:00,34.3,68.5,26.0,31.9,2287.0,20,1,0.333,26.0,1,0,1.676
2024-06-11 17:00:00,32.2,74.5,26.0,31.7,2269.0,20,1,0.333,26.0,1,0,1.83
2024-06-11 18:00:00,30.8,75.1,26.0,31.5,420.0,0,0,0.0,26.0,1,0,0.565
2024-06-11 19:00:00,29.7,78.5,26.0,31.4,420.0,0,0,0.0,26.0,1,0,0.442
2024-06-11 20:00:00,27.4,77.2,26.0,31.2,420.0,0,0,0.0,26.0,1,0,0.219
2024-06-11 21:00:00,26.3,82.7,26.0,31.3,420.0,0,0,0.0,26.0,1,0,0.091
2024-06-11 22:00:00,26.6,86.6,26.0,31.4,420.0,0,0,0.0,26.0,1,0,0.131
2024-06-11 23:00:00,23.8,86.9,26.0,31.6,420.0,0,0,0.0,26.0,1,0,-0.184
2024-06-12 00:00:00,24.9,91.2,26.0,31.9,420.0,0,0,0.0,26.0,1,0,-0.061
2024-06-12 01:00:00,22.6,88.3,26.0,32.1,420.0,0,0,0.0,26.0,1,0,-0.318
2024-06-12 02:00:00,22.5,86.3,26.0,32.2,420.0,0,0,0.0,26.0,1,0,-0.33
2024-06-12 03:00:00,21.7,92.2,26.0,32.5,420.0,0,0,0.0,26.0,1,0,-0.419
2024-06-12 04:00:00,23.1,88.9,26.0,32.7,420.0,0,0,0.0,26.0,1,0,-0.262
2024-06-12 05:00:00,23.0,86.5,26.0,32.8,420.0,0,0,0.0,26.0,1,0,-0.274
2024-06-12 06:00:00,24.5,87.4,26.0,33.0,420.0,0,0,0.0,26.0,1,0,-0.106
2024-06-12 07:00:00,24.1,84.9,26.0,33.0,420.0,0,0,0.0,26.0,1,0,-0.147
2024-06-12 08:00:00,25.6,82.7,26.0,33.0,3976.0,32,1,0.533,26.0,1,0,1.314
2024-06-12 09:00:00,28.0,80.8,26.0,32.9,3264.0,32,1,0.533,26.0,1,0,1.453
2024-06-12 10:00:00,30.7,84.3,26.0,33.0,5000.0,52,1,0.867,26.0,1,0,2.433
2024-06-12 11:00:00,28.2,78.2,26.0,32.8,5000.0,52,1,0.867,26.0,1,0,2.337
2024-06-12 12:00:00,29.6,75.4,26.0,32.6,420.0,0,0,0.0,26.0,1,0,0.479
2024-06-12 13:00:00,34.3,74.1,26.0,32.4,420.0,0,0,0.0,26.0,1,0,0.997
2024-06-12 14:00:00,32.4,75.9,26.0,32.2,4198.0,34,1,0.567,26.0,1,0,2.5
2024-06-12 15:00:00,30.5,71.4,26.0,31.8,3442.0,34,1,0.567,26.0,1,0,2.064
2024-06-12 16:00:00,30.0,71.6,26.0,31.5,2593.0,25,1,0.417,26.0,1,0,1.72
2024-06-12 17:00:00,27.1,76.7,26.0,31.4,2763.0,25,1,0.417,26.0,1,0,1.265
2024-06-12 18:00:00,33.6,76.8,26.0,31.3,420.0,0,0,0.0,26.0,1,0,0.93
2024-06-12 19:00:00,27.4,76.1,26.0,31.1,420.0,0,0,0.0,26.0,1,0,0.212
2024-06-12 20:00:00,27.6,76.9,26.0,31.0,420.0,0,0,0.0,26.0,1,0,0.257
2024-06-12 21:00:00,28.3,84.4,26.0,31.1,420.0,0,0,0.0,26.0,1,0,0.317
2024-06-12 22:00:00,24.0,86.2,26.0,31.2,420.0,0,0,0.0,26.0,1,0,-0.162
2024-06-12 23:00:00,26.8,91.7,26.0,31.5,420.0,0,0,0.0,26.0,1,0,0.155
2024-06-13 00:00:00,27.8,85.0,26.0,31.6,420.0,0,0,0.0,26.0,1,0,0.268
2024-06-13 01:00:00,26.9,87.9,26.0,31.8,420.0,0,0,0.0,26.0,1,0,0.163
2024-06-13 02:00:00,21.3,90.7,26.0,32.1,420.0,0,0,0.0,26.0,1,0,-0.464
2024-06-13 03:00:00,21.1,91.2,26.0,32.4,420.0,0,0,0.0,26.0,1,0,-0.486
2024-06-13 04:00:00,20.2,89.0,26.0,32.6,420.0,0,0,0.0,26.0,1,0,-0.587
2024-06-13 05:00:00,24.6,88.8,26.0,32.8,420.0,0,0,0.0,26.0,1,0,-0.094
2024-06-13 06:00:00,23.7,89.1,26.0,32.9,420.0,0,0,0.0,26.0,1,0,-0.195
2024-06-13 07:00:00,26.3,81.0,26.0,32.9,420.0,0,0,0.0,26.0,1,0,0.122
2024-06-13 08:00:00,26.6,83.3,26.0,32.9,5000.0,48,1,0.8,26.0,1,0,1.844
2024-06-13 09:00:00,27.2,85.2,26.0,33.0,4837.0,48,1,0.8,26.0,1,0,1.908
2024-06-13 10:00:00,26.5,76.9,26.0,32.8,4759.0,47,1,0.783,26.0,1,0,2.016
2024-06-13 11:00:00,26.6,76.4,26.0,32.6,4774.0,47,1,0.783,26.0,1,0,1.83
2024-06-13 12:00:00,32.5,76.0,26.0,32.4,420.0,0,0,0.0,26.0,1,0,0.783
2024-06-13 13:00:00,29.3,73.6,26.0,32.1,420.0,0,0,0.0,26.0,1,0,0.405
2024-06-13 14:00:00,29.6,70.9,26.0,31.8,5000.0,43,1,0.717,26.0,1,0,2.216
2024-06-13 15:00:00,32.6,70.5,26.0,31.5,4282.0,43,1,0.717,26.0,1,0,2.566
2024-06-13 16:00:00,33.5,74.1,26.0,31.2,4203.0,41,1,0.683,26.0,1,0,2.439
2024-06-13 17:00:00,31.5,74.2,26.0,31.0,4219.0,41,1,0.683,26.0,1,0,2.405
2024-06-13 18:00:00,31.7,78.7,26.0,31.0,420.0,0,0,0.0,26.0,1,0,0.597
2024-06-13 19:00:00,30.0,79.7,26.0,30.9,420.0,0,0,0.0,26.0,1,0,0.482
2024-06-13 20:00:00,28.0,81.6,26.0,30.9,420.0,0,0,0.0,26.0,1,0,0.283
2024-06-13 21:00:00,26.5,82.0,26.0,31.0,420.0,0,0,0.0,26.0,1,0,0.107
2024-06-13 22:00:00,25.3,82.7,26.0,31.0,420.0,0,0,0.0,26.0,1,0,-0.016
2024-06-13 23:00:00,23.5,87.4,26.0,31.2,420.0,0,0,0.0,26.0,1,0,-0.218
2024-06-14 00:00:00,25.4,91.2,26.0,31.5,420.0,0,0,0.0,26.0,1,0,-0.005
2024-06-14 01:00:00,20.8,92.8,26.0,31.9,420.0,0,0,0.0,26.0,1,0,-0.52
2024-06-14 02:00:00,21.7,91.5,26.0,32.1,420.0,0,0,0.0,26.0,1,0,-0.419
2024-06-14 03:00:00,20.6,90.4,26.0,32.4,420.0,0,0,0.0,26.0,1,0,-0.543
2024-06-14 04:00:00,22.6,85.3,26.0,32.5,420.0,0,0,0.0,26.0,1,0,-0.318
2024-06-14 05:00:00,23.6,93.0,26.0,32.8,420.0,0,0,0.0,26.0,1,0,-0.206
2024-06-14 06:00:00,23.2,91.7,26.0,33.1,420.0,0,0,0.0,26.0,1,0,-0.251
2024-06-14 07:00:00,24.2,88.5,26.0,33.2,420.0,0,0,0.0,26.0,1,0,-0.136
2024-06-14 08:00:00,22.4,91.3,26.0,33.5,5000.0,57,1,0.95,26.0,1,0,1.513
2024-06-14 09:00:00,29.2,81.1,26.0,33.4,5000.0,57,1,0.95,26.0,1,0,2.461
2024-06-14 10:00:00,25.3,80.8,26.0,33.3,1837.0,21,1,0.35,26.0,1,0,1.016
2024-06-14 11:00:00,27.3,79.3,26.0,33.2,2470.0,21,1,0.35,26.0,1,0,1.31
2024-06-14 12:00:00,31.2,73.5,26.0,32.9,420.0,0,0,0.0,26.0,1,0,0.628
2024-06-14 13:00:00,33.0,77.5,26.0,32.7,420.0,0,0,0.0,26.0,1,0,0.908
2024-06-14 14:00:00,33.3,74.3,26.0,32.5,2864.0,22,1,0.367,26.0,1,0,1.986
2024-06-14 15:00:00,29.9,76.9,26.0,32.3,2376.0,22,1,0.367,26.0,1,0,1.654
2024-06-14 16:00:00,31.4,70.1,26.0,32.0,5000.0,51,1,0.85,26.0,1,0,2.507
2024-06-14 17:00:00,33.4,81.4,26.0,31.9,5000.0,51,1,0.85,26.0,1,0,2.398
2024-06-14 18:00:00,30.5,82.8,26.0,32.0,420.0,0,0,0.0,26.0,1,0,0.57
2024-06-14 19:00:00,29.6,76.9,26.0,31.8,420.0,0,0,0.0,26.0,1,0,0.428
2024-06-14 20:00:00,27.3,84.8,26.0,31.9,420.0,0,0,0.0,26.0,1,0,0.196
2024-06-14 21:00:00,25.8,84.2,26.0,32.0,420.0,0,0,0.0,26.0,1,0,0.039
2024-06-14 22:00:00,24.9,82.7,26.0,32.0,420.0,0,0,0.0,26.0,1,0,-0.061
2024-06-14 23:00:00,26.0,84.9,26.0,32.1,420.0,0,0,0.0,26.0,1,0,0.061
2024-06-15 00:00:00,22.9,91.1,26.0,32.4,420.0,0,0,0.0,26.0,1,0,-0.285
2024-06-15 01:00:00,25.1,90.9,26.0,32.6,420.0,0,0,0.0,26.0,1,0,-0.038
2024-06-15 02:00:00,21.2,88.2,26.0,32.8,420.0,0,0,0.0,26.0,1,0,-0.475
2024-06-15 03:00:00,22.1,91.0,26.0,33.0,420.0,0,0,0.0,26.0,1,0,-0.374
2024-06-15 04:00:00,20.7,91.9,26.0,33.3,420.0,0,0,0.0,26.0,1,0,-0.531
2024-06-15 05:00:00,22.8,83.8,26.0,33.3,420.0,0,0,0.0,26.0,1,0,-0.296
2024-06-15 06:00:00,22.1,86.1,26.0,33.4,420.0,0,0,0.0,26.0,1,0,-0.374
2024-06-15 07:00:00,24.4,91.7,26.0,33.6,420.0,0,0,0.0,26.0,1,0,-0.114
2024-06-15 08:00:00,26.1,81.5,26.0,33.6,420.0,0,0,0.0,26.0,1,0,0.08
2024-06-15 09:00:00,27.3,80.9,26.0,33.5,420.0,0,0,0.0,26.0,1,0,0.228
2024-06-15 10:00:00,28.8,81.7,26.0,33.4,420.0,0,0,0.0,26.0,1,0,0.375
2024-06-15 11:00:00,31.3,77.9,26.0,33.3,420.0,0,0,0.0,26.0,1,0,0.688
2024-06-15 12:00:00,33.0,79.1,26.0,33.1,420.0,0,0,0.0,26.0,1,0,0.859
2024-06-15 13:00:00,30.3,81.7,26.0,33.1,420.0,0,0,0.0,26.0,1,0,0.597
2024-06-15 14:00:00,32.3,71.8,26.0,32.8,420.0,0,0,0.0,26.0,1,0,0.766
2024-06-15 15:00:00,34.5,80.2,26.0,32.7,420.0,0,0,0.0,26.0,1,0,1.016
2024-06-15 16:00:00,31.8,72.8,26.0,32.4,420.0,0,0,0.0,26.0,1,0,0.696
2024-06-15 17:00:00,31.1,77.2,26.0,32.2,420.0,0,0,0.0,26.0,1,0,0.629
2024-06-15 18:00:00,32.5,78.1,26.0,32.1,420.0,0,0,0.0,26.0,1,0,0.741
2024-06-15 19:00:00,29.7,82.5,26.0,32.1,420.0,0,0,0.0,26.0,1,0,0.443
2024-06-15 20:00:00,27.8,83.0,26.0,32.1,420.0,0,0,0.0,26.0,1,0,0.281
2024-06-15 21:00:00,26.6,83.3,26.0,32.2,420.0,0,0,0.0,26.0,1,0,0.118
2024-06-15 22:00:00,25.5,83.9,26.0,32.2,420.0,0,0,0.0,26.0,1,0,0.006
2024-06-15 23:00:00,23.9,90.0,26.0,32.5,420.0,0,0,0.0,26.0,1,0,-0.173
2024-06-16 00:00:00,22.4,85.4,26.0,32.6,420.0,0,0,0.0,26.0,1,0,-0.341
2024-06-16 01:00:00,25.9,91.9,26.0,32.8,420.0,0,0,0.0,26.0,1,0,0.055
2024-06-16 02:00:00,18.6,88.0,25.2,38.4,420.0,0,0,0.0,26.0,0,0,0.0
2024-06-16 03:00:00,19.3,87.1,24.6,43.2,420.0,0,0,0.0,26.0,0,0,0.0
2024-06-16 04:00:00,17.5,89.3,23.9,47.8,420.0,0,0,0.0,26.0,0,0,0.0
2024-06-16 05:00:00,21.0,89.1,24.7,47.6,420.0,0,0,0.0,26.0,1,0,0.292
2024-06-16 06:00:00,21.0,87.9,25.2,47.3,420.0,0,0,0.0,26.0,1,0,0.32
2024-06-16 07:00:00,23.9,90.5,25.5,47.1,420.0,0,0,0.0,26.0,1,0,0.286
2024-06-16 08:00:00,27.8,86.4,25.7,46.8,420.0,0,0,0.0,26.0,1,0,0.275
2024-06-16 09:00:00,26.5,88.0,25.8,46.5,420.0,0,0,0.0,26.0,1,0,0.262
2024-06-16 10:00:00,26.0,75.7,25.9,45.9,420.0,0,0,0.0,26.0,1,0,0.332
2024-06-16 11:00:00,29.4,84.8,25.9,45.5,420.0,0,0,0.0,26.0,1,0,0.273
2024-06-16 12:00:00,30.2,75.8,26.0,44.9,420.0,0,0,0.0,26.0,1,0,0.318
2024-06-16 13:00:00,29.2,77.9,26.0,44.4,420.0,0,0,0.0,26.0,1,0,0.276
2024-06-16 14:00:00,33.3,76.6,26.0,43.9,420.0,0,0,0.0,26.0,1,0,0.332
2024-06-16 15:00:00,31.1,71.9,26.0,43.2,420.0,0,0,0.0,26.0,1,0,0.755
2024-06-16 16:00:00,29.9,74.5,26.0,42.7,420.0,0,0,0.0,26.0,1,0,0.437
2024-06-16 17:00:00,29.7,71.5,26.0,42.0,420.0,0,0,0.0,26.0,1,0,0.438
2024-06-16 18:00:00,29.9,74.9,26.0,41.5,420.0,0,0,0.0,26.0,1,0,0.53
2024-06-16 19:00:00,28.7,79.4,26.0,41.2,420.0,0,0,0.0,26.0,1,0,0.38
2024-06-16 20:00:00,28.4,79.1,26.0,40.8,420.0,0,0,0.0,26.0,1,0,0.352
2024-06-16 21:00:00,27.3,79.0,26.0,40.4,420.0,0,0,0.0,26.0,1,0,0.199
2024-06-16 22:00:00,25.9,84.5,26.0,40.3,420.0,0,0,0.0,26.0,1,0,0.059
2024-06-16 23:00:00,22.2,89.0,26.0,40.2,420.0,0,0,0.0,26.0,1,0,-0.363
2024-06-17 00:00:00,22.1,87.9,26.0,40.2,420.0,0,0,0.0,26.0,1,0,-0.374
2024-06-17 01:00:00,24.4,91.7,26.0,40.2,420.0,0,0,0.0,26.0,1,0,-0.117
2024-06-17 02:00:00,22.2,88.6,26.0,40.2,420.0,0,0,0.0,26.0,1,0,-0.363
2024-06-17 03:00:00,23.4,92.0,26.0,40.2,420.0,0,0,0.0,26.0,1,0,-0.229
2024-06-17 04:00:00,21.2,87.3,26.0,40.1,420.0,0,0,0.0,26.0,1,0,-0.475
2024-06-17 05:00:00,19.6,89.4,25.4,45.1,420.0,0,0,0.0,26.0,0,0,0.0
2024-06-17 06:00:00,23.3,91.1,25.6,44.9,420.0,0,0,0.0,26.0,1,0,0.303
2024-06-17 07:00:00,25.0,90.0,25.8,44.8,420.0,0,0,0.0,26.0,1,0,0.271
2024-06-17 08:00:00,24.7,87.5,25.9,44.6,2864.0,22,1,0.367,26.0,1,0,0.294
2024-06-17 09:00:00,26.2,84.3,25.9,44.3,2376.0,22,1,0.367,26.0,1,0,0.271
2024-06-17 10:00:00,26.1,80.6,26.0,43.9,5000.0,46,1,0.767,26.0,1,0,0.338
2024-06-17 11:00:00,26.5,77.2,26.0,43.4,4615.0,46,1,0.767,26.0,1,0,0.284
2024-06-17 12:00:00,31.2,74.8,26.0,42.8,420.0,0,0,0.0,26.0,1,0,0.681
2024-06-17 13:00:00,29.8,77.6,26.0,42.3,420.0,0,0,0.0,26.0,1,0,0.48
2024-06-17 14:00:00,31.7,72.8,26.0,41.8,2642.0,20,1,0.333,26.0,1,0,1.567
2024-06-17 15:00:00,32.1,81.9,26.0,41.5,2198.0,20,1,0.333,26.0,1,0,1.433
2024-06-17 16:00:00,33.6,77.8,26.0,41.0,4064.0,36,1,0.6,26.0,1,0,2.47
2024-06-17 17:00:00,32.0,75.6,26.0,40.6,3691.0,36,1,0.6,26.0,1,0,2.401
2024-06-17 18:00:00,26.9,74.3,26.0,40.1,420.0,0,0,0.0,26.0,1,0,0.151
2024-06-17 19:00:00,28.8,72.4,26.0,39.6,420.0,0,0,0.0,26.0,1,0,0.33
2024-06-17 20:00:00,26.6,74.0,26.0,39.1,420.0,0,0,0.0,26.0,1,0,0.138
2024-06-17 21:00:00,26.9,84.5,26.0,39.0,420.0,0,0,0.0,26.0,1,0,0.142
2024-06-17 22:00:00,27.4,85.3,26.0,38.9,420.0,0,0,0.0,26.0,1,0,0.241
2024-06-17 23:00:00,23.1,80.2,26.0,38.6,420.0,0,0,0.0,26.0,1,0,-0.262
2024-06-18 00:00:00,20.8,83.8,26.0,38.4,420.0,0,0,0.0,26.0,1,0,-0.52
2024-06-18 01:00:00,21.3,88.4,26.0,38.4,420.0,0,0,0.0,26.0,1,0,-0.464
2024-06-18 02:00:00,20.6,90.7,26.0,38.5,420.0,0,0,0.0,26.0,1,0,-0.543
2024-06-18 03:00:00,21.7,90.0,26.0,38.6,420.0,0,0,0.0,26.0,1,0,-0.419
2024-06-18 04:00:00,23.9,86.2,26.0,38.5,420.0,0,0,0.0,26.0,1,0,-0.173
2024-06-18 05:00:00,23.3,88.9,26.0,38.5,420.0,0,0,0.0,26.0,1,0,-0.24
2024-06-18 06:00:00,23.0,90.3,26.0,38.6,420.0,0,0,0.0,26.0,1,0,-0.274
2024-06-18 07:00:00,25.8,83.2,26.0,38.4,420.0,0,0,0.0,26.0,1,0,0.04
2024-06-18 08:00:00,25.4,84.9,26.0,38.3,4976.0,41,1,0.683,26.0,1,0,1.454
2024-06-18 09:00:00,26.6,83.8,26.0,38.2,4064.0,41,1,0.683,26.0,1,0,1.766
2024-06-18 10:00:00,28.7,85.4,26.0,38.1,2358.0,24,1,0.4,26.0,1,0,1.318
2024-06-18 11:00:00,27.2,77.6,26.0,37.8,2699.0,24,1,0.4,26.0,1,0,1.198
2024-06-18 12:00:00,29.2,78.2,26.0,37.5,420.0,0,0,0.0,26.0,1,0,0.445
2024-06-18 13:00:00,28.9,76.1,26.0,37.1,420.0,0,0,0.0,26.0,1,0,0.321
2024-06-18 14:00:00,30.9,72.1,26.0,36.7,2864.0,22,1,0.367,26.0,1,0,1.834
2024-06-18 15:00:00,29.8,72.6,26.0,36.3,2376.0,22,1,0.367,26.0,1,0,1.501
2024-06-18 16:00:00,33.5,74.2,26.0,35.9,4696.0,42,1,0.7,26.0,1,0,2.271
2024-06-18 17:00:00,32.3,80.1,26.0,35.7,4232.0,42,1,0.7,26.0,1,0,2.201
2024-06-18 18:00:00,30.9,74.7,26.0,35.4,420.0,0,0,0.0,26.0,1,0,0.66
2024-06-18 19:00:00,30.2,76.4,26.0,35.1,420.0,0,0,0.0,26.0,1,0,0.559
2024-06-18 20:00:00,27.5,75.4,26.0,34.8,420.0,0,0,0.0,26.0,1,0,0.256
2024-06-18 21:00:00,28.4,80.8,26.0,34.7,420.0,0,0,0.0,26.0,1,0,0.313
2024-06-18 22:00:00,26.0,81.0,26.0,34.6,420.0,0,0,0.0,26.0,1,0,0.064
2024-06-18 23:00:00,25.2,83.7,26.0,34.6,420.0,0,0,0.0,26.0,1,0,-0.027
2024-06-19 00:00:00,23.3,90.3,26.0,34.7,420.0,0,0,0.0,26.0,1,0,-0.24
2024-06-19 01:00:00,23.9,88.9,26.0,34.9,420.0,0,0,0.0,26.0,1,0,-0.173
2024-06-19 02:00:00,19.5,98.0,25.3,41.2,420.0,0,0,0.0,26.0,0,0,0.0
2024-06-19 03:00:00,24.6,92.2,25.6,41.2,420.0,0,0,0.0,26.0,1,0,0.31
2024-06-19 04:00:00,21.0,89.4,25.8,41.2,420.0,0,0,0.0,26.0,1,0,0.317
2024-06-19 05:00:00,21.9,92.7,25.9,41.2,420.0,0,0,0.0,26.0,1,0,0.327
2024-06-19 06:00:00,23.9,85.3,25.9,41.0,420.0,0,0,0.0,26.0,1,0,0.283
2024-06-19 07:00:00,23.8,89.4,25.9,41.0,420.0,0,0,0.0,26.0,1,0,0.297
2024-06-19 08:00:00,28.1,88.7,26.0,40.9,5000.0,45,1,0.75,26.0,1,0,0.285
2024-06-19 09:00:00,28.1,81.2,26.0,40.6,4504.0,45,1,0.75,26.0,1,0,0.299
2024-06-19 10:00:00,23.4,80.8,26.0,40.3,5000.0,60,1,1.0,26.0,1,0,2.077
2024-06-19 11:00:00,29.5,78.4,26.0,40.0,5000.0,60,1,1.0,26.0,1,0,2.301
2024-06-19 12:00:00,30.6,72.4,26.0,39.4,420.0,0,0,0.0,26.0,1,0,0.641
2024-06-19 13:00:00,32.2,77.0,26.0,39.1,420.0,0,0,0.0,26.0,1,0,0.698
2024-06-19 14:00:00,32.9,77.1,26.0,38.7,5000.0,43,1,0.717,26.0,1,0,2.44
2024-06-19 15:00:00,32.9,72.8,26.0,38.2,4282.0,43,1,0.717,26.0,1,0,2.748
2024-06-19 16:00:00,31.7,74.5,26.0,37.8,2203.0,23,1,0.383,26.0,1,0,1.784
2024-06-19 17:00:00,31.5,78.1,26.0,37.5,2619.0,23,1,0.383,26.0,1,0,1.759
2024-06-19 18:00:00,31.5,82.6,26.0,37.4,420.0,0,0,0.0,26.0,1,0,0.615
2024-06-19 19:00:00,32.8,78.2,26.0,37.1,420.0,0,0,0.0,26.0,1,0,0.755
2024-06-19 20:00:00,22.5,83.6,26.0,37.0,420.0,0,0,0.0,26.0,1,0,-0.33
2024-06-19 21:00:00,26.2,79.6,26.0,36.8,420.0,0,0,0.0,26.0,1,0,0.091
2024-06-19 22:00:00,25.1,82.7,26.0,36.7,420.0,0,0,0.0,26.0,1,0,-0.038
2024-06-19 23:00:00,25.4,81.3,26.0,36.5,420.0,0,0,0.0,26.0,1,0,-0.005
2024-06-20 00:00:00,21.8,88.7,26.0,36.6,420.0,0,0,0.0,26.0,1,0,-0.408
2024-06-20 01:00:00,23.6,90.9,26.0,36.7,420.0,0,0,0.0,26.0,1,0,-0.206
2024-06-20 02:00:00,21.0,86.8,26.0,36.7,420.0,0,0,0.0,26.0,1,0,-0.498
2024-06-20 03:00:00,21.2,90.7,26.0,36.8,420.0,0,0,0.0,26.0,1,0,-0.475
2024-06-20 04:00:00,24.4,83.6,26.0,36.7,420.0,0,0,0.0,26.0,1,0,-0.117
2024-06-20 05:00:00,22.3,84.9,26.0,36.7,420.0,0,0,0.0,26.0,1,0,-0.352
2024-06-20 06:00:00,21.0,90.6,26.0,36.8,420.0,0,0,0.0,26.0,1,0,-0.498
2024-06-20 07:00:00,25.3,87.3,26.0,36.8,420.0,0,0,0.0,26.0,1,0,-0.013
2024-06-20 08:00:00,27.1,82.6,26.0,36.7,5000.0,52,1,0.867,26.0,1,0,2.029
2024-06-20 09:00:00,26.4,88.6,26.0,36.7,5000.0,52,1,0.867,26.0,1,0,1.971
2024-06-20 10:00:00,27.9,82.1,26.0,36.6,2504.0,27,1,0.45,26.0,1,0,1.553
2024-06-20 11:00:00,29.5,72.5,26.0,36.2,3003.0,27,1,0.45,26.0,1,0,1.486
2024-06-20 12:00:00,27.5,74.6,26.0,35.8,420.0,0,0,0.0,26.0,1,0,0.247
2024-06-20 13:00:00,32.9,77.4,26.0,35.6,420.0,0,0,0.0,26.0,1,0,0.849
2024-06-20 14:00:00,33.2,71.3,26.0,35.1,5000.0,60,1,1.0,26.0,1,0,3.066
2024-06-20 15:00:00,34.4,71.1,26.0,34.7,5000.0,60,1,1.0,26.0,1,0,3.066
2024-06-20 16:00:00,32.1,74.2,26.0,34.4,3837.0,39,1,0.65,26.0,1,0,2.177
2024-06-20 17:00:00,31.1,79.1,26.0,34.2,4070.0,39,1,0.65,26.0,1,0,1.981
2024-06-20 18:00:00,29.5,72.3,26.0,33.9,420.0,0,0,0.0,26.0,1,0,0.472
2024-06-20 19:00:00,29.5,76.8,26.0,33.7,420.0,0,0,0.0,26.0,1,0,0.43
2024-06-20 20:00:00,33.4,82.0,26.0,33.6,420.0,0,0,0.0,26.0,1,0,0.961
2024-06-20 21:00:00,26.4,78.8,26.0,33.5,420.0,0,0,0.0,26.0,1,0,0.105
2024-06-20 22:00:00,22.9,81.0,26.0,33.4,420.0,0,0,0.0,26.0,1,0,-0.285
2024-06-20 23:00:00,24.7,90.3,26.0,33.6,420.0,0,0,0.0,26.0,1,0,-0.083
2024-06-21 00:00:00,25.1,88.3,26.0,33.8,420.0,0,0,0.0,26.0,1,0,-0.038
2024-06-21 01:00:00,22.2,89.7,26.0,33.9,420.0,0,0,0.0,26.0,1,0,-0.363
2024-06-21 02:00:00,21.4,94.9,26.0,34.3,420.0,0,0,0.0,26.0,1,0,-0.453
2024-06-21 03:00:00,21.7,89.7,26.0,34.4,420.0,0,0,0.0,26.0,1,0,-0.419
2024-06-21 04:00:00,18.8,89.1,25.3,39.9,420.0,0,0,0.0,26.0,0,0,0.0
2024-06-21 05:00:00,23.9,85.7,25.6,39.8,420.0,0,0,0.0,26.0,1,0,0.275
2024-06-21 06:00:00,22.3,90.0,25.7,39.8,420.0,0,0,0.0,26.0,1,0,0.294
2024-06-21 07:00:00,22.3,89.2,25.8,39.8,420.0,0,0,0.0,26.0,1,0,0.29
2024-06-21 08:00:00,24.9,82.9,25.9,39.5,3864.0,31,1,0.517,26.0,1,0,0.324
2024-06-21 09:00:00,25.3,83.1,26.0,39.4,3176.0,31,1,0.517,26.0,1,0,0.291
2024-06-21 10:00:00,32.0,82.3,26.0,39.1,4313.0,40,1,0.667,26.0,1,0,0.293
2024-06-21 11:00:00,28.2,81.4,26.0,38.9,4086.0,40,1,0.667,26.0,1,0,2.095
2024-06-21 12:00:00,30.1,80.5,26.0,38.7,420.0,0,0,0.0,26.0,1,0,0.555
2024-06-21 13:00:00,32.5,66.2,26.0,38.0,420.0,0,0,0.0,26.0,1,0,0.908
2024-06-21 14:00:00,30.3,77.1,26.0,37.7,4864.0,40,1,0.667,26.0,1,0,2.33
2024-06-21 15:00:00,32.2,70.9,26.0,37.2,3976.0,40,1,0.667,26.0,1,0,2.162
2024-06-21 16:00:00,30.9,68.6,26.0,36.6,2487.0,25,1,0.417,26.0,1,0,1.846
2024-06-21 17:00:00,31.2,81.7,26.0,36.5,2784.0,25,1,0.417,26.0,1,0,1.954
2024-06-21 18:00:00,31.7,82.9,26.0,36.3,420.0,0,0,0.0,26.0,1,0,0.787
2024-06-21 19:00:00,30.8,81.1,26.0,36.2,420.0,0,0,0.0,26.0,1,0,0.648
2024-06-21 20:00:00,31.3,81.1,26.0,36.0,420.0,0,0,0.0,26.0,1,0,0.707
2024-06-21 21:00:00,26.7,85.1,26.0,36.0,420.0,0,0,0.0,26.0,1,0,0.138
2024-06-21 22:00:00,27.9,82.6,26.0,35.9,420.0,0,0,0.0,26.0,1,0,0.257
2024-06-21 23:00:00,23.4,86.4,26.0,35.9,420.0,0,0,0.0,26.0,1,0,-0.229
2024-06-22 00:00:00,24.7,90.1,26.0,36.0,420.0,0,0,0.0,26.0,1,0,-0.083
2024-06-22 01:00:00,20.5,94.7,26.0,36.3,420.0,0,0,0.0,26.0,1,0,-0.554
2024-06-22 02:00:00,21.2,88.9,26.0,36.4,420.0,0,0,0.0,26.0,1,0,-0.475
2024-06-22 03:00:00,20.6,98.0,26.0,36.7,420.0,0,0,0.0,26.0,1,0,-0.543
2024-06-22 04:00:00,22.5,87.2,26.0,36.7,420.0,0,0,0.0,26.0,1,0,-0.33
2024-06-22 05:00:00,24.0,91.2,26.0,36.9,420.0,0,0,0.0,26.0,1,0,-0.162
2024-06-22 06:00:00,23.2,90.2,26.0,37.0,420.0,0,0,0.0,26.0,1,0,-0.251
2024-06-22 07:00:00,23.3,84.5,26.0,36.9,420.0,0,0,0.0,26.0,1,0,-0.237
2024-06-22 08:00:00,22.7,80.1,26.0,36.7,420.0,0,0,0.0,26.0,1,0,-0.302
2024-06-22 09:00:00,29.7,86.9,26.0,36.7,420.0,0,0,0.0,26.0,1,0,0.471
2024-06-22 10:00:00,28.4,84.9,26.0,36.7,420.0,0,0,0.0,26.0,1,0,0.296
2024-06-22 11:00:00,29.3,77.3,26.0,36.4,420.0,0,0,0.0,26.0,1,0,0.491
2024-06-22 12:00:00,30.6,76.0,26.0,36.1,420.0,0,0,0.0,26.0,1,0,0.576
2024-06-22 13:00:00,31.0,78.5,26.0,35.8,420.0,0,0,0.0,26.0,1,0,0.699
2024-06-22 14:00:00,32.1,76.4,26.0,35.6,420.0,0,0,0.0,26.0,1,0,0.681
2024-06-22 15:00:00,33.5,75.2,26.0,35.2,420.0,0,0,0.0,26.0,1,0,0.99
2024-06-22 16:00:00,30.4,70.2,26.0,34.8,420.0,0,0,0.0,26.0,1,0,0.539
2024-06-22 17:00:00,31.6,74.6,26.0,34.5,420.0,0,0,0.0,26.0,1,0,0.622
2024-06-22 18:00:00,30.7,76.3,26.0,34.2,420.0,0,0,0.0,26.0,1,0,0.666
2024-06-22 19:00:00,33.4,74.0,26.0,33.9,420.0,0,0,0.0,26.0,1,0,0.971
2024-06-22 20:00:00,25.3,80.9,26.0,33.8,420.0,0,0,0.0,26.0,1,0,-0.016
2024-06-22 21:00:00,26.4,82.9,26.0,33.8,420.0,0,0,0.0,26.0,1,0,0.109
2024-06-22 22:00:00,26.6,87.9,26.0,33.9,420.0,0,0,0.0,26.0,1,0,0.13
2024-06-22 23:00:00,22.2,84.3,26.0,33.9,420.0,0,0,0.0,26.0,1,0,-0.363
2024-06-23 00:00:00,24.1,90.0,26.0,34.1,420.0,0,0,0.0,26.0,1,0,-0.15
2024-06-23 01:00:00,26.0,91.8,26.0,34.4,420.0,0,0,0.0,26.0,1,0,0.065
2024-06-23 02:00:00,22.1,87.1,26.0,34.4,420.0,0,0,0.0,26.0,1,0,-0.374
2024-06-23 03:00:00,21.2,88.2,26.0,34.6,420.0,0,0,0.0,26.0,1,0,-0.475
2024-06-23 04:00:00,23.2,90.5,26.0,34.7,420.0,0,0,0.0,26.0,1,0,-0.251
2024-06-23 05:00:00,20.7,87.6,26.0,34.8,420.0,0,0,0.0,26.0,1,0,-0.531
2024-06-23 06:00:00,24.8,88.7,26.0,34.9,420.0,0,0,0.0,26.0,1,0,-0.072
2024-06-23 07:00:00,25.4,87.1,26.0,35.0,420.0,0,0,0.0,26.0,1,0,-0.002
2024-06-23 08:00:00,28.1,84.8,26.0,35.0,420.0,0,0,0.0,26.0,1,0,0.308
2024-06-23 09:00:00,26.4,79.3,26.0,34.8,420.0,0,0,0.0,26.0,1,0,0.108
2024-06-23 10:00:00,28.7,72.6,26.0,34.5,420.0,0,0,0.0,26.0,1,0,0.362
2024-06-23 11:00:00,29.2,77.4,26.0,34.2,420.0,0,0,0.0,26.0,1,0,0.5
2024-06-23 12:00:00,28.5,73.6,26.0,33.9,420.0,0,0,0.0,26.0,1,0,0.429
2024-06-23 13:00:00,32.5,75.8,26.0,33.7,420.0,0,0,0.0,26.0,1,0,0.902
2024-06-23 14:00:00,32.0,75.2,26.0,33.4,420.0,0,0,0.0,26.0,1,0,0.773
2024-06-23 15:00:00,32.1,77.7,26.0,33.3,420.0,0,0,0.0,26.0,1,0,0.734
2024-06-23 16:00:00,32.0,69.9,26.0,32.9,420.0,0,0,0.0,26.0,1,0,0.693
2024-06-23 17:00:00,33.8,76.2,26.0,32.7,420.0,0,0,0.0,26.0,1,0,0.884
2024-06-23 18:00:00,29.7,72.6,26.0,32.4,420.0,0,0,0.0,26.0,1,0,0.456
2024-06-23 19:00:00,30.1,77.6,26.0,32.2,420.0,0,0,0.0,26.0,1,0,0.612
2024-06-23 20:00:00,30.7,78.9,26.0,32.1,420.0,0,0,0.0,26.0,1,0,0.674
2024-06-23 21:00:00,25.7,84.7,26.0,32.2,420.0,0,0,0.0,26.0,1,0,0.031
2024-06-23 22:00:00,27.1,84.6,26.0,32.3,420.0,0,0,0.0,26.0,1,0,0.171
2024-06-23 23:00:00,25.5,85.9,26.0,32.4,420.0,0,0,0.0,26.0,1,0,0.007
2024-06-24 00:00:00,23.8,91.2,26.0,32.6,420.0,0,0,0.0,26.0,1,0,-0.184
2024-06-24 01:00:00,23.6,88.4,26.0,32.8,420.0,0,0,0.0,26.0,1,0,-0.206
2024-06-24 02:00:00,24.2,82.6,26.0,32.8,420.0,0,0,0.0,26.0,1,0,-0.139
2024-06-24 03:00:00,25.1,84.9,26.0,32.9,420.0,0,0,0.0,26.0,1,0,-0.038
2024-06-24 04:00:00,21.2,89.6,26.0,33.1,420.0,0,0,0.0,26.0,1,0,-0.475
2024-06-24 05:00:00,22.5,91.9,26.0,33.3,420.0,0,0,0.0,26.0,1,0,-0.33
2024-06-24 06:00:00,21.9,88.4,26.0,33.5,420.0,0,0,0.0,26.0,1,0,-0.397
2024-06-24 07:00:00,23.6,86.9,26.0,33.6,420.0,0,0,0.0,26.0,1,0,-0.203
2024-06-24 08:00:00,25.6,84.3,26.0,33.6,5000.0,51,1,0.85,26.0,1,0,1.893
2024-06-24 09:00:00,26.2,80.5,26.0,33.5,5000.0,51,1,0.85,26.0,1,0,1.655
2024-06-24 10:00:00,28.7,82.8,26.0,33.5,4282.0,43,1,0.717,26.0,1,0,2.078
2024-06-24 11:00:00,28.6,75.4,26.0,33.2,4425.0,43,1,0.717,26.0,1,0,1.885
2024-06-24 12:00:00,31.5,76.2,26.0,33.0,420.0,0,0,0.0,26.0,1,0,0.645
2024-06-24 13:00:00,32.6,72.4,26.0,32.7,420.0,0,0,0.0,26.0,1,0,0.797
2024-06-24 14:00:00,29.2,72.7,26.0,32.4,3642.0,29,1,0.483,26.0,1,0,1.584
2024-06-24 15:00:00,30.9,73.8,26.0,32.2,2998.0,29,1,0.483,26.0,1,0,1.833
2024-06-24 16:00:00,30.9,76.5,26.0,32.0,5000.0,52,1,0.867,26.0,1,0,2.538
2024-06-24 17:00:00,30.9,75.5,26.0,31.8,5000.0,52,1,0.867,26.0,1,0,2.169
2024-06-24 18:00:00,30.8,76.9,26.0,31.6,420.0,0,0,0.0,26.0,1,0,0.673
2024-06-24 19:00:00,29.5,79.5,26.0,31.6,420.0,0,0,0.0,26.0,1,0,0.419
2024-06-24 20:00:00,27.1,84.1,26.0,31.7,420.0,0,0,0.0,26.0,1,0,0.172
2024-06-24 21:00:00,26.6,78.1,26.0,31.6,420.0,0,0,0.0,26.0,1,0,0.126
2024-06-24 22:00:00,26.0,81.5,26.0,31.6,420.0,0,0,0.0,26.0,1,0,0.062
2024-06-24 23:00:00,25.5,92.6,26.0,31.9,420.0,0,0,0.0,26.0,1,0,0.007
2024-06-25 00:00:00,22.3,88.7,26.0,32.1,420.0,0,0,0.0,26.0,1,0,-0.352
2024-06-25 01:00:00,20.0,90.3,25.4,37.9,420.0,0,0,0.0,26.0,0,0,0.0
2024-06-25 02:00:00,20.8,87.9,25.6,37.9,420.0,0,0,0.0,26.0,1,0,0.306
2024-06-25 03:00:00,20.3,92.2,25.8,38.0,420.0,0,0,0.0,26.0,1,0,0.314
2024-06-25 04:00:00,23.7,89.8,25.9,38.1,420.0,0,0,0.0,26.0,1,0,0.307
2024-06-25 05:00:00,21.4,93.7,25.9,38.3,420.0,0,0,0.0,26.0,1,0,0.306
2024-06-25 06:00:00,22.3,81.2,25.9,38.0,420.0,0,0,0.0,26.0,1,0,0.307
2024-06-25 07:00:00,25.2,82.7,26.0,37.9,420.0,0,0,0.0,26.0,1,0,0.254
2024-06-25 08:00:00,27.2,82.9,26.0,37.7,4976.0,41,1,0.683,26.0,1,0,0.294
2024-06-25 09:00:00,27.9,86.2,26.0,37.7,4064.0,41,1,0.683,26.0,1,0,0.328
2024-06-25 10:00:00,26.5,78.2,26.0,37.4,5000.0,57,1,0.95,26.0,1,0,2.92
2024-06-25 11:00:00,29.4,82.6,26.0,37.3,5000.0,57,1,0.95,26.0,1,0,2.301
2024-06-25 12:00:00,29.5,74.6,26.0,36.9,420.0,0,0,0.0,26.0,1,0,0.481
2024-06-25 13:00:00,32.0,73.3,26.0,36.5,420.0,0,0,0.0,26.0,1,0,0.711
2024-06-25 14:00:00,32.1,69.6,26.0,36.0,3642.0,29,1,0.483,26.0,1,0,2.298
2024-06-25 15:00:00,35.3,70.0,26.0,35.5,2998.0,29,1,0.483,26.0,1,0,2.079
2024-06-25 16:00:00,31.3,74.2,26.0,35.2,5000.0,56,1,0.933,26.0,1,0,2.861
2024-06-25 17:00:00,34.2,71.1,26.0,34.7,5000.0,56,1,0.933,26.0,1,0,2.704
2024-06-25 18:00:00,33.5,78.6,26.0,34.5,420.0,0,0,0.0,26.0,1,0,0.88
2024-06-25 19:00:00,30.1,75.0,26.0,34.3,420.0,0,0,0.0,26.0,1,0,0.52
2024-06-25 20:00:00,29.2,77.8,26.0,34.1,420.0,0,0,0.0,26.0,1,0,0.457
2024-06-25 21:00:00,28.9,79.1,26.0,33.9,420.0,0,0,0.0,26.0,1,0,0.354
2024-06-25 22:00:00,25.5,82.4,26.0,33.9,420.0,0,0,0.0,26.0,1,0,0.007
2024-06-25 23:00:00,23.0,88.2,26.0,34.0,420.0,0,0,0.0,26.0,1,0,-0.274
2024-06-26 00:00:00,24.3,91.3,26.0,34.2,420.0,0,0,0.0,26.0,1,0,-0.128
2024-06-26 01:00:00,20.0,92.1,25.4,40.0,420.0,0,0,0.0,26.0,0,0,0.0
2024-06-26 02:00:00,25.9,88.4,25.6,40.0,420.0,0,0,0.0,26.0,1,0,0.3
2024-06-26 03:00:00,24.8,89.2,25.8,39.9,420.0,0,0,0.0,26.0,1,0,0.307
2024-06-26 04:00:00,20.1,88.8,25.9,39.9,420.0,0,0,0.0,26.0,1,0,0.323
2024-06-26 05:00:00,24.2,86.4,25.9,39.8,420.0,0,0,0.0,26.0,1,0,0.269
2024-06-26 06:00:00,22.6,89.4,25.9,39.8,420.0,0,0,0.0,26.0,1,0,0.319
2024-06-26 07:00:00,24.5,87.8,26.0,39.7,420.0,0,0,0.0,26.0,1,0,0.286
2024-06-26 08:00:00,26.1,85.5,26.0,39.6,4198.0,34,1,0.567,26.0,1,0,0.326
2024-06-26 09:00:00,26.4,82.7,26.0,39.4,3442.0,34,1,0.567,26.0,1,0,0.308
2024-06-26 10:00:00,26.9,83.8,26.0,39.2,5000.0,53,1,0.883,26.0,1,0,2.104
2024-06-26 11:00:00,28.5,81.4,26.0,39.0,5000.0,53,1,0.883,26.0,1,0,2.212
2024-06-26 12:00:00,30.2,76.9,26.0,38.6,420.0,0,0,0.0,26.0,1,0,0.58
2024-06-26 13:00:00,30.6,72.0,26.0,38.1,420.0,0,0,0.0,26.0,1,0,0.648
2024-06-26 14:00:00,29.2,71.1,26.0,37.6,4864.0,40,1,0.667,26.0,1,0,1.908
2024-06-26 15:00:00,31.5,74.6,26.0,37.2,3976.0,40,1,0.667,26.0,1,0,2.045
2024-06-26 16:00:00,33.3,72.9,26.0,36.8,5000.0,54,1,0.9,26.0,1,0,3.046
2024-06-26 17:00:00,30.0,70.7,26.0,36.3,5000.0,54,1,0.9,26.0,1,0,2.222
2024-06-26 18:00:00,31.3,80.5,26.0,36.1,420.0,0,0,0.0,26.0,1,0,0.588
2024-06-26 19:00:00,31.4,80.1,26.0,36.0,420.0,0,0,0.0,26.0,1,0,0.611
2024-06-26 20:00:00,29.3,85.0,26.0,35.9,420.0,0,0,0.0,26.0,1,0,0.418
2024-06-26 21:00:00,27.5,83.9,26.0,35.9,420.0,0,0,0.0,26.0,1,0,0.206
2024-06-26 22:00:00,25.2,80.0,26.0,35.7,420.0,0,0,0.0,26.0,1,0,-0.027
2024-06-26 23:00:00,23.5,86.0,26.0,35.7,420.0,0,0,0.0,26.0,1,0,-0.218
2024-06-27 00:00:00,23.6,93.4,26.0,35.9,420.0,0,0,0.0,26.0,1,0,-0.206
2024-06-27 01:00:00,22.8,92.5,26.0,36.1,420.0,0,0,0.0,26.0,1,0,-0.296
2024-06-27 02:00:00,21.5,88.8,26.0,36.2,420.0,0,0,0.0,26.0,1,0,-0.442
2024-06-27 03:00:00,20.0,87.8,25.4,41.4,420.0,0,0,0.0,26.0,0,0,0.0
2024-06-27 04:00:00,23.0,89.8,25.6,41.3,420.0,0,0,0.0,26.0,1,0,0.253
2024-06-27 05:00:00,24.1,89.5,25.8,41.3,420.0,0,0,0.0,26.0,1,0,0.273
2024-06-27 06:00:00,22.9,94.1,25.9,41.4,420.0,0,0,0.0,26.0,1,0,0.315
2024-06-27 07:00:00,24.4,89.5,25.9,41.3,420.0,0,0,0.0,26.0,1,0,0.269
2024-06-27 08:00:00,25.1,86.2,26.0,41.1,2642.0,20,1,0.333,26.0,1,0,0.292
2024-06-27 09:00:00,28.4,82.6,26.0,40.9,2198.0,20,1,0.333,26.0,1,0,0.347
2024-06-27 10:00:00,24.8,80.0,26.0,40.6,5000.0,58,1,0.967,26.0,1,0,0.299
2024-06-27 11:00:00,31.3,79.6,26.0,40.2,5000.0,58,1,0.967,26.0,1,0,2.867
2024-06-27 12:00:00,31.2,71.2,26.0,39.7,420.0,0,0,0.0,26.0,1,0,0.606
2024-06-27 13:00:00,30.2,76.3,26.0,39.3,420.0,0,0,0.0,26.0,1,0,0.637
2024-06-27 14:00:00,32.4,77.9,26.0,38.9,5000.0,57,1,0.95,26.0,1,0,2.758
2024-06-27 15:00:00,31.8,75.2,26.0,38.5,5000.0,57,1,0.95,26.0,1,0,2.762
2024-06-27 16:00:00,31.9,71.3,26.0,38.0,1948.0,22,1,0.367,26.0,1,0,1.911
2024-06-27 17:00:00,27.9,76.4,26.0,37.6,2559.0,22,1,0.367,26.0,1,0,1.26
2024-06-27 18:00:00,30.8,74.5,26.0,37.2,420.0,0,0,0.0,26.0,1,0,0.603
2024-06-27 19:00:00,27.1,79.9,26.0,37.0,420.0,0,0,0.0,26.0,1,0,0.182
2024-06-27 20:00:00,27.9,81.6,26.0,36.9,420.0,0,0,0.0,26.0,1,0,0.269
2024-06-27 21:00:00,29.8,75.6,26.0,36.5,420.0,0,0,0.0,26.0,1,0,0.503
2024-06-27 22:00:00,24.7,83.4,26.0,36.4,420.0,0,0,0.0,26.0,1,0,-0.083
2024-06-27 23:00:00,26.7,81.1,26.0,36.3,420.0,0,0,0.0,26.0,1,0,0.147
2024-06-28 00:00:00,26.4,88.1,26.0,36.3,420.0,0,0,0.0,26.0,1,0,0.102
2024-06-28 01:00:00,22.5,88.3,26.0,36.4,420.0,0,0,0.0,26.0,1,0,-0.33
2024-06-28 02:00:00,21.5,92.9,26.0,36.6,420.0,0,0,0.0,26.0,1,0,-0.442
2024-06-28 03:00:00,20.4,91.0,26.0,36.7,420.0,0,0,0.0,26.0,1,0,-0.565
2024-06-28 04:00:00,21.6,87.4,26.0,36.7,420.0,0,0,0.0,26.0,1,0,-0.43
2024-06-28 05:00:00,26.5,90.2,26.0,36.8,420.0,0,0,0.0,26.0,1,0,0.111
2024-06-28 06:00:00,24.4,91.1,26.0,37.0,420.0,0,0,0.0,26.0,1,0,-0.117
2024-06-28 07:00:00,22.4,91.3,26.0,37.1,420.0,0,0,0.0,26.0,1,0,-0.338
2024-06-28 08:00:00,21.9,81.8,26.0,36.9,5000.0,48,1,0.8,26.0,1,0,1.352
2024-06-28 09:00:00,26.3,83.7,26.0,36.8,4837.0,48,1,0.8,26.0,1,0,1.702
2024-06-28 10:00:00,28.6,79.4,26.0,36.6,3981.0,40,1,0.667,26.0,1,0,1.681
2024-06-28 11:00:00,29.5,75.1,26.0,36.3,4152.0,40,1,0.667,26.0,1,0,2.076
2024-06-28 12:00:00,28.3,78.5,26.0,36.0,420.0,0,0,0.0,26.0,1,0,0.356
2024-06-28 13:00:00,32.4,79.8,26.0,35.9,420.0,0,0,0.0,26.0,1,0,0.845
2024-06-28 14:00:00,30.6,76.4,26.0,35.6,5000.0,59,1,0.983,26.0,1,0,2.221
2024-06-28 15:00:00,31.6,77.6,26.0,35.3,5000.0,59,1,0.983,26.0,1,0,2.798
2024-06-28 16:00:00,33.4,74.9,26.0,35.0,2171.0,24,1,0.4,26.0,1,0,1.787
2024-06-28 17:00:00,30.8,78.0,26.0,34.8,2737.0,24,1,0.4,26.0,1,0,1.685
2024-06-28 18:00:00,31.5,74.3,26.0,34.5,420.0,0,0,0.0,26.0,1,0,0.656
2024-06-28 19:00:00,27.5,77.1,26.0,34.3,420.0,0,0,0.0,26.0,1,0,0.241
2024-06-28 20:00:00,30.6,83.4,26.0,34.2,420.0,0,0,0.0,26.0,1,0,0.577
2024-06-28 21:00:00,25.3,78.5,26.0,34.1,420.0,0,0,0.0,26.0,1,0,-0.016
2024-06-28 22:00:00,27.6,80.7,26.0,34.0,420.0,0,0,0.0,26.0,1,0,0.205
2024-06-28 23:00:00,25.3,84.2,26.0,34.0,420.0,0,0,0.0,26.0,1,0,-0.016
2024-06-29 00:00:00,25.9,85.3,26.0,34.0,420.0,0,0,0.0,26.0,1,0,0.047
2024-06-29 01:00:00,24.4,89.5,26.0,34.2,420.0,0,0,0.0,26.0,1,0,-0.117
2024-06-29 02:00:00,22.5,83.8,26.0,34.2,420.0,0,0,0.0,26.0,1,0,-0.33
2024-06-29 03:00:00,18.7,89.3,25.3,39.7,420.0,0,0,0.0,26.0,0,0,0.0
2024-06-29 04:00:00,22.5,86.4,25.6,39.6,420.0,0,0,0.0,26.0,1,0,0.3
2024-06-29 05:00:00,21.0,90.6,25.7,39.6,420.0,0,0,0.0,26.0,1,0,0.302
2024-06-29 06:00:00,24.3,87.2,25.8,39.5,420.0,0,0,0.0,26.0,1,0,0.266
2024-06-29 07:00:00,25.7,82.5,25.9,39.3,420.0,0,0,0.0,26.0,1,0,0.263
2024-06-29 08:00:00,25.2,89.0,25.9,39.3,420.0,0,0,0.0,26.0,1,0,0.301
2024-06-29 09:00:00,27.1,82.4,26.0,39.1,420.0,0,0,0.0,26.0,1,0,0.266
2024-06-29 10:00:00,31.8,75.7,26.0,38.7,420.0,0,0,0.0,26.0,1,0,0.26
2024-06-29 11:00:00,30.7,83.0,26.0,38.5,420.0,0,0,0.0,26.0,1,0,0.289
2024-06-29 12:00:00,30.0,78.9,26.0,38.3,420.0,0,0,0.0,26.0,1,0,0.288
2024-06-29 13:00:00,29.9,73.0,26.0,37.8,420.0,0,0,0.0,26.0,1,0,0.474
2024-06-29 14:00:00,32.4,76.7,26.0,37.5,420.0,0,0,0.0,26.0,1,0,0.745
2024-06-29 15:00:00,33.7,78.7,26.0,37.2,420.0,0,0,0.0,26.0,1,0,0.934
2024-06-29 16:00:00,31.7,77.9,26.0,36.9,420.0,0,0,0.0,26.0,1,0,0.666
2024-06-29 17:00:00,30.8,77.8,26.0,36.6,420.0,0,0,0.0,26.0,1,0,0.607
2024-06-29 18:00:00,30.8,77.7,26.0,36.4,420.0,0,0,0.0,26.0,1,0,0.582
2024-06-29 19:00:00,30.1,73.2,26.0,36.0,420.0,0,0,0.0,26.0,1,0,0.529
2024-06-29 20:00:00,26.6,80.2,26.0,35.8,420.0,0,0,0.0,26.0,1,0,0.139
2024-06-29 21:00:00,24.5,84.5,26.0,35.8,420.0,0,0,0.0,26.0,1,0,-0.106
2024-06-29 22:00:00,27.0,85.1,26.0,35.7,420.0,0,0,0.0,26.0,1,0,0.186
2024-06-29 23:00:00,22.8,90.1,26.0,35.9,420.0,0,0,0.0,26.0,1,0,-0.296
2024-06-30 00:00:00,26.5,88.1,26.0,35.9,420.0,0,0,0.0,26.0,1,0,0.131
2024-06-30 01:00:00,23.4,89.5,26.0,36.1,420.0,0,0,0.0,26.0,1,0,-0.229
2024-06-30 02:00:00,23.0,89.4,26.0,36.2,420.0,0,0,0.0,26.0,1,0,-0.274
2024-06-30 03:00:00,21.9,92.7,26.0,36.3,420.0,0,0,0.0,26.0,1,0,-0.397
2024-06-30 04:00:00,25.7,85.5,26.0,36.3,420.0,0,0,0.0,26.0,1,0,0.031
2024-06-30 05:00:00,22.5,85.4,26.0,36.3,420.0,0,0,0.0,26.0,1,0,-0.33
2024-06-30 06:00:00,25.9,85.9,26.0,36.3,420.0,0,0,0.0,26.0,1,0,0.052
2024-06-30 07:00:00,22.3,87.9,26.0,36.3,420.0,0,0,0.0,26.0,1,0,-0.349
2024-06-30 08:00:00,28.3,86.1,26.0,36.3,420.0,0,0,0.0,26.0,1,0,0.315
2024-06-30 09:00:00,27.3,83.2,26.0,36.2,420.0,0,0,0.0,26.0,1,0,0.209
2024-06-30 10:00:00,30.4,77.3,26.0,36.0,420.0,0,0,0.0,26.0,1,0,0.526
2024-06-30 11:00:00,29.3,76.6,26.0,35.7,420.0,0,0,0.0,26.0,1,0,0.443
2024-06-30 12:00:00,28.8,75.4,26.0,35.4,420.0,0,0,0.0,26.0,1,0,0.409
2024-06-30 13:00:00,33.0,76.8,26.0,35.1,420.0,0,0,0.0,26.0,1,0,0.808
2024-06-30 14:00:00,32.8,74.7,26.0,34.8,420.0,0,0,0.0,26.0,1,0,0.832
2024-06-30 15:00:00,32.8,71.6,26.0,34.4,420.0,0,0,0.0,26.0,1,0,0.787
2024-06-30 16:00:00,31.4,74.8,26.0,34.1,420.0,0,0,0.0,26.0,1,0,0.684
2024-06-30 17:00:00,31.7,76.0,26.0,33.9,420.0,0,0,0.0,26.0,1,0,0.673
2024-06-30 18:00:00,30.3,75.2,26.0,33.6,420.0,0,0,0.0,26.0,1,0,0.512
2024-06-30 19:00:00,34.2,80.7,26.0,33.5,420.0,0,0,0.0,26.0,1,0,0.928
2024-06-30 20:00:00,28.9,79.2,26.0,33.4,420.0,0,0,0.0,26.0,1,0,0.403
2024-06-30 21:00:00,26.3,81.6,26.0,33.3,420.0,0,0,0.0,26.0,1,0,0.095
2024-06-30 22:00:00,26.1,78.4,26.0,33.2,420.0,0,0,0.0,26.0,1,0,0.071
2024-06-30 23:00:00,22.1,84.1,26.0,33.2,420.0,0,0,0.0,26.0,1,0,-0.374
2024-07-01 00:00:00,26.8,84.9,26.0,33.3,420.0,0,0,0.0,26.0,1,0,0.155
2024-07-01 01:00:00,27.9,82.5,26.0,33.3,420.0,0,0,0.0,26.0,1,0,0.266
2024-07-01 02:00:00,24.0,92.3,26.0,33.5,420.0,0,0,0.0,26.0,1,0,-0.162
2024-07-01 03:00:00,25.2,90.7,26.0,33.7,420.0,0,0,0.0,26.0,1,0,-0.027
2024-07-01 04:00:00,28.2,85.6,26.0,33.8,420.0,0,0,0.0,26.0,1,0,0.337
2024-07-01 05:00:00,25.5,86.1,26.0,33.9,420.0,0,0,0.0,26.0,1,0,0.006
2024-07-01 06:00:00,23.5,84.7,26.0,33.9,420.0,0,0,0.0,26.0,1,0,-0.218
2024-07-01 07:00:00,28.8,85.6,26.0,33.9,420.0,0,0,0.0,26.0,1,0,0.373
2024-07-01 08:00:00,29.6,80.9,26.0,33.8,3309.0,26,1,0.433,26.0,1,0,1.417
2024-07-01 09:00:00,29.0,83.8,26.0,33.8,2731.0,26,1,0.433,26.0,1,0,1.489
2024-07-01 10:00:00,30.5,78.8,26.0,33.7,2736.0,25,1,0.417,26.0,1,0,1.446
2024-07-01 11:00:00,32.7,80.4,26.0,33.6,2735.0,25,1,0.417,26.0,1,0,2.032
2024-07-01 12:00:00,35.0,70.5,26.0,33.2,420.0,0,0,0.0,26.0,1,0,1.148
2024-07-01 13:00:00,32.5,74.8,26.0,33.0,420.0,0,0,0.0,26.0,1,0,0.852
2024-07-01 14:00:00,34.7,70.9,26.0,32.6,3531.0,28,1,0.467,26.0,1,0,2.24
2024-07-01 15:00:00,36.5,72.6,26.0,32.3,2909.0,28,1,0.467,26.0,1,0,2.263
2024-07-01 16:00:00,34.9,74.6,26.0,32.1,5000.0,58,1,0.967,26.0,1,0,2.986
2024-07-01 17:00:00,33.8,77.8,26.0,31.9,5000.0,58,1,0.967,26.0,1,0,3.439
2024-07-01 18:00:00,32.4,76.3,26.0,31.8,420.0,0,0,0.0,26.0,1,0,0.869
2024-07-01 19:00:00,34.7,71.9,26.0,31.5,420.0,0,0,0.0,26.0,1,0,1.047
2024-07-01 20:00:00,30.8,81.4,26.0,31.5,420.0,0,0,0.0,26.0,1,0,0.576
2024-07-01 21:00:00,31.7,79.5,26.0,31.4,420.0,0,0,0.0,26.0,1,0,0.778
2024-07-01 22:00:00,27.6,84.9,26.0,31.5,420.0,0,0,0.0,26.0,1,0,0.228
2024-07-01 23:00:00,29.3,80.5,26.0,31.5,420.0,0,0,0.0,26.0,1,0,0.44
2024-07-02 00:00:00,24.7,86.3,26.0,31.6,420.0,0,0,0.0,26.0,1,0,-0.083
2024-07-02 01:00:00,26.6,86.0,26.0,31.8,420.0,0,0,0.0,26.0,1,0,0.144
2024-07-02 02:00:00,26.2,85.6,26.0,31.9,420.0,0,0,0.0,26.0,1,0,0.079
2024-07-02 03:00:00,21.8,86.7,26.0,32.0,420.0,0,0,0.0,26.0,1,0,-0.408
2024-07-02 04:00:00,25.3,86.9,26.0,32.2,420.0,0,0,0.0,26.0,1,0,-0.016
2024-07-02 05:00:00,23.9,81.5,26.0,32.1,420.0,0,0,0.0,26.0,1,0,-0.173
2024-07-02 06:00:00,25.7,88.3,26.0,32.3,420.0,0,0,0.0,26.0,1,0,0.031
2024-07-02 07:00:00,29.4,87.6,26.0,32.5,420.0,0,0,0.0,26.0,1,0,0.465
2024-07-02 08:00:00,27.5,78.6,26.0,32.4,5000.0,46,1,0.767,26.0,1,0,1.98
2024-07-02 09:00:00,30.7,81.9,26.0,32.4,4615.0,46,1,0.767,26.0,1,0,2.161
2024-07-02 10:00:00,31.9,71.9,26.0,32.0,3803.0,38,1,0.633,26.0,1,0,2.104
2024-07-02 11:00:00,31.2,75.9,26.0,31.9,3966.0,38,1,0.633,26.0,1,0,2.206
2024-07-02 12:00:00,34.3,76.6,26.0,31.7,420.0,0,0,0.0,26.0,1,0,0.889
2024-07-02 13:00:00,34.5,74.1,26.0,31.5,420.0,0,0,0.0,26.0,1,0,1.036
2024-07-02 14:00:00,35.0,74.3,26.0,31.3,5000.0,51,1,0.85,26.0,1,0,3.116
2024-07-02 15:00:00,35.5,72.2,26.0,31.0,5000.0,51,1,0.85,26.0,1,0,3.281
2024-07-02 16:00:00,34.4,72.5,26.0,30.7,3504.0,36,1,0.6,26.0,1,0,2.173
2024-07-02 17:00:00,35.1,73.9,26.0,30.5,3803.0,36,1,0.6,26.0,1,0,2.788
2024-07-02 18:00:00,34.1,78.4,26.0,30.5,420.0,0,0,0.0,26.0,1,0,1.102
2024-07-02 19:00:00,32.9,74.1,26.0,30.3,420.0,0,0,0.0,26.0,1,0,0.863
2024-07-02 20:00:00,32.6,73.8,26.0,30.1,420.0,0,0,0.0,26.0,1,0,0.735
2024-07-02 21:00:00,28.4,81.0,26.0,30.1,420.0,0,0,0.0,26.0,1,0,0.323
2024-07-02 22:00:00,29.5,78.3,26.0,30.1,420.0,0,0,0.0,26.0,1,0,0.453
2024-07-02 23:00:00,26.9,82.2,26.0,30.1,420.0,0,0,0.0,26.0,1,0,0.167
2024-07-03 00:00:00,25.7,88.5,26.0,30.4,420.0,0,0,0.0,26.0,1,0,0.029
2024-07-03 01:00:00,26.7,86.9,26.0,30.6,420.0,0,0,0.0,26.0,1,0,0.144
2024-07-03 02:00:00,24.4,83.7,26.0,30.7,420.0,0,0,0.0,26.0,1,0,-0.117
2024-07-03 03:00:00,27.1,89.8,26.0,30.9,420.0,0,0,0.0,26.0,1,0,0.184
2024-07-03 04:00:00,24.1,89.9,26.0,31.2,420.0,0,0,0.0,26.0,1,0,-0.15
2024-07-03 05:00:00,25.6,86.1,26.0,31.3,420.0,0,0,0.0,26.0,1,0,0.018
2024-07-03 06:00:00,27.1,83.4,26.0,31.4,420.0,0,0,0.0,26.0,1,0,0.179
2024-07-03 07:00:00,27.0,84.4,26.0,31.5,420.0,0,0,0.0,26.0,1,0,0.173
2024-07-03 08:00:00,28.0,84.1,26.0,31.6,3864.0,31,1,0.517,26.0,1,0,1.501
2024-07-03 09:00:00,32.8,77.7,26.0,31.5,3176.0,31,1,0.517,26.0,1,0,2.438
2024-07-03 10:00:00,28.8,71.9,26.0,31.2,5000.0,54,1,0.9,26.0,1,0,2.665
2024-07-03 11:00:00,32.3,74.0,26.0,31.0,5000.0,54,1,0.9,26.0,1,0,2.903
2024-07-03 12:00:00,33.8,74.7,26.0,30.8,420.0,0,0,0.0,26.0,1,0,1.048
2024-07-03 13:00:00,31.9,67.6,26.0,30.4,420.0,0,0,0.0,26.0,1,0,0.781
2024-07-03 14:00:00,35.3,72.7,26.0,30.1,4753.0,39,1,0.65,26.0,1,0,2.684
2024-07-03 15:00:00,34.4,67.0,26.0,29.8,3887.0,39,1,0.65,26.0,1,0,2.237
2024-07-03 16:00:00,35.5,76.1,26.0,29.6,5000.0,55,1,0.917,26.0,1,0,3.097
2024-07-03 17:00:00,34.7,70.5,26.0,29.4,5000.0,55,1,0.917,26.0,1,0,2.989
2024-07-03 18:00:00,33.6,70.2,26.0,29.1,420.0,0,0,0.0,26.0,1,0,0.831
2024-07-03 19:00:00,34.1,76.2,26.0,29.0,420.0,0,0,0.0,26.0,1,0,0.855
2024-07-03 20:00:00,28.6,77.0,26.0,28.9,420.0,0,0,0.0,26.0,1,0,0.368
2024-07-03 21:00:00,30.7,79.0,26.0,28.9,420.0,0,0,0.0,26.0,1,0,0.604
2024-07-03 22:00:00,28.3,78.4,26.0,28.9,420.0,0,0,0.0,26.0,1,0,0.29
2024-07-03 23:00:00,28.3,82.1,26.0,29.0,420.0,0,0,0.0,26.0,1,0,0.301
2024-07-04 00:00:00,23.2,84.5,26.0,29.2,420.0,0,0,0.0,26.0,1,0,-0.251
2024-07-04 01:00:00,27.1,85.8,26.0,29.4,420.0,0,0,0.0,26.0,1,0,0.203
2024-07-04 02:00:00,27.8,89.0,26.0,29.7,420.0,0,0,0.0,26.0,1,0,0.246
2024-07-04 03:00:00,25.5,87.6,26.0,29.9,420.0,0,0,0.0,26.0,1,0,0.007
2024-07-04 04:00:00,25.1,86.9,26.0,30.1,420.0,0,0,0.0,26.0,1,0,-0.038
2024-07-04 05:00:00,25.2,88.5,26.0,30.4,420.0,0,0,0.0,26.0,1,0,-0.027
2024-07-04 06:00:00,25.1,82.4,26.0,30.4,420.0,0,0,0.0,26.0,1,0,-0.038
2024-07-04 07:00:00,25.8,90.1,26.0,30.7,420.0,0,0,0.0,26.0,1,0,0.042
2024-07-04 08:00:00,29.5,83.0,26.0,30.8,3309.0,26,1,0.433,26.0,1,0,1.649
2024-07-04 09:00:00,28.4,81.9,26.0,30.8,2731.0,26,1,0.433,26.0,1,0,1.364
2024-07-04 10:00:00,31.1,78.6,26.0,30.8,2513.0,23,1,0.383,26.0,1,0,1.687
2024-07-04 11:00:00,31.0,76.5,26.0,30.6,2557.0,23,1,0.383,26.0,1,0,1.687
2024-07-04 12:00:00,32.9,72.0,26.0,30.4,420.0,0,0,0.0,26.0,1,0,0.862
2024-07-04 13:00:00,35.4,68.5,26.0,30.0,420.0,0,0,0.0,26.0,1,0,1.134
2024-07-04 14:00:00,35.7,74.3,26.0,29.8,5000.0,45,1,0.75,26.0,1,0,2.957
2024-07-04 15:00:00,33.7,69.5,26.0,29.5,4504.0,45,1,0.75,26.0,1,0,3.117
2024-07-04 16:00:00,34.5,73.1,26.0,29.3,4381.0,43,1,0.717,26.0,1,0,3.225
2024-07-04 17:00:00,34.1,74.4,26.0,29.2,4406.0,43,1,0.717,26.0,1,0,2.495
2024-07-04 18:00:00,36.2,72.8,26.0,29.0,420.0,0,0,0.0,26.0,1,0,0.982
2024-07-04 19:00:00,29.9,78.5,26.0,29.0,420.0,0,0,0.0,26.0,1,0,0.523
2024-07-04 20:00:00,33.8,79.1,26.0,29.0,420.0,0,0,0.0,26.0,1,0,0.95
2024-07-04 21:00:00,28.4,79.6,26.0,29.0,420.0,0,0,0.0,26.0,1,0,0.36
2024-07-04 22:00:00,27.0,84.0,26.0,29.2,420.0,0,0,0.0,26.0,1,0,0.179
2024-07-04 23:00:00,25.5,83.1,26.0,29.3,420.0,0,0,0.0,26.0,1,0,0.007
2024-07-05 00:00:00,25.0,86.0,26.0,29.5,420.0,0,0,0.0,26.0,1,0,-0.05
2024-07-05 01:00:00,25.1,87.5,26.0,29.7,420.0,0,0,0.0,26.0,1,0,-0.038
2024-07-05 02:00:00,25.2,84.8,26.0,29.9,420.0,0,0,0.0,26.0,1,0,-0.027
2024-07-05 03:00:00,25.9,87.9,26.0,30.1,420.0,0,0,0.0,26.0,1,0,0.056
2024-07-05 04:00:00,23.7,94.5,26.0,30.5,420.0,0,0,0.0,26.0,1,0,-0.195
2024-07-05 05:00:00,26.4,86.5,26.0,30.7,420.0,0,0,0.0,26.0,1,0,0.118
2024-07-05 06:00:00,28.6,91.2,26.0,31.0,420.0,0,0,0.0,26.0,1,0,0.315
2024-07-05 07:00:00,27.3,85.0,26.0,31.2,420.0,0,0,0.0,26.0,1,0,0.197
2024-07-05 08:00:00,27.2,81.6,26.0,31.2,2753.0,21,1,0.35,26.0,1,0,1.161
2024-07-05 09:00:00,29.7,80.6,26.0,31.2,2287.0,21,1,0.35,26.0,1,0,1.465
2024-07-05 10:00:00,31.8,79.6,26.0,31.1,5000.0,54,1,0.9,26.0,1,0,2.673
2024-07-05 11:00:00,32.9,72.4,26.0,30.8,5000.0,54,1,0.9,26.0,1,0,2.945
2024-07-05 12:00:00,32.1,72.7,26.0,30.6,420.0,0,0,0.0,26.0,1,0,0.818
2024-07-05 13:00:00,33.9,76.2,26.0,30.5,420.0,0,0,0.0,26.0,1,0,1.091
2024-07-05 14:00:00,33.1,71.2,26.0,30.2,4531.0,37,1,0.617,26.0,1,0,2.445
2024-07-05 15:00:00,36.4,71.1,26.0,29.9,3709.0,37,1,0.617,26.0,1,0,2.52
2024-07-05 16:00:00,35.5,71.9,26.0,29.7,4651.0,44,1,0.733,26.0,1,0,2.787
2024-07-05 17:00:00,34.7,72.4,26.0,29.5,4463.0,44,1,0.733,26.0,1,0,2.711
2024-07-05 18:00:00,34.5,69.7,26.0,29.2,420.0,0,0,0.0,26.0,1,0,1.057
2024-07-05 19:00:00,32.0,76.9,26.0,29.1,420.0,0,0,0.0,26.0,1,0,0.758
2024-07-05 20:00:00,32.1,82.4,26.0,29.2,420.0,0,0,0.0,26.0,1,0,0.868
2024-07-05 21:00:00,29.4,84.4,26.0,29.4,420.0,0,0,0.0,26.0,1,0,0.427
2024-07-05 22:00:00,27.7,86.1,26.0,29.6,420.0,0,0,0.0,26.0,1,0,0.261
2024-07-05 23:00:00,28.7,81.3,26.0,29.6,420.0,0,0,0.0,26.0,1,0,0.434
2024-07-06 00:00:00,26.9,85.5,26.0,29.8,420.0,0,0,0.0,26.0,1,0,0.156
2024-07-06 01:00:00,26.6,86.3,26.0,30.0,420.0,0,0,0.0,26.0,1,0,0.131
2024-07-06 02:00:00,24.7,91.8,26.0,30.3,420.0,0,0,0.0,26.0,1,0,-0.083
2024-07-06 03:00:00,24.9,90.5,26.0,30.6,420.0,0,0,0.0,26.0,1,0,-0.061
2024-07-06 04:00:00,24.8,92.7,26.0,31.0,420.0,0,0,0.0,26.0,1,0,-0.072
2024-07-06 05:00:00,24.7,85.1,26.0,31.1,420.0,0,0,0.0,26.0,1,0,-0.083
2024-07-06 06:00:00,28.8,84.3,26.0,31.2,420.0,0,0,0.0,26.0,1,0,0.348
2024-07-06 07:00:00,29.9,86.7,26.0,31.4,420.0,0,0,0.0,26.0,1,0,0.506
2024-07-06 08:00:00,28.5,76.6,26.0,31.2,420.0,0,0,0.0,26.0,1,0,0.326
2024-07-06 09:00:00,30.0,80.3,26.0,31.2,420.0,0,0,0.0,26.0,1,0,0.562
2024-07-06 10:00:00,33.0,82.7,26.0,31.3,420.0,0,0,0.0,26.0,1,0,0.867
2024-07-06 11:00:00,31.5,78.4,26.0,31.2,420.0,0,0,0.0,26.0,1,0,0.638
2024-07-06 12:00:00,34.7,77.6,26.0,31.1,420.0,0,0,0.0,26.0,1,0,1.119
2024-07-06 13:00:00,35.1,67.2,26.0,30.6,420.0,0,0,0.0,26.0,1,0,1.109
2024-07-06 14:00:00,34.6,68.8,26.0,30.3,420.0,0,0,0.0,26.0,1,0,1.115
2024-07-06 15:00:00,34.7,74.9,26.0,30.1,420.0,0,0,0.0,26.0,1,0,0.949
2024-07-06 16:00:00,35.3,75.7,26.0,30.0,420.0,0,0,0.0,26.0,1,0,1.143
2024-07-06 17:00:00,34.8,69.2,26.0,29.7,420.0,0,0,0.0,26.0,1,0,1.116
2024-07-06 18:00:00,29.8,74.8,26.0,29.5,420.0,0,0,0.0,26.0,1,0,0.472
2024-07-06 19:00:00,32.2,73.1,26.0,29.3,420.0,0,0,0.0,26.0,1,0,0.681
2024-07-06 20:00:00,28.7,75.7,26.0,29.2,420.0,0,0,0.0,26.0,1,0,0.364
2024-07-06 21:00:00,29.7,82.0,26.0,29.3,420.0,0,0,0.0,26.0,1,0,0.524
2024-07-06 22:00:00,29.0,86.9,26.0,29.5,420.0,0,0,0.0,26.0,1,0,0.435
2024-07-06 23:00:00,25.9,86.6,26.0,29.7,420.0,0,0,0.0,26.0,1,0,0.05
2024-07-07 00:00:00,26.5,87.7,26.0,30.0,420.0,0,0,0.0,26.0,1,0,0.106
2024-07-07 01:00:00,25.0,90.1,26.0,30.3,420.0,0,0,0.0,26.0,1,0,-0.05
2024-07-07 02:00:00,25.6,85.7,26.0,30.5,420.0,0,0,0.0,26.0,1,0,0.017
2024-07-07 03:00:00,25.0,87.3,26.0,30.7,420.0,0,0,0.0,26.0,1,0,-0.05
2024-07-07 04:00:00,25.9,84.2,26.0,30.8,420.0,0,0,0.0,26.0,1,0,0.049
2024-07-07 05:00:00,25.6,88.1,26.0,31.0,420.0,0,0,0.0,26.0,1,0,0.018
2024-07-07 06:00:00,26.5,89.7,26.0,31.2,420.0,0,0,0.0,26.0,1,0,0.118
2024-07-07 07:00:00,28.7,84.0,26.0,31.3,420.0,0,0,0.0,26.0,1,0,0.346
2024-07-07 08:00:00,29.0,83.0,26.0,31.4,420.0,0,0,0.0,26.0,1,0,0.44
2024-07-07 09:00:00,30.6,74.5,26.0,31.2,420.0,0,0,0.0,26.0,1,0,0.592
2024-07-07 10:00:00,30.8,73.5,26.0,30.9,420.0,0,0,0.0,26.0,1,0,0.631
2024-07-07 11:00:00,34.4,75.8,26.0,30.8,420.0,0,0,0.0,26.0,1,0,0.874
2024-07-07 12:00:00,33.2,77.0,26.0,30.7,420.0,0,0,0.0,26.0,1,0,0.71
2024-07-07 13:00:00,35.0,69.7,26.0,30.3,420.0,0,0,0.0,26.0,1,0,0.957
2024-07-07 14:00:00,34.7,71.3,26.0,30.1,420.0,0,0,0.0,26.0,1,0,1.007
2024-07-07 15:00:00,32.4,69.9,26.0,29.8,420.0,0,0,0.0,26.0,1,0,0.824
2024-07-07 16:00:00,34.6,71.9,26.0,29.5,420.0,0,0,0.0,26.0,1,0,0.838
2024-07-07 17:00:00,32.1,76.5,26.0,29.4,420.0,0,0,0.0,26.0,1,0,0.844
2024-07-07 18:00:00,33.4,74.5,26.0,29.3,420.0,0,0,0.0,26.0,1,0,0.904
2024-07-07 19:00:00,33.1,73.6,26.0,29.1,420.0,0,0,0.0,26.0,1,0,0.951
2024-07-07 20:00:00,32.0,76.8,26.0,29.1,420.0,0,0,0.0,26.0,1,0,0.683
2024-07-07 21:00:00,28.7,81.7,26.0,29.1,420.0,0,0,0.0,26.0,1,0,0.38
2024-07-07 22:00:00,30.9,84.2,26.0,29.3,420.0,0,0,0.0,26.0,1,0,0.616
2024-07-07 23:00:00,28.9,82.4,26.0,29.4,420.0,0,0,0.0,26.0,1,0,0.413
2024-07-08 00:00:00,24.1,90.1,26.0,29.7,420.0,0,0,0.0,26.0,1,0,-0.15
2024-07-08 01:00:00,28.8,91.6,26.0,30.1,420.0,0,0,0.0,26.0,1,0,0.369
2024-07-08 02:00:00,24.7,84.3,26.0,30.2,420.0,0,0,0.0,26.0,1,0,-0.083
2024-07-08 03:00:00,23.4,82.9,26.0,30.3,420.0,0,0,0.0,26.0,1,0,-0.229
2024-07-08 04:00:00,25.0,92.5,26.0,30.6,420.0,0,0,0.0,26.0,1,0,-0.05
2024-07-08 05:00:00,25.5,87.8,26.0,30.8,420.0,0,0,0.0,26.0,1,0,0.007
2024-07-08 06:00:00,28.5,84.4,26.0,31.0,420.0,0,0,0.0,26.0,1,0,0.373
2024-07-08 07:00:00,30.6,90.0,26.0,31.2,420.0,0,0,0.0,26.0,1,0,0.551
2024-07-08 08:00:00,28.5,80.3,26.0,31.2,4309.0,35,1,0.583,26.0,1,0,1.788
2024-07-08 09:00:00,31.0,79.0,26.0,31.1,3531.0,35,1,0.583,26.0,1,0,1.729
2024-07-08 10:00:00,29.6,81.8,26.0,31.2,2576.0,25,1,0.417,26.0,1,0,1.658
2024-07-08 11:00:00,34.3,76.5,26.0,31.0,2767.0,25,1,0.417,26.0,1,0,2.425
2024-07-08 12:00:00,31.6,70.7,26.0,30.7,420.0,0,0,0.0,26.0,1,0,0.631
2024-07-08 13:00:00,34.5,71.6,26.0,30.4,420.0,0,0,0.0,26.0,1,0,1.018
2024-07-08 14:00:00,34.3,75.3,26.0,30.3,5000.0,50,1,0.833,26.0,1,0,3.08
2024-07-08 15:00:00,36.1,76.1,26.0,30.2,5000.0,50,1,0.833,26.0,1,0,3.085
2024-07-08 16:00:00,33.3,71.2,26.0,29.9,5000.0,60,1,1.0,26.0,1,0,3.114
2024-07-08 17:00:00,35.5,74.4,26.0,29.7,5000.0,60,1,1.0,26.0,1,0,3.214
2024-07-08 18:00:00,35.8,75.6,26.0,29.6,420.0,0,0,0.0,26.0,1,0,1.121
2024-07-08 19:00:00,35.3,77.6,26.0,29.5,420.0,0,0,0.0,26.0,1,0,1.097
2024-07-08 20:00:00,32.9,77.0,26.0,29.5,420.0,0,0,0.0,26.0,1,0,0.838
2024-07-08 21:00:00,30.0,82.7,26.0,29.6,420.0,0,0,0.0,26.0,1,0,0.462
2024-07-08 22:00:00,31.1,84.3,26.0,29.7,420.0,0,0,0.0,26.0,1,0,0.631
2024-07-08 23:00:00,27.4,88.1,26.0,29.9,420.0,0,0,0.0,26.0,1,0,0.247
2024-07-09 00:00:00,23.2,81.4,26.0,30.0,420.0,0,0,0.0,26.0,1,0,-0.251
2024-07-09 01:00:00,26.7,87.0,26.0,30.2,420.0,0,0,0.0,26.0,1,0,0.136
2024-07-09 02:00:00,26.1,87.9,26.0,30.4,420.0,0,0,0.0,26.0,1,0,0.066
2024-07-09 03:00:00,25.9,85.6,26.0,30.6,420.0,0,0,0.0,26.0,1,0,0.051
2024-07-09 04:00:00,26.0,90.7,26.0,30.9,420.0,0,0,0.0,26.0,1,0,0.059
2024-07-09 05:00:00,27.5,93.0,26.0,31.3,420.0,0,0,0.0,26.0,1,0,0.206
2024-07-09 06:00:00,26.8,86.5,26.0,31.4,420.0,0,0,0.0,26.0,1,0,0.154
2024-07-09 07:00:00,25.2,82.4,26.0,31.4,420.0,0,0,0.0,26.0,1,0,-0.024
2024-07-09 08:00:00,28.4,85.2,26.0,31.6,3087.0,24,1,0.4,26.0,1,0,1.32
2024-07-09 09:00:00,29.1,82.4,26.0,31.6,2553.0,24,1,0.4,26.0,1,0,1.406
2024-07-09 10:00:00,31.3,77.4,26.0,31.5,4771.0,43,1,0.717,26.0,1,0,2.351
2024-07-09 11:00:00,32.9,74.8,26.0,31.3,4328.0,43,1,0.717,26.0,1,0,2.196
2024-07-09 12:00:00,32.9,69.2,26.0,30.9,420.0,0,0,0.0,26.0,1,0,0.729
2024-07-09 13:00:00,34.0,71.6,26.0,30.6,420.0,0,0,0.0,26.0,1,0,1.022
2024-07-09 14:00:00,34.1,73.5,26.0,30.4,5000.0,52,1,0.867,26.0,1,0,2.467
2024-07-09 15:00:00,36.0,72.7,26.0,30.2,5000.0,52,1,0.867,26.0,1,0,2.884
2024-07-09 16:00:00,36.3,74.0,26.0,30.0,2504.0,27,1,0.45,26.0,1,0,2.036
2024-07-09 17:00:00,33.9,71.7,26.0,29.7,3003.0,27,1,0.45,26.0,1,0,2.025
2024-07-09 18:00:00,34.0,76.1,26.0,29.6,420.0,0,0,0.0,26.0,1,0,0.992
2024-07-09 19:00:00,34.6,79.6,26.0,29.6,420.0,0,0,0.0,26.0,1,0,1.035
2024-07-09 20:00:00,30.5,77.6,26.0,29.6,420.0,0,0,0.0,26.0,1,0,0.675
2024-07-09 21:00:00,31.0,83.2,26.0,29.7,420.0,0,0,0.0,26.0,1,0,0.677
2024-07-09 22:00:00,30.1,81.9,26.0,29.7,420.0,0,0,0.0,26.0,1,0,0.483
2024-07-09 23:00:00,25.6,81.0,26.0,29.8,420.0,0,0,0.0,26.0,1,0,0.016
2024-07-10 00:00:00,26.9,86.7,26.0,30.0,420.0,0,0,0.0,26.0,1,0,0.199
2024-07-10 01:00:00,24.0,87.1,26.0,30.2,420.0,0,0,0.0,26.0,1,0,-0.162
2024-07-10 02:00:00,26.1,84.3,26.0,30.3,420.0,0,0,0.0,26.0,1,0,0.08
2024-07-10 03:00:00,26.7,86.9,26.0,30.5,420.0,0,0,0.0,26.0,1,0,0.148
2024-07-10 04:00:00,27.1,86.1,26.0,30.7,420.0,0,0,0.0,26.0,1,0,0.187
2024-07-10 05:00:00,24.1,85.6,26.0,30.8,420.0,0,0,0.0,26.0,1,0,-0.15
2024-07-10 06:00:00,26.3,84.5,26.0,30.9,420.0,0,0,0.0,26.0,1,0,0.098
2024-07-10 07:00:00,27.2,85.0,26.0,31.1,420.0,0,0,0.0,26.0,1,0,0.176
2024-07-10 08:00:00,28.4,81.9,26.0,31.1,5000.0,57,1,0.95,26.0,1,0,2.461
2024-07-10 09:00:00,27.4,81.2,26.0,31.1,5000.0,57,1,0.95,26.0,1,0,2.334
2024-07-10 10:00:00,31.2,82.8,26.0,31.1,4726.0,47,1,0.783,26.0,1,0,2.26
2024-07-10 11:00:00,31.1,70.6,26.0,30.8,4781.0,47,1,0.783,26.0,1,0,2.321
2024-07-10 12:00:00,34.5,75.4,26.0,30.7,420.0,0,0,0.0,26.0,1,0,1.15
2024-07-10 13:00:00,32.8,68.5,26.0,30.3,420.0,0,0,0.0,26.0,1,0,0.827
2024-07-10 14:00:00,37.1,76.5,26.0,30.2,3309.0,26,1,0.433,26.0,1,0,2.845
2024-07-10 15:00:00,31.3,70.6,26.0,29.9,2731.0,26,1,0.433,26.0,1,0,1.54
2024-07-10 16:00:00,37.3,70.8,26.0,29.6,3624.0,33,1,0.55,26.0,1,0,2.566
2024-07-10 17:00:00,33.6,72.2,26.0,29.4,3446.0,33,1,0.55,26.0,1,0,1.981
2024-07-10 18:00:00,31.9,69.2,26.0,29.1,420.0,0,0,0.0,26.0,1,0,0.654
2024-07-10 19:00:00,34.1,70.5,26.0,28.8,420.0,0,0,0.0,26.0,1,0,0.906
2024-07-10 20:00:00,31.7,80.6,26.0,28.9,420.0,0,0,0.0,26.0,1,0,0.719
2024-07-10 21:00:00,27.8,77.2,26.0,28.8,420.0,0,0,0.0,26.0,1,0,0.27
2024-07-10 22:00:00,30.5,83.7,26.0,29.0,420.0,0,0,0.0,26.0,1,0,0.536
2024-07-10 23:00:00,26.6,87.6,26.0,29.2,420.0,0,0,0.0,26.0,1,0,0.107
2024-07-11 00:00:00,28.3,86.5,26.0,29.5,420.0,0,0,0.0,26.0,1,0,0.358
2024-07-11 01:00:00,24.3,85.7,26.0,29.7,420.0,0,0,0.0,26.0,1,0,-0.128
2024-07-11 02:00:00,25.6,87.2,26.0,29.9,420.0,0,0,0.0,26.0,1,0,0.017
2024-07-11 03:00:00,26.4,83.4,26.0,30.0,420.0,0,0,0.0,26.0,1,0,0.098
2024-07-11 04:00:00,22.9,88.3,26.0,30.2,420.0,0,0,0.0,26.0,1,0,-0.285
2024-07-11 05:00:00,24.9,85.0,26.0,30.4,420.0,0,0,0.0,26.0,1,0,-0.061
2024-07-11 06:00:00,23.8,85.7,26.0,30.5,420.0,0,0,0.0,26.0,1,0,-0.184
2024-07-11 07:00:00,27.4,86.0,26.0,30.7,420.0,0,0,0.0,26.0,1,0,0.227
2024-07-11 08:00:00,28.8,81.7,26.0,30.7,5000.0,53,1,0.883,26.0,1,0,2.389
2024-07-11 09:00:00,31.8,76.1,26.0,30.6,5000.0,53,1,0.883,26.0,1,0,2.62
2024-07-11 10:00:00,32.1,72.9,26.0,30.4,4060.0,41,1,0.683,26.0,1,0,2.377
2024-07-11 11:00:00,31.2,72.4,26.0,30.1,4248.0,41,1,0.683,26.0,1,0,2.042
2024-07-11 12:00:00,34.7,74.1,26.0,29.9,420.0,0,0,0.0,26.0,1,0,1.112
2024-07-11 13:00:00,34.3,69.8,26.0,29.6,420.0,0,0,0.0,26.0,1,0,0.923
2024-07-11 14:00:00,34.4,70.0,26.0,29.3,5000.0,58,1,0.967,26.0,1,0,2.986
2024-07-11 15:00:00,35.6,69.0,26.0,29.0,5000.0,58,1,0.967,26.0,1,0,3.441
2024-07-11 16:00:00,36.8,67.2,26.0,28.7,5000.0,53,1,0.883,26.0,1,0,3.56
2024-07-11 17:00:00,33.1,78.1,26.0,28.7,5000.0,53,1,0.883,26.0,1,0,3.189
2024-07-11 18:00:00,32.9,70.4,26.0,28.4,420.0,0,0,0.0,26.0,1,0,0.906
2024-07-11 19:00:00,32.8,74.6,26.0,28.3,420.0,0,0,0.0,26.0,1,0,0.803
2024-07-11 20:00:00,30.0,74.6,26.0,28.2,420.0,0,0,0.0,26.0,1,0,0.448
2024-07-11 21:00:00,34.2,79.2,26.0,28.2,420.0,0,0,0.0,26.0,1,0,1.092
2024-07-11 22:00:00,25.8,86.6,26.0,28.5,420.0,0,0,0.0,26.0,1,0,0.044
2024-07-11 23:00:00,28.4,81.7,26.0,28.6,420.0,0,0,0.0,26.0,1,0,0.314
2024-07-12 00:00:00,25.1,87.7,26.0,28.8,420.0,0,0,0.0,26.0,1,0,-0.038
2024-07-12 01:00:00,25.3,81.2,26.0,28.9,420.0,0,0,0.0,26.0,1,0,-0.016
2024-07-12 02:00:00,27.9,86.4,26.0,29.1,420.0,0,0,0.0,26.0,1,0,0.296
2024-07-12 03:00:00,27.2,91.8,26.0,29.5,420.0,0,0,0.0,26.0,1,0,0.192
2024-07-12 04:00:00,23.7,90.8,26.0,29.9,420.0,0,0,0.0,26.0,1,0,-0.195
2024-07-12 05:00:00,24.7,81.3,26.0,29.9,420.0,0,0,0.0,26.0,1,0,-0.083
2024-07-12 06:00:00,25.8,86.8,26.0,30.1,420.0,0,0,0.0,26.0,1,0,0.045
2024-07-12 07:00:00,26.8,83.1,26.0,30.2,420.0,0,0,0.0,26.0,1,0,0.149
2024-07-12 08:00:00,30.4,82.4,26.0,30.3,5000.0,47,1,0.783,26.0,1,0,2.713
2024-07-12 09:00:00,28.7,82.1,26.0,30.3,4726.0,47,1,0.783,26.0,1,0,2.29
2024-07-12 10:00:00,31.6,70.4,26.0,30.0,4225.0,42,1,0.7,26.0,1,0,2.659
2024-07-12 11:00:00,33.1,77.2,26.0,29.9,4326.0,42,1,0.7,26.0,1,0,2.401
2024-07-12 12:00:00,33.6,77.0,26.0,29.8,420.0,0,0,0.0,26.0,1,0,0.955
2024-07-12 13:00:00,33.3,74.1,26.0,29.7,420.0,0,0,0.0,26.0,1,0,0.822
2024-07-12 14:00:00,32.5,73.5,26.0,29.5,5000.0,55,1,0.917,26.0,1,0,3.023
2024-07-12 15:00:00,37.9,69.0,26.0,29.2,5000.0,55,1,0.917,26.0,1,0,3.682
2024-07-12 16:00:00,33.7,70.1,26.0,28.9,5000.0,54,1,0.9,26.0,1,0,3.493
2024-07-12 17:00:00,34.5,69.9,26.0,28.6,5000.0,54,1,0.9,26.0,1,0,3.134
2024-07-12 18:00:00,34.2,76.9,26.0,28.6,420.0,0,0,0.0,26.0,1,0,1.038
2024-07-12 19:00:00,33.3,70.7,26.0,28.3,420.0,0,0,0.0,26.0,1,0,0.847
2024-07-12 20:00:00,32.8,80.7,26.0,28.4,420.0,0,0,0.0,26.0,1,0,0.86
2024-07-12 21:00:00,31.2,81.1,26.0,28.5,420.0,0,0,0.0,26.0,1,0,0.625
2024-07-12 22:00:00,29.0,85.2,26.0,28.7,420.0,0,0,0.0,26.0,1,0,0.402
2024-07-12 23:00:00,30.4,81.1,26.0,28.8,420.0,0,0,0.0,26.0,1,0,0.563
2024-07-13 00:00:00,28.1,85.4,26.0,29.0,420.0,0,0,0.0,26.0,1,0,0.289
2024-07-13 01:00:00,25.5,82.3,26.0,29.1,420.0,0,0,0.0,26.0,1,0,0.007
2024-07-13 02:00:00,24.7,84.7,26.0,29.2,420.0,0,0,0.0,26.0,1,0,-0.083
2024-07-13 03:00:00,24.3,84.7,26.0,29.4,420.0,0,0,0.0,26.0,1,0,-0.128
2024-07-13 04:00:00,24.5,86.5,26.0,29.6,420.0,0,0,0.0,26.0,1,0,-0.106
2024-07-13 05:00:00,25.8,82.1,26.0,29.7,420.0,0,0,0.0,26.0,1,0,0.039
2024-07-13 06:00:00,24.3,86.7,26.0,29.9,420.0,0,0,0.0,26.0,1,0,-0.128
2024-07-13 07:00:00,26.3,87.2,26.0,30.1,420.0,0,0,0.0,26.0,1,0,0.096
2024-07-13 08:00:00,29.0,83.9,26.0,30.2,420.0,0,0,0.0,26.0,1,0,0.439
2024-07-13 09:00:00,32.1,79.1,26.0,30.2,420.0,0,0,0.0,26.0,1,0,0.764
2024-07-13 10:00:00,30.4,80.5,26.0,30.2,420.0,0,0,0.0,26.0,1,0,0.581
2024-07-13 11:00:00,33.3,75.4,26.0,30.1,420.0,0,0,0.0,26.0,1,0,0.787
2024-07-13 12:00:00,35.6,73.7,26.0,29.9,420.0,0,0,0.0,26.0,1,0,1.188
2024-07-13 13:00:00,34.4,73.1,26.0,29.7,420.0,0,0,0.0,26.0,1,0,1.058
2024-07-13 14:00:00,33.4,72.5,26.0,29.5,420.0,0,0,0.0,26.0,1,0,0.873
2024-07-13 15:00:00,37.1,73.3,26.0,29.3,420.0,0,0,0.0,26.0,1,0,1.533
2024-07-13 16:00:00,34.9,71.8,26.0,29.0,420.0,0,0,0.0,26.0,1,0,0.87
2024-07-13 17:00:00,34.8,75.3,26.0,28.9,420.0,0,0,0.0,26.0,1,0,1.117
2024-07-13 18:00:00,34.4,73.3,26.0,28.8,420.0,0,0,0.0,26.0,1,0,1.061
2024-07-13 19:00:00,33.0,77.4,26.0,28.7,420.0,0,0,0.0,26.0,1,0,0.883
2024-07-13 20:00:00,29.8,78.4,26.0,28.7,420.0,0,0,0.0,26.0,1,0,0.495
2024-07-13 21:00:00,26.8,81.4,26.0,28.8,420.0,0,0,0.0,26.0,1,0,0.159
2024-07-13 22:00:00,29.7,84.3,26.0,29.0,420.0,0,0,0.0,26.0,1,0,0.51
2024-07-13 23:00:00,26.9,84.9,26.0,29.1,420.0,0,0,0.0,26.0,1,0,0.154
2024-07-14 00:00:00,28.6,89.9,26.0,29.5,420.0,0,0,0.0,26.0,1,0,0.362
2024-07-14 01:00:00,25.6,87.3,26.0,29.7,420.0,0,0,0.0,26.0,1,0,0.017
2024-07-14 02:00:00,26.8,83.2,26.0,29.8,420.0,0,0,0.0,26.0,1,0,0.139
2024-07-14 03:00:00,24.5,92.0,26.0,30.2,420.0,0,0,0.0,26.0,1,0,-0.106
2024-07-14 04:00:00,26.6,88.8,26.0,30.4,420.0,0,0,0.0,26.0,1,0,0.137
2024-07-14 05:00:00,23.4,86.8,26.0,30.6,420.0,0,0,0.0,26.0,1,0,-0.229
2024-07-14 06:00:00,25.6,86.6,26.0,30.8,420.0,0,0,0.0,26.0,1,0,0.017
2024-07-14 07:00:00,26.3,80.9,26.0,30.8,420.0,0,0,0.0,26.0,1,0,0.087
2024-07-14 08:00:00,25.6,85.7,26.0,30.9,420.0,0,0,0.0,26.0,1,0,0.022
2024-07-14 09:00:00,29.4,80.5,26.0,30.9,420.0,0,0,0.0,26.0,1,0,0.423
2024-07-14 10:00:00,31.3,74.7,26.0,30.7,420.0,0,0,0.0,26.0,1,0,0.721
2024-07-14 11:00:00,30.6,73.0,26.0,30.5,420.0,0,0,0.0,26.0,1,0,0.596
2024-07-14 12:00:00,32.5,75.4,26.0,30.4,420.0,0,0,0.0,26.0,1,0,0.891
2024-07-14 13:00:00,33.1,78.3,26.0,30.3,420.0,0,0,0.0,26.0,1,0,0.823
2024-07-14 14:00:00,36.4,74.7,26.0,30.1,420.0,0,0,0.0,26.0,1,0,1.324
2024-07-14 15:00:00,34.8,76.5,26.0,30.0,420.0,0,0,0.0,26.0,1,0,1.296
2024-07-14 16:00:00,34.5,72.2,26.0,29.8,420.0,0,0,0.0,26.0,1,0,1.05
2024-07-14 17:00:00,34.6,75.2,26.0,29.6,420.0,0,0,0.0,26.0,1,0,1.1
2024-07-14 18:00:00,34.5,72.9,26.0,29.4,420.0,0,0,0.0,26.0,1,0,1.071
2024-07-14 19:00:00,31.7,77.9,26.0,29.4,420.0,0,0,0.0,26.0,1,0,0.621
2024-07-14 20:00:00,32.4,76.7,26.0,29.3,420.0,0,0,0.0,26.0,1,0,0.816
2024-07-14 21:00:00,27.6,79.4,26.0,29.3,420.0,0,0,0.0,26.0,1,0,0.248
2024-07-14 22:00:00,29.6,87.5,26.0,29.6,420.0,0,0,0.0,26.0,1,0,0.456
2024-07-14 23:00:00,25.7,82.7,26.0,29.7,420.0,0,0,0.0,26.0,1,0,0.027
2024-07-15 00:00:00,25.9,89.7,26.0,30.0,420.0,0,0,0.0,26.0,1,0,0.054
2024-07-15 01:00:00,25.6,84.2,26.0,30.1,420.0,0,0,0.0,26.0,1,0,0.016
2024-07-15 02:00:00,26.0,86.5,26.0,30.3,420.0,0,0,0.0,26.0,1,0,0.073
2024-07-15 03:00:00,23.2,85.3,26.0,30.4,420.0,0,0,0.0,26.0,1,0,-0.251
2024-07-15 04:00:00,27.8,88.9,26.0,30.7,420.0,0,0,0.0,26.0,1,0,0.267
2024-07-15 05:00:00,25.8,86.2,26.0,30.9,420.0,0,0,0.0,26.0,1,0,0.036
2024-07-15 06:00:00,26.9,86.5,26.0,31.0,420.0,0,0,0.0,26.0,1,0,0.157
2024-07-15 07:00:00,27.9,84.3,26.0,31.1,420.0,0,0,0.0,26.0,1,0,0.272
2024-07-15 08:00:00,30.0,82.1,26.0,31.1,5000.0,44,1,0.733,26.0,1,0,2.629
2024-07-15 09:00:00,28.5,78.2,26.0,31.1,4393.0,44,1,0.733,26.0,1,0,1.894
2024-07-15 10:00:00,28.3,84.0,26.0,31.1,2625.0,27,1,0.45,26.0,1,0,1.472
2024-07-15 11:00:00,33.8,73.5,26.0,30.9,2979.0,27,1,0.45,26.0,1,0,2.013
2024-07-15 12:00:00,33.1,72.4,26.0,30.7,420.0,0,0,0.0,26.0,1,0,0.904
2024-07-15 13:00:00,36.6,68.8,26.0,30.3,420.0,0,0,0.0,26.0,1,0,1.208
2024-07-15 14:00:00,35.0,71.9,26.0,30.1,5000.0,56,1,0.933,26.0,1,0,2.857
2024-07-15 15:00:00,36.2,71.7,26.0,29.8,5000.0,56,1,0.933,26.0,1,0,3.225
2024-07-15 16:00:00,32.2,71.5,26.0,29.6,4171.0,42,1,0.7,26.0,1,0,2.331
2024-07-15 17:00:00,32.9,73.3,26.0,29.4,4337.0,42,1,0.7,26.0,1,0,2.347
2024-07-15 18:00:00,35.7,69.1,26.0,29.1,420.0,0,0,0.0,26.0,1,0,1.1
2024-07-15 19:00:00,31.3,74.3,26.0,28.9,420.0,0,0,0.0,26.0,1,0,0.719
2024-07-15 20:00:00,30.7,80.1,26.0,29.0,420.0,0,0,0.0,26.0,1,0,0.574
2024-07-15 21:00:00,29.7,81.2,26.0,29.0,420.0,0,0,0.0,26.0,1,0,0.434
2024-07-15 22:00:00,27.8,82.8,26.0,29.1,420.0,0,0,0.0,26.0,1,0,0.254
2024-07-15 23:00:00,28.7,81.8,26.0,29.2,420.0,0,0,0.0,26.0,1,0,0.367
2024-07-16 00:00:00,27.6,85.8,26.0,29.4,420.0,0,0,0.0,26.0,1,0,0.216
2024-07-16 01:00:00,27.2,86.3,26.0,29.6,420.0,0,0,0.0,26.0,1,0,0.223
2024-07-16 02:00:00,25.7,87.6,26.0,29.9,420.0,0,0,0.0,26.0,1,0,0.031
2024-07-16 03:00:00,24.9,88.8,26.0,30.1,420.0,0,0,0.0,26.0,1,0,-0.061
2024-07-16 04:00:00,26.0,84.0,26.0,30.2,420.0,0,0,0.0,26.0,1,0,0.07
2024-07-16 05:00:00,27.8,81.3,26.0,30.3,420.0,0,0,0.0,26.0,1,0,0.272
2024-07-16 06:00:00,25.4,85.4,26.0,30.4,420.0,0,0,0.0,26.0,1,0,-0.005
2024-07-16 07:00:00,28.1,88.7,26.0,30.7,420.0,0,0,0.0,26.0,1,0,0.25
2024-07-16 08:00:00,25.9,80.5,26.0,30.7,2642.0,20,1,0.333,26.0,1,0,1.117
2024-07-16 09:00:00,26.8,80.1,26.0,30.7,2198.0,20,1,0.333,26.0,1,0,1.022
2024-07-16 10:00:00,31.7,82.7,26.0,30.7,5000.0,49,1,0.817,26.0,1,0,2.395
2024-07-16 11:00:00,32.7,79.1,26.0,30.7,4948.0,49,1,0.817,26.0,1,0,2.701
2024-07-16 12:00:00,34.4,73.0,26.0,30.4,420.0,0,0,0.0,26.0,1,0,1.127
2024-07-16 13:00:00,32.2,73.9,26.0,30.2,420.0,0,0,0.0,26.0,1,0,0.833
2024-07-16 14:00:00,32.6,76.2,26.0,30.1,4976.0,41,1,0.683,26.0,1,0,2.58
2024-07-16 15:00:00,34.8,75.6,26.0,30.0,4064.0,41,1,0.683,26.0,1,0,2.584
2024-07-16 16:00:00,34.1,73.1,26.0,29.8,4802.0,46,1,0.767,26.0,1,0,2.654
2024-07-16 17:00:00,34.6,72.9,26.0,29.6,4655.0,46,1,0.767,26.0,1,0,2.856
2024-07-16 18:00:00,32.9,75.5,26.0,29.4,420.0,0,0,0.0,26.0,1,0,0.827
2024-07-16 19:00:00,31.1,72.4,26.0,29.2,420.0,0,0,0.0,26.0,1,0,0.679
2024-07-16 20:00:00,33.2,80.1,26.0,29.3,420.0,0,0,0.0,26.0,1,0,0.927
2024-07-16 21:00:00,30.1,85.0,26.0,29.4,420.0,0,0,0.0,26.0,1,0,0.547
2024-07-16 22:00:00,28.3,86.0,26.0,29.6,420.0,0,0,0.0,26.0,1,0,0.255
2024-07-16 23:00:00,27.8,80.9,26.0,29.7,420.0,0,0,0.0,26.0,1,0,0.267
2024-07-17 00:00:00,29.2,88.6,26.0,29.9,420.0,0,0,0.0,26.0,1,0,0.417
2024-07-17 01:00:00,25.5,89.1,26.0,30.2,420.0,0,0,0.0,26.0,1,0,0.007
2024-07-17 02:00:00,24.6,90.2,26.0,30.5,420.0,0,0,0.0,26.0,1,0,-0.094
2024-07-17 03:00:00,21.4,84.9,26.0,30.6,420.0,0,0,0.0,26.0,1,0,-0.453
2024-07-17 04:00:00,26.6,87.0,26.0,30.8,420.0,0,0,0.0,26.0,1,0,0.122
2024-07-17 05:00:00,26.0,82.9,26.0,30.9,420.0,0,0,0.0,26.0,1,0,0.056
2024-07-17 06:00:00,29.2,89.2,26.0,31.1,420.0,0,0,0.0,26.0,1,0,0.437
2024-07-17 07:00:00,27.2,82.8,26.0,31.2,420.0,0,0,0.0,26.0,1,0,0.194
2024-07-17 08:00:00,30.3,88.0,26.0,31.4,3753.0,30,1,0.5,26.0,1,0,1.883
2024-07-17 09:00:00,31.4,86.5,26.0,31.6,3087.0,30,1,0.5,26.0,1,0,1.822
2024-07-17 10:00:00,29.9,75.5,26.0,31.4,2109.0,20,1,0.333,26.0,1,0,1.611
2024-07-17 11:00:00,30.7,77.3,26.0,31.2,2304.0,20,1,0.333,26.0,1,0,1.661
2024-07-17 12:00:00,33.8,73.9,26.0,31.0,420.0,0,0,0.0,26.0,1,0,0.97
2024-07-17 13:00:00,35.5,76.8,26.0,30.9,420.0,0,0,0.0,26.0,1,0,1.118
2024-07-17 14:00:00,32.5,70.5,26.0,30.6,3642.0,29,1,0.483,26.0,1,0,2.157
2024-07-17 15:00:00,36.2,70.6,26.0,30.3,2998.0,29,1,0.483,26.0,1,0,2.508
2024-07-17 16:00:00,33.6,75.3,26.0,30.1,5000.0,53,1,0.883,26.0,1,0,2.943
2024-07-17 17:00:00,32.4,72.2,26.0,29.9,5000.0,53,1,0.883,26.0,1,0,2.981
2024-07-17 18:00:00,34.0,72.6,26.0,29.7,420.0,0,0,0.0,26.0,1,0,1.068
2024-07-17 19:00:00,33.7,74.3,26.0,29.5,420.0,0,0,0.0,26.0,1,0,0.833
2024-07-17 20:00:00,33.4,77.6,26.0,29.5,420.0,0,0,0.0,26.0,1,0,0.817
2024-07-17 21:00:00,31.0,82.2,26.0,29.5,420.0,0,0,0.0,26.0,1,0,0.584
2024-07-17 22:00:00,27.8,75.9,26.0,29.4,420.0,0,0,0.0,26.0,1,0,0.232
2024-07-17 23:00:00,28.0,84.2,26.0,29.6,420.0,0,0,0.0,26.0,1,0,0.285
2024-07-18 00:00:00,27.3,85.0,26.0,29.7,420.0,0,0,0.0,26.0,1,0,0.218
2024-07-18 01:00:00,25.0,93.0,26.0,30.1,420.0,0,0,0.0,26.0,1,0,-0.05
2024-07-18 02:00:00,23.0,89.9,26.0,30.4,420.0,0,0,0.0,26.0,1,0,-0.274
2024-07-18 03:00:00,24.1,87.0,26.0,30.6,420.0,0,0,0.0,26.0,1,0,-0.15
2024-07-18 04:00:00,24.7,85.3,26.0,30.8,420.0,0,0,0.0,26.0,1,0,-0.083
2024-07-18 05:00:00,26.5,91.1,26.0,31.1,420.0,0,0,0.0,26.0,1,0,0.118
2024-07-18 06:00:00,27.2,86.0,26.0,31.2,420.0,0,0,0.0,26.0,1,0,0.189
2024-07-18 07:00:00,26.0,85.6,26.0,31.4,420.0,0,0,0.0,26.0,1,0,0.071
2024-07-18 08:00:00,31.9,80.9,26.0,31.3,3531.0,28,1,0.467,26.0,1,0,1.938
2024-07-18 09:00:00,29.4,78.3,26.0,31.3,2909.0,28,1,0.467,26.0,1,0,1.684
2024-07-18 10:00:00,30.6,69.7,26.0,30.9,2144.0,20,1,0.333,26.0,1,0,1.666
2024-07-18 11:00:00,33.1,73.5,26.0,30.7,2297.0,20,1,0.333,26.0,1,0,1.789
2024-07-18 12:00:00,31.1,76.6,26.0,30.6,420.0,0,0,0.0,26.0,1,0,0.751
2024-07-18 13:00:00,32.7,72.1,26.0,30.3,420.0,0,0,0.0,26.0,1,0,0.795
2024-07-18 14:00:00,37.0,68.0,26.0,29.9,4531.0,37,1,0.617,26.0,1,0,3.217
2024-07-18 15:00:00,32.7,72.8,26.0,29.7,3709.0,37,1,0.617,26.0,1,0,2.111
2024-07-18 16:00:00,36.6,67.5,26.0,29.4,2873.0,28,1,0.467,26.0,1,0,2.544
2024-07-18 17:00:00,34.9,74.8,26.0,29.2,3040.0,28,1,0.467,26.0,1,0,2.134
2024-07-18 18:00:00,30.4,76.7,26.0,29.1,420.0,0,0,0.0,26.0,1,0,0.605
2024-07-18 19:00:00,33.8,75.1,26.0,29.0,420.0,0,0,0.0,26.0,1,0,0.901
2024-07-18 20:00:00,33.2,81.3,26.0,29.1,420.0,0,0,0.0,26.0,1,0,0.889
2024-07-18 21:00:00,30.2,78.6,26.0,29.1,420.0,0,0,0.0,26.0,1,0,0.505
2024-07-18 22:00:00,27.2,82.0,26.0,29.2,420.0,0,0,0.0,26.0,1,0,0.212
2024-07-18 23:00:00,28.4,83.0,26.0,29.3,420.0,0,0,0.0,26.0,1,0,0.314
2024-07-19 00:00:00,23.2,89.5,26.0,29.6,420.0,0,0,0.0,26.0,1,0,-0.251
2024-07-19 01:00:00,26.0,85.8,26.0,29.8,420.0,0,0,0.0,26.0,1,0,0.071
2024-07-19 02:00:00,26.5,92.3,26.0,30.1,420.0,0,0,0.0,26.0,1,0,0.109
2024-07-19 03:00:00,20.8,89.3,26.0,30.4,420.0,0,0,0.0,26.0,1,0,-0.52
2024-07-19 04:00:00,23.0,89.2,26.0,30.7,420.0,0,0,0.0,26.0,1,0,-0.274
2024-07-19 05:00:00,25.9,88.8,26.0,30.9,420.0,0,0,0.0,26.0,1,0,0.046
2024-07-19 06:00:00,25.7,80.0,26.0,30.9,420.0,0,0,0.0,26.0,1,0,0.031
2024-07-19 07:00:00,26.8,85.2,26.0,31.0,420.0,0,0,0.0,26.0,1,0,0.148
2024-07-19 08:00:00,30.2,78.6,26.0,31.0,2642.0,20,1,0.333,26.0,1,0,1.475
2024-07-19 09:00:00,31.5,78.1,26.0,30.9,2198.0,20,1,0.333,26.0,1,0,1.582
2024-07-19 10:00:00,31.8,76.4,26.0,30.7,3731.0,33,1,0.55,26.0,1,0,1.849
2024-07-19 11:00:00,32.8,78.7,26.0,30.7,3424.0,33,1,0.55,26.0,1,0,2.166
2024-07-19 12:00:00,31.7,72.3,26.0,30.4,420.0,0,0,0.0,26.0,1,0,0.784
2024-07-19 13:00:00,34.6,80.3,26.0,30.4,420.0,0,0,0.0,26.0,1,0,1.12
2024-07-19 14:00:00,33.5,78.4,26.0,30.4,5000.0,54,1,0.9,26.0,1,0,2.967
2024-07-19 15:00:00,38.0,71.7,26.0,30.1,5000.0,54,1,0.9,26.0,1,0,3.719
2024-07-19 16:00:00,34.4,70.2,26.0,29.8,4615.0,46,1,0.767,26.0,1,0,2.525
2024-07-19 17:00:00,34.2,68.9,26.0,29.5,4692.0,46,1,0.767,26.0,1,0,2.663
2024-07-19 18:00:00,33.4,78.8,26.0,29.5,420.0,0,0,0.0,26.0,1,0,0.92
2024-07-19 19:00:00,31.6,75.3,26.0,29.3,420.0,0,0,0.0,26.0,1,0,0.683
2024-07-19 20:00:00,28.7,79.1,26.0,29.3,420.0,0,0,0.0,26.0,1,0,0.358
2024-07-19 21:00:00,30.4,80.2,26.0,29.4,420.0,0,0,0.0,26.0,1,0,0.502
2024-07-19 22:00:00,28.4,81.2,26.0,29.4,420.0,0,0,0.0,26.0,1,0,0.276
2024-07-19 23:00:00,28.3,83.9,26.0,29.5,420.0,0,0,0.0,26.0,1,0,0.341
2024-07-20 00:00:00,26.9,86.3,26.0,29.7,420.0,0,0,0.0,26.0,1,0,0.167
2024-07-20 01:00:00,27.4,89.0,26.0,30.0,420.0,0,0,0.0,26.0,1,0,0.235
2024-07-20 02:00:00,25.5,92.3,26.0,30.4,420.0,0,0,0.0,26.0,1,0,0.006
2024-07-20 03:00:00,25.6,91.9,26.0,30.7,420.0,0,0,0.0,26.0,1,0,0.017
2024-07-20 04:00:00,26.1,82.2,26.0,30.8,420.0,0,0,0.0,26.0,1,0,0.074
2024-07-20 05:00:00,27.6,87.3,26.0,31.0,420.0,0,0,0.0,26.0,1,0,0.258
2024-07-20 06:00:00,26.4,86.5,26.0,31.1,420.0,0,0,0.0,26.0,1,0,0.105
2024-07-20 07:00:00,27.0,84.7,26.0,31.2,420.0,0,0,0.0,26.0,1,0,0.189
2024-07-20 08:00:00,27.8,85.9,26.0,31.4,420.0,0,0,0.0,26.0,1,0,0.248
2024-07-20 09:00:00,29.8,78.9,26.0,31.3,420.0,0,0,0.0,26.0,1,0,0.49
2024-07-20 10:00:00,29.9,78.7,26.0,31.2,420.0,0,0,0.0,26.0,1,0,0.506
2024-07-20 11:00:00,32.8,77.2,26.0,31.1,420.0,0,0,0.0,26.0,1,0,0.917
2024-07-20 12:00:00,32.0,69.5,26.0,30.8,420.0,0,0,0.0,26.0,1,0,0.758
2024-07-20 13:00:00,35.3,77.5,26.0,30.7,420.0,0,0,0.0,26.0,1,0,1.271
2024-07-20 14:00:00,33.3,77.0,26.0,30.6,420.0,0,0,0.0,26.0,1,0,0.794
2024-07-20 15:00:00,35.4,72.0,26.0,30.3,420.0,0,0,0.0,26.0,1,0,1.135
2024-07-20 16:00:00,34.2,68.1,26.0,29.9,420.0,0,0,0.0,26.0,1,0,1.001
2024-07-20 17:00:00,35.8,70.7,26.0,29.7,420.0,0,0,0.0,26.0,1,0,1.221
2024-07-20 18:00:00,32.4,77.3,26.0,29.6,420.0,0,0,0.0,26.0,1,0,0.729
2024-07-20 19:00:00,29.7,71.4,26.0,29.3,420.0,0,0,0.0,26.0,1,0,0.541
2024-07-20 20:00:00,31.3,78.8,26.0,29.3,420.0,0,0,0.0,26.0,1,0,0.657
2024-07-20 21:00:00,30.7,79.1,26.0,29.3,420.0,0,0,0.0,26.0,1,0,0.538
2024-07-20 22:00:00,32.5,81.4,26.0,29.4,420.0,0,0,0.0,26.0,1,0,0.79
2024-07-20 23:00:00,27.2,81.6,26.0,29.4,420.0,0,0,0.0,26.0,1,0,0.192
2024-07-21 00:00:00,26.7,87.5,26.0,29.7,420.0,0,0,0.0,26.0,1,0,0.172
2024-07-21 01:00:00,27.5,82.5,26.0,29.8,420.0,0,0,0.0,26.0,1,0,0.25
2024-07-21 02:00:00,24.8,89.1,26.0,30.1,420.0,0,0,0.0,26.0,1,0,-0.072
2024-07-21 03:00:00,25.9,88.0,26.0,30.3,420.0,0,0,0.0,26.0,1,0,0.051
2024-07-21 04:00:00,26.0,85.3,26.0,30.4,420.0,0,0,0.0,26.0,1,0,0.062
2024-07-21 05:00:00,28.0,89.9,26.0,30.7,420.0,0,0,0.0,26.0,1,0,0.308
2024-07-21 06:00:00,24.4,82.4,26.0,30.8,420.0,0,0,0.0,26.0,1,0,-0.117
2024-07-21 07:00:00,25.9,86.0,26.0,30.9,420.0,0,0,0.0,26.0,1,0,0.059
2024-07-21 08:00:00,26.8,81.1,26.0,30.9,420.0,0,0,0.0,26.0,1,0,0.121
2024-07-21 09:00:00,30.7,79.8,26.0,30.9,420.0,0,0,0.0,26.0,1,0,0.628
2024-07-21 10:00:00,31.7,74.7,26.0,30.7,420.0,0,0,0.0,26.0,1,0,0.712
2024-07-21 11:00:00,33.4,74.2,26.0,30.5,420.0,0,0,0.0,26.0,1,0,0.808
2024-07-21 12:00:00,33.0,75.1,26.0,30.4,420.0,0,0,0.0,26.0,1,0,0.918
2024-07-21 13:00:00,34.5,73.1,26.0,30.1,420.0,0,0,0.0,26.0,1,0,1.21
2024-07-21 14:00:00,33.7,71.4,26.0,29.9,420.0,0,0,0.0,26.0,1,0,0.977
2024-07-21 15:00:00,35.0,67.9,26.0,29.5,420.0,0,0,0.0,26.0,1,0,1.174
2024-07-21 16:00:00,34.1,73.4,26.0,29.3,420.0,0,0,0.0,26.0,1,0,1.116
2024-07-21 17:00:00,32.4,76.5,26.0,29.3,420.0,0,0,0.0,26.0,1,0,0.73
2024-07-21 18:00:00,35.4,70.6,26.0,29.0,420.0,0,0,0.0,26.0,1,0,0.95
2024-07-21 19:00:00,34.5,75.6,26.0,28.9,420.0,0,0,0.0,26.0,1,0,1.068
2024-07-21 20:00:00,31.9,76.4,26.0,28.8,420.0,0,0,0.0,26.0,1,0,0.709
2024-07-21 21:00:00,31.4,81.2,26.0,28.9,420.0,0,0,0.0,26.0,1,0,0.594
2024-07-21 22:00:00,27.5,78.6,26.0,28.9,420.0,0,0,0.0,26.0,1,0,0.229
2024-07-21 23:00:00,25.3,84.6,26.0,29.0,420.0,0,0,0.0,26.0,1,0,-0.016
2024-07-22 00:00:00,27.3,87.6,26.0,29.3,420.0,0,0,0.0,26.0,1,0,0.22
2024-07-22 01:00:00,25.5,83.5,26.0,29.4,420.0,0,0,0.0,26.0,1,0,0.006
2024-07-22 02:00:00,24.1,91.2,26.0,29.8,420.0,0,0,0.0,26.0,1,0,-0.15
2024-07-22 03:00:00,24.3,88.4,26.0,30.0,420.0,0,0,0.0,26.0,1,0,-0.128
2024-07-22 04:00:00,23.6,88.7,26.0,30.3,420.0,0,0,0.0,26.0,1,0,-0.206
2024-07-22 05:00:00,25.0,90.1,26.0,30.6,420.0,0,0,0.0,26.0,1,0,-0.05
2024-07-22 06:00:00,27.6,84.2,26.0,30.7,420.0,0,0,0.0,26.0,1,0,0.227
2024-07-22 07:00:00,27.3,82.3,26.0,30.8,420.0,0,0,0.0,26.0,1,0,0.207
2024-07-22 08:00:00,26.6,79.5,26.0,30.7,5000.0,51,1,0.85,26.0,1,0,2.038
2024-07-22 09:00:00,30.3,81.0,26.0,30.7,5000.0,51,1,0.85,26.0,1,0,2.079
2024-07-22 10:00:00,31.5,77.0,26.0,30.6,4171.0,42,1,0.7,26.0,1,0,2.287
2024-07-22 11:00:00,33.9,76.2,26.0,30.5,4337.0,42,1,0.7,26.0,1,0,2.306
2024-07-22 12:00:00,34.6,69.0,26.0,30.1,420.0,0,0,0.0,26.0,1,0,1.092
2024-07-22 13:00:00,28.4,73.9,26.0,29.9,420.0,0,0,0.0,26.0,1,0,0.3
2024-07-22 14:00:00,32.7,71.6,26.0,29.7,5000.0,50,1,0.833,26.0,1,0,2.916
2024-07-22 15:00:00,34.5,76.8,26.0,29.6,5000.0,50,1,0.833,26.0,1,0,2.803
2024-07-22 16:00:00,35.4,72.8,26.0,29.4,4393.0,44,1,0.733,26.0,1,0,2.687
2024-07-22 17:00:00,35.6,74.2,26.0,29.3,4514.0,44,1,0.733,26.0,1,0,2.895
2024-07-22 18:00:00,32.8,77.6,26.0,29.2,420.0,0,0,0.0,26.0,1,0,0.767
2024-07-22 19:00:00,30.8,77.0,26.0,29.1,420.0,0,0,0.0,26.0,1,0,0.614
2024-07-22 20:00:00,29.0,78.5,26.0,29.1,420.0,0,0,0.0,26.0,1,0,0.375
2024-07-22 21:00:00,30.3,85.0,26.0,29.3,420.0,0,0,0.0,26.0,1,0,0.52
2024-07-22 22:00:00,26.4,80.3,26.0,29.3,420.0,0,0,0.0,26.0,1,0,0.111
2024-07-22 23:00:00,28.7,85.0,26.0,29.5,420.0,0,0,0.0,26.0,1,0,0.332
2024-07-23 00:00:00,26.7,82.8,26.0,29.6,420.0,0,0,0.0,26.0,1,0,0.127
2024-07-23 01:00:00,24.8,90.7,26.0,29.9,420.0,0,0,0.0,26.0,1,0,-0.072
2024-07-23 02:00:00,25.1,88.9,26.0,30.2,420.0,0,0,0.0,26.0,1,0,-0.038
2024-07-23 03:00:00,24.8,84.5,26.0,30.3,420.0,0,0,0.0,26.0,1,0,-0.072
2024-07-23 04:00:00,26.6,89.2,26.0,30.6,420.0,0,0,0.0,26.0,1,0,0.132
2024-07-23 05:00:00,29.1,83.9,26.0,30.7,420.0,0,0,0.0,26.0,1,0,0.409
2024-07-23 06:00:00,27.7,81.7,26.0,30.7,420.0,0,0,0.0,26.0,1,0,0.256
2024-07-23 07:00:00,27.7,86.9,26.0,30.9,420.0,0,0,0.0,26.0,1,0,0.263
2024-07-23 08:00:00,25.6,81.5,26.0,30.9,2753.0,21,1,0.35,26.0,1,0,0.997
2024-07-23 09:00:00,29.2,77.9,26.0,30.8,2287.0,21,1,0.35,26.0,1,0,1.466
2024-07-23 10:00:00,31.9,81.3,26.0,30.8,3158.0,28,1,0.467,26.0,1,0,1.936
2024-07-23 11:00:00,32.3,76.6,26.0,30.7,2984.0,28,1,0.467,26.0,1,0,1.651
2024-07-23 12:00:00,33.7,74.3,26.0,30.5,420.0,0,0,0.0,26.0,1,0,0.806
2024-07-23 13:00:00,32.7,76.4,26.0,30.4,420.0,0,0,0.0,26.0,1,0,0.951
2024-07-23 14:00:00,35.3,73.5,26.0,30.2,5000.0,60,1,1.0,26.0,1,0,3.302
2024-07-23 15:00:00,33.8,70.6,26.0,29.9,5000.0,60,1,1.0,26.0,1,0,3.37
2024-07-23 16:00:00,34.6,67.7,26.0,29.5,5000.0,54,1,0.9,26.0,1,0,2.948
2024-07-23 17:00:00,31.8,71.3,26.0,29.3,5000.0,54,1,0.9,26.0,1,0,2.703
2024-07-23 18:00:00,34.3,72.4,26.0,29.1,420.0,0,0,0.0,26.0,1,0,0.956
2024-07-23 19:00:00,31.0,73.6,26.0,28.9,420.0,0,0,0.0,26.0,1,0,0.746
2024-07-23 20:00:00,30.6,76.9,26.0,28.9,420.0,0,0,0.0,26.0,1,0,0.59
2024-07-23 21:00:00,33.2,83.2,26.0,29.0,420.0,0,0,0.0,26.0,1,0,0.832
2024-07-23 22:00:00,30.2,85.6,26.0,29.2,420.0,0,0,0.0,26.0,1,0,0.463
2024-07-23 23:00:00,26.0,80.3,26.0,29.2,420.0,0,0,0.0,26.0,1,0,0.072
2024-07-24 00:00:00,24.8,89.7,26.0,29.5,420.0,0,0,0.0,26.0,1,0,-0.072
2024-07-24 01:00:00,24.8,83.2,26.0,29.6,420.0,0,0,0.0,26.0,1,0,-0.072
2024-07-24 02:00:00,24.5,87.0,26.0,29.9,420.0,0,0,0.0,26.0,1,0,-0.106
2024-07-24 03:00:00,25.4,88.8,26.0,30.1,420.0,0,0,0.0,26.0,1,0,-0.005
2024-07-24 04:00:00,23.9,89.8,26.0,30.4,420.0,0,0,0.0,26.0,1,0,-0.173
2024-07-24 05:00:00,24.7,86.5,26.0,30.6,420.0,0,0,0.0,26.0,1,0,-0.083
2024-07-24 06:00:00,27.5,83.7,26.0,30.7,420.0,0,0,0.0,26.0,1,0,0.228
2024-07-24 07:00:00,26.6,85.8,26.0,30.9,420.0,0,0,0.0,26.0,1,0,0.141
2024-07-24 08:00:00,27.4,80.9,26.0,30.9,3420.0,27,1,0.45,26.0,1,0,1.476
2024-07-24 09:00:00,30.8,86.2,26.0,31.0,2820.0,27,1,0.45,26.0,1,0,1.699
2024-07-24 10:00:00,32.2,79.3,26.0,31.0,3162.0,29,1,0.483,26.0,1,0,2.092
2024-07-24 11:00:00,33.3,72.8,26.0,30.7,3094.0,29,1,0.483,26.0,1,0,2.008
2024-07-24 12:00:00,33.7,74.3,26.0,30.5,420.0,0,0,0.0,26.0,1,0,0.862
2024-07-24 13:00:00,34.8,73.4,26.0,30.3,420.0,0,0,0.0,26.0,1,0,1.158
2024-07-24 14:00:00,35.4,71.3,26.0,30.0,5000.0,53,1,0.883,26.0,1,0,3.055
2024-07-24 15:00:00,35.1,68.3,26.0,29.7,5000.0,53,1,0.883,26.0,1,0,3.186
2024-07-24 16:00:00,34.3,76.4,26.0,29.6,3504.0,36,1,0.6,26.0,1,0,2.516
2024-07-24 17:00:00,34.8,73.0,26.0,29.4,3803.0,36,1,0.6,26.0,1,0,2.616
2024-07-24 18:00:00,36.4,70.3,26.0,29.1,420.0,0,0,0.0,26.0,1,0,1.075
2024-07-24 19:00:00,30.8,81.1,26.0,29.2,420.0,0,0,0.0,26.0,1,0,0.572
2024-07-24 20:00:00,31.4,77.2,26.0,29.1,420.0,0,0,0.0,26.0,1,0,0.65
2024-07-24 21:00:00,28.2,81.3,26.0,29.2,420.0,0,0,0.0,26.0,1,0,0.288
2024-07-24 22:00:00,29.5,78.8,26.0,29.2,420.0,0,0,0.0,26.0,1,0,0.47
2024-07-24 23:00:00,27.3,83.0,26.0,29.3,420.0,0,0,0.0,26.0,1,0,0.228
2024-07-25 00:00:00,26.8,82.3,26.0,29.4,420.0,0,0,0.0,26.0,1,0,0.169
2024-07-25 01:00:00,27.5,89.7,26.0,29.7,420.0,0,0,0.0,26.0,1,0,0.224
2024-07-25 02:00:00,24.6,87.1,26.0,29.9,420.0,0,0,0.0,26.0,1,0,-0.094
2024-07-25 03:00:00,24.8,85.7,26.0,30.1,420.0,0,0,0.0,26.0,1,0,-0.072
2024-07-25 04:00:00,24.5,86.9,26.0,30.3,420.0,0,0,0.0,26.0,1,0,-0.106
2024-07-25 05:00:00,28.1,89.8,26.0,30.6,420.0,0,0,0.0,26.0,1,0,0.305
2024-07-25 06:00:00,27.9,86.8,26.0,30.8,420.0,0,0,0.0,26.0,1,0,0.285
2024-07-25 07:00:00,25.8,83.9,26.0,30.9,420.0,0,0,0.0,26.0,1,0,0.045
2024-07-25 08:00:00,30.2,78.3,26.0,30.8,2976.0,23,1,0.383,26.0,1,0,1.46
2024-07-25 09:00:00,31.0,87.0,26.0,31.0,2464.0,23,1,0.383,26.0,1,0,1.904
2024-07-25 10:00:00,32.9,82.2,26.0,31.0,4122.0,37,1,0.617,26.0,1,0,2.486
2024-07-25 11:00:00,32.8,78.9,26.0,30.9,3791.0,37,1,0.617,26.0,1,0,2.48
2024-07-25 12:00:00,32.5,76.7,26.0,30.8,420.0,0,0,0.0,26.0,1,0,0.879
2024-07-25 13:00:00,35.3,73.9,26.0,30.6,420.0,0,0,0.0,26.0,1,0,1.163
2024-07-25 14:00:00,36.8,70.7,26.0,30.3,5000.0,51,1,0.85,26.0,1,0,2.926
2024-07-25 15:00:00,34.7,72.3,26.0,30.1,5000.0,51,1,0.85,26.0,1,0,2.919
2024-07-25 16:00:00,33.3,73.0,26.0,29.9,4615.0,46,1,0.767,26.0,1,0,2.288
2024-07-25 17:00:00,31.8,76.2,26.0,29.7,4692.0,46,1,0.767,26.0,1,0,2.547
2024-07-25 18:00:00,33.6,72.8,26.0,29.5,420.0,0,0,0.0,26.0,1,0,0.902
2024-07-25 19:00:00,31.2,75.3,26.0,29.4,420.0,0,0,0.0,26.0,1,0,0.643
2024-07-25 20:00:00,32.3,79.6,26.0,29.4,420.0,0,0,0.0,26.0,1,0,0.842
2024-07-25 21:00:00,28.9,77.5,26.0,29.4,420.0,0,0,0.0,26.0,1,0,0.373
2024-07-25 22:00:00,29.7,79.9,26.0,29.4,420.0,0,0,0.0,26.0,1,0,0.467
2024-07-25 23:00:00,27.6,84.4,26.0,29.5,420.0,0,0,0.0,26.0,1,0,0.242
2024-07-26 00:00:00,26.9,88.2,26.0,29.8,420.0,0,0,0.0,26.0,1,0,0.139
2024-07-26 01:00:00,23.8,81.2,26.0,29.8,420.0,0,0,0.0,26.0,1,0,-0.184
2024-07-26 02:00:00,24.3,93.1,26.0,30.2,420.0,0,0,0.0,26.0,1,0,-0.128
2024-07-26 03:00:00,28.0,93.5,26.0,30.6,420.0,0,0,0.0,26.0,1,0,0.28
2024-07-26 04:00:00,24.9,82.4,26.0,30.7,420.0,0,0,0.0,26.0,1,0,-0.061
2024-07-26 05:00:00,22.2,85.1,26.0,30.8,420.0,0,0,0.0,26.0,1,0,-0.363
2024-07-26 06:00:00,26.2,89.6,26.0,31.1,420.0,0,0,0.0,26.0,1,0,0.068
2024-07-26 07:00:00,28.8,84.7,26.0,31.2,420.0,0,0,0.0,26.0,1,0,0.361
2024-07-26 08:00:00,27.4,79.2,26.0,31.1,3087.0,24,1,0.4,26.0,1,0,1.376
2024-07-26 09:00:00,30.4,82.1,26.0,31.2,2553.0,24,1,0.4,26.0,1,0,1.684
2024-07-26 10:00:00,31.9,74.8,26.0,31.0,3104.0,28,1,0.467,26.0,1,0,1.829
2024-07-26 11:00:00,33.5,77.3,26.0,30.9,2994.0,28,1,0.467,26.0,1,0,2.108
2024-07-26 12:00:00,31.9,72.0,26.0,30.6,420.0,0,0,0.0,26.0,1,0,0.672
2024-07-26 13:00:00,35.4,72.4,26.0,30.3,420.0,0,0,0.0,26.0,1,0,1.126
2024-07-26 14:00:00,37.2,73.8,26.0,30.1,2864.0,22,1,0.367,26.0,1,0,2.873
2024-07-26 15:00:00,34.3,72.0,26.0,29.9,2376.0,22,1,0.367,26.0,1,0,2.296
2024-07-26 16:00:00,34.9,70.1,26.0,29.6,5000.0,53,1,0.883,26.0,1,0,3.047
2024-07-26 17:00:00,33.0,75.2,26.0,29.5,5000.0,53,1,0.883,26.0,1,0,2.855
2024-07-26 18:00:00,34.8,76.2,26.0,29.4,420.0,0,0,0.0,26.0,1,0,0.966
2024-07-26 19:00:00,34.8,74.4,26.0,29.2,420.0,0,0,0.0,26.0,1,0,0.981
2024-07-26 20:00:00,33.8,75.2,26.0,29.1,420.0,0,0,0.0,26.0,1,0,0.964
2024-07-26 21:00:00,28.5,74.7,26.0,29.0,420.0,0,0,0.0,26.0,1,0,0.328
2024-07-26 22:00:00,28.0,80.6,26.0,29.0,420.0,0,0,0.0,26.0,1,0,0.307
2024-07-26 23:00:00,28.3,84.7,26.0,29.2,420.0,0,0,0.0,26.0,1,0,0.36
2024-07-27 00:00:00,24.7,84.5,26.0,29.4,420.0,0,0,0.0,26.0,1,0,-0.083
2024-07-27 01:00:00,25.1,81.6,26.0,29.4,420.0,0,0,0.0,26.0,1,0,-0.038
2024-07-27 02:00:00,23.7,85.4,26.0,29.6,420.0,0,0,0.0,26.0,1,0,-0.195
2024-07-27 03:00:00,27.2,88.6,26.0,29.9,420.0,0,0,0.0,26.0,1,0,0.202
2024-07-27 04:00:00,26.2,83.2,26.0,30.0,420.0,0,0,0.0,26.0,1,0,0.086
2024-07-27 05:00:00,27.5,90.8,26.0,30.3,420.0,0,0,0.0,26.0,1,0,0.2
2024-07-27 06:00:00,23.5,83.5,26.0,30.4,420.0,0,0,0.0,26.0,1,0,-0.218
2024-07-27 07:00:00,28.2,85.9,26.0,30.6,420.0,0,0,0.0,26.0,1,0,0.331
2024-07-27 08:00:00,27.7,81.2,26.0,30.6,420.0,0,0,0.0,26.0,1,0,0.235
2024-07-27 09:00:00,29.1,80.3,26.0,30.6,420.0,0,0,0.0,26.0,1,0,0.404
2024-07-27 10:00:00,33.1,75.6,26.0,30.4,420.0,0,0,0.0,26.0,1,0,0.934
2024-07-27 11:00:00,34.0,73.7,26.0,30.2,420.0,0,0,0.0,26.0,1,0,1.05
2024-07-27 12:00:00,32.3,76.8,26.0,30.1,420.0,0,0,0.0,26.0,1,0,0.75
2024-07-27 13:00:00,35.7,75.6,26.0,30.0,420.0,0,0,0.0,26.0,1,0,1.122
2024-07-27 14:00:00,32.9,70.9,26.0,29.7,420.0,0,0,0.0,26.0,1,0,0.798
2024-07-27 15:00:00,36.2,72.1,26.0,29.5,420.0,0,0,0.0,26.0,1,0,1.097
2024-07-27 16:00:00,33.2,73.6,26.0,29.3,420.0,0,0,0.0,26.0,1,0,0.83
2024-07-27 17:00:00,33.3,78.5,26.0,29.3,420.0,0,0,0.0,26.0,1,0,0.769
2024-07-27 18:00:00,35.9,76.2,26.0,29.2,420.0,0,0,0.0,26.0,1,0,1.236
2024-07-27 19:00:00,34.5,76.2,26.0,29.1,420.0,0,0,0.0,26.0,1,0,1.047
2024-07-27 20:00:00,32.4,82.4,26.0,29.2,420.0,0,0,0.0,26.0,1,0,0.815
2024-07-27 21:00:00,30.4,79.2,26.0,29.2,420.0,0,0,0.0,26.0,1,0,0.513
2024-07-27 22:00:00,26.1,81.8,26.0,29.3,420.0,0,0,0.0,26.0,1,0,0.067
2024-07-27 23:00:00,28.7,86.8,26.0,29.5,420.0,0,0,0.0,26.0,1,0,0.367
2024-07-28 00:00:00,27.2,84.0,26.0,29.6,420.0,0,0,0.0,26.0,1,0,0.198
2024-07-28 01:00:00,22.7,85.4,26.0,29.8,420.0,0,0,0.0,26.0,1,0,-0.307
2024-07-28 02:00:00,24.7,86.8,26.0,30.0,420.0,0,0,0.0,26.0,1,0,-0.083
2024-07-28 03:00:00,25.9,94.0,26.0,30.4,420.0,0,0,0.0,26.0,1,0,0.051
2024-07-28 04:00:00,25.4,87.1,26.0,30.6,420.0,0,0,0.0,26.0,1,0,-0.005
2024-07-28 05:00:00,25.3,87.3,26.0,30.8,420.0,0,0,0.0,26.0,1,0,-0.016
2024-07-28 06:00:00,25.2,86.0,26.0,31.0,420.0,0,0,0.0,26.0,1,0,-0.027
2024-07-28 07:00:00,28.2,84.6,26.0,31.1,420.0,0,0,0.0,26.0,1,0,0.305
2024-07-28 08:00:00,29.4,83.4,26.0,31.2,420.0,0,0,0.0,26.0,1,0,0.511
2024-07-28 09:00:00,27.3,81.9,26.0,31.2,420.0,0,0,0.0,26.0,1,0,0.223
2024-07-28 10:00:00,30.3,74.6,26.0,31.0,420.0,0,0,0.0,26.0,1,0,0.641
2024-07-28 11:00:00,30.8,77.3,26.0,30.9,420.0,0,0,0.0,26.0,1,0,0.673
2024-07-28 12:00:00,33.2,69.3,26.0,30.5,420.0,0,0,0.0,26.0,1,0,1.0
2024-07-28 13:00:00,35.0,68.8,26.0,30.2,420.0,0,0,0.0,26.0,1,0,0.989
2024-07-28 14:00:00,35.0,73.0,26.0,30.0,420.0,0,0,0.0,26.0,1,0,1.132
2024-07-28 15:00:00,36.3,77.3,26.0,29.9,420.0,0,0,0.0,26.0,1,0,1.182
2024-07-28 16:00:00,32.8,72.1,26.0,29.7,420.0,0,0,0.0,26.0,1,0,0.72
2024-07-28 17:00:00,33.9,74.4,26.0,29.5,420.0,0,0,0.0,26.0,1,0,1.064
2024-07-28 18:00:00,33.9,73.3,26.0,29.3,420.0,0,0,0.0,26.0,1,0,0.925
2024-07-28 19:00:00,31.8,72.7,26.0,29.1,420.0,0,0,0.0,26.0,1,0,0.652
2024-07-28 20:00:00,32.8,79.3,26.0,29.1,420.0,0,0,0.0,26.0,1,0,0.797
2024-07-28 21:00:00,31.4,79.1,26.0,29.1,420.0,0,0,0.0,26.0,1,0,0.625
2024-07-28 22:00:00,27.7,78.8,26.0,29.1,420.0,0,0,0.0,26.0,1,0,0.239
2024-07-28 23:00:00,28.0,80.9,26.0,29.2,420.0,0,0,0.0,26.0,1,0,0.281
2024-07-29 00:00:00,29.2,81.7,26.0,29.2,420.0,0,0,0.0,26.0,1,0,0.479
2024-07-29 01:00:00,26.1,91.6,26.0,29.6,420.0,0,0,0.0,26.0,1,0,0.07
2024-07-29 02:00:00,26.1,88.3,26.0,29.9,420.0,0,0,0.0,26.0,1,0,0.083
2024-07-29 03:00:00,23.5,83.9,26.0,30.0,420.0,0,0,0.0,26.0,1,0,-0.218
2024-07-29 04:00:00,26.3,92.2,26.0,30.4,420.0,0,0,0.0,26.0,1,0,0.103
2024-07-29 05:00:00,25.0,83.5,26.0,30.5,420.0,0,0,0.0,26.0,1,0,-0.05
2024-07-29 06:00:00,22.8,82.7,26.0,30.5,420.0,0,0,0.0,26.0,1,0,-0.296
2024-07-29 07:00:00,27.3,88.8,26.0,30.8,420.0,0,0,0.0,26.0,1,0,0.218
2024-07-29 08:00:00,29.7,83.0,26.0,30.8,3642.0,29,1,0.483,26.0,1,0,1.803
2024-07-29 09:00:00,29.4,78.3,26.0,30.8,2998.0,29,1,0.483,26.0,1,0,1.672
2024-07-29 10:00:00,33.4,78.5,26.0,30.7,5000.0,53,1,0.883,26.0,1,0,3.165
2024-07-29 11:00:00,29.3,74.0,26.0,30.5,5000.0,53,1,0.883,26.0,1,0,2.521
2024-07-29 12:00:00,32.2,72.7,26.0,30.3,420.0,0,0,0.0,26.0,1,0,0.666
2024-07-29 13:00:00,35.2,72.7,26.0,30.0,420.0,0,0,0.0,26.0,1,0,1.13
2024-07-29 14:00:00,34.7,76.2,26.0,29.9,5000.0,58,1,0.967,26.0,1,0,3.371
2024-07-29 15:00:00,34.0,77.6,26.0,29.8,5000.0,58,1,0.967,26.0,1,0,3.02
2024-07-29 16:00:00,33.8,72.5,26.0,29.6,4837.0,48,1,0.8,26.0,1,0,2.782
2024-07-29 17:00:00,33.9,73.4,26.0,29.4,4870.0,48,1,0.8,26.0,1,0,2.628
2024-07-29 18:00:00,34.2,75.6,26.0,29.3,420.0,0,0,0.0,26.0,1,0,0.873
2024-07-29 19:00:00,31.4,72.6,26.0,29.1,420.0,0,0,0.0,26.0,1,0,0.585
2024-07-29 20:00:00,35.0,76.5,26.0,29.0,420.0,0,0,0.0,26.0,1,0,0.939
2024-07-29 21:00:00,31.0,75.2,26.0,28.9,420.0,0,0,0.0,26.0,1,0,0.656
2024-07-29 22:00:00,28.3,81.7,26.0,29.0,420.0,0,0,0.0,26.0,1,0,0.256
2024-07-29 23:00:00,28.2,75.8,26.0,28.9,420.0,0,0,0.0,26.0,1,0,0.293
2024-07-30 00:00:00,26.7,82.2,26.0,29.0,420.0,0,0,0.0,26.0,1,0,0.132
2024-07-30 01:00:00,26.2,83.8,26.0,29.2,420.0,0,0,0.0,26.0,1,0,0.083
2024-07-30 02:00:00,23.9,86.9,26.0,29.4,420.0,0,0,0.0,26.0,1,0,-0.173
2024-07-30 03:00:00,23.4,86.6,26.0,29.6,420.0,0,0,0.0,26.0,1,0,-0.229
2024-07-30 04:00:00,23.4,82.2,26.0,29.7,420.0,0,0,0.0,26.0,1,0,-0.229
2024-07-30 05:00:00,27.2,83.0,26.0,29.8,420.0,0,0,0.0,26.0,1,0,0.168
2024-07-30 06:00:00,26.2,87.9,26.0,30.0,420.0,0,0,0.0,26.0,1,0,0.088
2024-07-30 07:00:00,26.6,81.5,26.0,30.1,420.0,0,0,0.0,26.0,1,0,0.119
2024-07-30 08:00:00,29.0,85.4,26.0,30.2,3864.0,31,1,0.517,26.0,1,0,1.838
2024-07-30 09:00:00,28.2,79.5,26.0,30.2,3176.0,31,1,0.517,26.0,1,0,1.519
2024-07-30 10:00:00,28.7,76.7,26.0,30.1,5000.0,52,1,0.867,26.0,1,0,2.295
2024-07-30 11:00:00,32.6,73.4,26.0,29.9,5000.0,52,1,0.867,26.0,1,0,2.751
2024-07-30 12:00:00,32.9,70.1,26.0,29.6,420.0,0,0,0.0,26.0,1,0,0.863
2024-07-30 13:00:00,34.4,76.2,26.0,29.5,420.0,0,0,0.0,26.0,1,0,1.017
2024-07-30 14:00:00,33.2,70.4,26.0,29.2,4420.0,36,1,0.6,26.0,1,0,2.237
2024-07-30 15:00:00,35.8,75.6,26.0,29.1,3620.0,36,1,0.6,26.0,1,0,2.677
2024-07-30 16:00:00,32.6,71.8,26.0,28.9,4002.0,38,1,0.633,26.0,1,0,2.394
2024-07-30 17:00:00,34.8,72.8,26.0,28.7,3926.0,38,1,0.633,26.0,1,0,2.395
2024-07-30 18:00:00,29.8,75.8,26.0,28.6,420.0,0,0,0.0,26.0,1,0,0.505
2024-07-30 19:00:00,34.8,76.3,26.0,28.6,420.0,0,0,0.0,26.0,1,0,1.148
2024-07-30 20:00:00,29.7,76.4,26.0,28.5,420.0,0,0,0.0,26.0,1,0,0.504
2024-07-30 21:00:00,32.7,82.7,26.0,28.6,420.0,0,0,0.0,26.0,1,0,0.874
2024-07-30 22:00:00,29.7,83.1,26.0,28.8,420.0,0,0,0.0,26.0,1,0,0.484
2024-07-30 23:00:00,26.5,83.4,26.0,28.9,420.0,0,0,0.0,26.0,1,0,0.11
2024-07-31 00:00:00,26.3,87.3,26.0,29.1,420.0,0,0,0.0,26.0,1,0,0.09
2024-07-31 01:00:00,27.9,90.3,26.0,29.5,420.0,0,0,0.0,26.0,1,0,0.282
2024-07-31 02:00:00,23.0,88.4,26.0,29.8,420.0,0,0,0.0,26.0,1,0,-0.274
2024-07-31 03:00:00,26.1,89.9,26.0,30.1,420.0,0,0,0.0,26.0,1,0,0.079
2024-07-31 04:00:00,24.2,96.5,26.0,30.5,420.0,0,0,0.0,26.0,1,0,-0.139
2024-07-31 05:00:00,23.8,83.7,26.0,30.6,420.0,0,0,0.0,26.0,1,0,-0.184
2024-07-31 06:00:00,26.8,92.0,26.0,31.0,420.0,0,0,0.0,26.0,1,0,0.186
2024-07-31 07:00:00,26.2,83.2,26.0,31.1,420.0,0,0,0.0,26.0,1,0,0.095
2024-07-31 08:00:00,30.3,82.0,26.0,31.1,4864.0,40,1,0.667,26.0,1,0,1.915
2024-07-31 09:00:00,29.5,81.7,26.0,31.1,3976.0,40,1,0.667,26.0,1,0,1.901
2024-07-31 10:00:00,31.7,81.0,26.0,31.1,5000.0,52,1,0.867,26.0,1,0,3.131
2024-07-31 11:00:00,34.4,76.9,26.0,31.0,5000.0,52,1,0.867,26.0,1,0,2.901
2024-07-31 12:00:00,34.0,75.0,26.0,30.8,420.0,0,0,0.0,26.0,1,0,0.974
2024-07-31 13:00:00,35.1,73.2,26.0,30.6,420.0,0,0,0.0,26.0,1,0,1.009
2024-07-31 14:00:00,34.8,75.9,26.0,30.4,2642.0,20,1,0.333,26.0,1,0,2.246
2024-07-31 15:00:00,37.3,67.5,26.0,30.0,2198.0,20,1,0.333,26.0,1,0,2.365
2024-07-31 16:00:00,34.8,70.2,26.0,29.7,3509.0,31,1,0.517,26.0,1,0,2.191
2024-07-31 17:00:00,33.9,74.3,26.0,29.6,3247.0,31,1,0.517,26.0,1,0,2.054
2024-07-31 18:00:00,34.5,74.0,26.0,29.4,420.0,0,0,0.0,26.0,1,0,1.04
2024-07-31 19:00:00,29.6,73.1,26.0,29.2,420.0,0,0,0.0,26.0,1,0,0.467
2024-07-31 20:00:00,32.6,69.7,26.0,28.9,420.0,0,0,0.0,26.0,1,0,0.855
2024-07-31 21:00:00,31.8,81.6,26.0,29.0,420.0,0,0,0.0,26.0,1,0,0.743
2024-07-31 22:00:00,30.7,81.5,26.0,29.1,420.0,0,0,0.0,26.0,1,0,0.577
2024-07-31 23:00:00,24.4,85.3,26.0,29.3,420.0,0,0,0.0,26.0,1,0,-0.117
2024-08-01 00:00:00,28.4,86.4,26.0,29.5,420.0,0,0,0.0,26.0,1,0,0.317
2024-08-01 01:00:00,24.7,85.2,26.0,29.7,420.0,0,0,0.0,26.0,1,0,-0.083
2024-08-01 02:00:00,24.4,83.3,26.0,29.8,420.0,0,0,0.0,26.0,1,0,-0.117
2024-08-01 03:00:00,26.4,82.4,26.0,29.8,420.0,0,0,0.0,26.0,1,0,0.106
2024-08-01 04:00:00,23.8,82.4,26.0,29.9,420.0,0,0,0.0,26.0,1,0,-0.184
2024-08-01 05:00:00,23.4,85.4,26.0,30.1,420.0,0,0,0.0,26.0,1,0,-0.229
2024-08-01 06:00:00,28.2,83.1,26.0,30.2,420.0,0,0,0.0,26.0,1,0,0.295
2024-08-01 07:00:00,25.2,84.5,26.0,30.3,420.0,0,0,0.0,26.0,1,0,-0.024
2024-08-01 08:00:00,31.2,78.1,26.0,30.2,3198.0,25,1,0.417,26.0,1,0,1.726
2024-08-01 09:00:00,29.3,79.5,26.0,30.2,2642.0,25,1,0.417,26.0,1,0,1.536
2024-08-01 10:00:00,33.7,74.4,26.0,30.0,2531.0,23,1,0.383,26.0,1,0,1.825
2024-08-01 11:00:00,30.5,75.9,26.0,29.9,2553.0,23,1,0.383,26.0,1,0,1.69
2024-08-01 12:00:00,34.7,72.4,26.0,29.7,420.0,0,0,0.0,26.0,1,0,1.017
2024-08-01 13:00:00,33.5,74.1,26.0,29.5,420.0,0,0,0.0,26.0,1,0,0.852
2024-08-01 14:00:00,35.6,68.0,26.0,29.2,5000.0,48,1,0.8,26.0,1,0,2.877
2024-08-01 15:00:00,35.1,65.9,26.0,28.8,4837.0,48,1,0.8,26.0,1,0,2.959
2024-08-01 16:00:00,35.9,69.5,26.0,28.5,5000.0,50,1,0.833,26.0,1,0,3.073
2024-08-01 17:00:00,33.7,71.0,26.0,28.3,5000.0,50,1,0.833,26.0,1,0,2.898
2024-08-01 18:00:00,33.6,75.0,26.0,28.2,420.0,0,0,0.0,26.0,1,0,0.98
2024-08-01 19:00:00,33.4,73.5,26.0,28.0,420.0,0,0,0.0,26.0,1,0,0.985
2024-08-01 20:00:00,32.4,77.1,26.0,28.0,420.0,0,0,0.0,26.0,1,0,0.797
2024-08-01 21:00:00,29.4,77.6,26.0,28.0,420.0,0,0,0.0,26.0,1,0,0.405
2024-08-01 22:00:00,28.5,81.6,26.0,28.1,420.0,0,0,0.0,26.0,1,0,0.335
2024-08-01 23:00:00,26.9,80.8,26.0,28.2,420.0,0,0,0.0,26.0,1,0,0.15
2024-08-02 00:00:00,29.4,86.5,26.0,28.4,420.0,0,0,0.0,26.0,1,0,0.504
2024-08-02 01:00:00,24.5,86.6,26.0,28.7,420.0,0,0,0.0,26.0,1,0,-0.106
2024-08-02 02:00:00,25.3,86.9,26.0,28.9,420.0,0,0,0.0,26.0,1,0,-0.016
2024-08-02 03:00:00,25.2,89.6,26.0,29.3,420.0,0,0,0.0,26.0,1,0,-0.027
2024-08-02 04:00:00,25.7,85.5,26.0,29.4,420.0,0,0,0.0,26.0,1,0,0.033
2024-08-02 05:00:00,27.2,85.6,26.0,29.6,420.0,0,0,0.0,26.0,1,0,0.207
2024-08-02 06:00:00,26.6,84.6,26.0,29.8,420.0,0,0,0.0,26.0,1,0,0.139
2024-08-02 07:00:00,27.4,82.0,26.0,29.8,420.0,0,0,0.0,26.0,1,0,0.227
2024-08-02 08:00:00,27.8,77.8,26.0,29.8,5000.0,45,1,0.75,26.0,1,0,2.047
2024-08-02 09:00:00,28.5,73.8,26.0,29.6,4504.0,45,1,0.75,26.0,1,0,1.805
2024-08-02 10:00:00,30.0,75.4,26.0,29.5,2159.0,23,1,0.383,26.0,1,0,1.542
2024-08-02 11:00:00,32.7,73.2,26.0,29.3,2628.0,23,1,0.383,26.0,1,0,1.724
2024-08-02 12:00:00,30.0,77.1,26.0,29.2,420.0,0,0,0.0,26.0,1,0,0.534
2024-08-02 13:00:00,36.0,72.4,26.0,29.0,420.0,0,0,0.0,26.0,1,0,1.188
2024-08-02 14:00:00,37.7,67.3,26.0,28.7,5000.0,57,1,0.95,26.0,1,0,4.018
2024-08-02 15:00:00,37.8,67.1,26.0,28.3,5000.0,57,1,0.95,26.0,1,0,3.742
2024-08-02 16:00:00,35.2,66.5,26.0,28.0,4393.0,44,1,0.733,26.0,1,0,2.85
2024-08-02 17:00:00,34.4,72.2,26.0,27.8,4514.0,44,1,0.733,26.0,1,0,2.637
2024-08-02 18:00:00,33.3,74.5,26.0,27.7,420.0,0,0,0.0,26.0,1,0,0.998
2024-08-02 19:00:00,32.6,72.4,26.0,27.5,420.0,0,0,0.0,26.0,1,0,0.8
2024-08-02 20:00:00,30.4,78.4,26.0,27.6,420.0,0,0,0.0,26.0,1,0,0.57
2024-08-02 21:00:00,29.0,80.7,26.0,27.7,420.0,0,0,0.0,26.0,1,0,0.4
2024-08-02 22:00:00,30.5,75.1,26.0,27.6,420.0,0,0,0.0,26.0,1,0,0.548
2024-08-02 23:00:00,29.2,88.2,26.0,27.9,420.0,0,0,0.0,26.0,1,0,0.422
2024-08-03 00:00:00,26.8,85.5,26.0,28.1,420.0,0,0,0.0,26.0,1,0,0.128
2024-08-03 01:00:00,27.2,84.1,26.0,28.3,420.0,0,0,0.0,26.0,1,0,0.173
2024-08-03 02:00:00,25.4,81.8,26.0,28.4,420.0,0,0,0.0,26.0,1,0,-0.005
2024-08-03 03:00:00,25.2,87.5,26.0,28.7,420.0,0,0,0.0,26.0,1,0,-0.027
2024-08-03 04:00:00,25.9,88.9,26.0,29.0,420.0,0,0,0.0,26.0,1,0,0.053
2024-08-03 05:00:00,24.5,83.3,26.0,29.1,420.0,0,0,0.0,26.0,1,0,-0.106
2024-08-03 06:00:00,29.3,83.2,26.0,29.2,420.0,0,0,0.0,26.0,1,0,0.486
2024-08-03 07:00:00,27.8,81.8,26.0,29.3,420.0,0,0,0.0,26.0,1,0,0.275
2024-08-03 08:00:00,27.5,84.9,26.0,29.5,420.0,0,0,0.0,26.0,1,0,0.223
2024-08-03 09:00:00,29.2,74.6,26.0,29.3,420.0,0,0,0.0,26.0,1,0,0.379
2024-08-03 10:00:00,30.6,69.9,26.0,29.1,420.0,0,0,0.0,26.0,1,0,0.625
2024-08-03 11:00:00,31.5,71.1,26.0,28.8,420.0,0,0,0.0,26.0,1,0,0.658
2024-08-03 12:00:00,34.5,70.3,26.0,28.6,420.0,0,0,0.0,26.0,1,0,1.079
2024-08-03 13:00:00,35.7,75.3,26.0,28.5,420.0,0,0,0.0,26.0,1,0,1.196
2024-08-03 14:00:00,36.0,69.6,26.0,28.2,420.0,0,0,0.0,26.0,1,0,1.238
2024-08-03 15:00:00,35.2,65.4,26.0,27.8,420.0,0,0,0.0,26.0,1,0,1.104
2024-08-03 16:00:00,34.6,67.7,26.0,27.5,420.0,0,0,0.0,26.0,1,0,1.063
2024-08-03 17:00:00,35.4,78.8,26.0,27.5,420.0,0,0,0.0,26.0,1,0,1.108
2024-08-03 18:00:00,34.3,66.4,26.0,27.2,420.0,0,0,0.0,26.0,1,0,0.942
2024-08-03 19:00:00,32.0,74.4,26.0,27.1,420.0,0,0,0.0,26.0,1,0,0.678
2024-08-03 20:00:00,31.4,73.7,26.0,27.0,420.0,0,0,0.0,26.0,1,0,0.54
2024-08-03 21:00:00,30.4,74.3,26.0,26.9,420.0,0,0,0.0,26.0,1,0,0.547
2024-08-03 22:00:00,27.3,82.0,26.0,27.1,420.0,0,0,0.0,26.0,1,0,0.233
2024-08-03 23:00:00,26.0,83.6,26.0,27.3,420.0,0,0,0.0,26.0,1,0,0.066
2024-08-04 00:00:00,24.4,89.0,26.0,27.6,420.0,0,0,0.0,26.0,1,0,-0.117
2024-08-04 01:00:00,24.5,84.3,26.0,27.8,420.0,0,0,0.0,26.0,1,0,-0.106
2024-08-04 02:00:00,25.7,84.0,26.0,28.0,420.0,0,0,0.0,26.0,1,0,0.029
2024-08-04 03:00:00,25.2,87.7,26.0,28.3,420.0,0,0,0.0,26.0,1,0,-0.027
2024-08-04 04:00:00,26.6,88.1,26.0,28.6,420.0,0,0,0.0,26.0,1,0,0.122
2024-08-04 05:00:00,25.4,84.5,26.0,28.8,420.0,0,0,0.0,26.0,1,0,-0.005
2024-08-04 06:00:00,30.0,86.5,26.0,29.0,420.0,0,0,0.0,26.0,1,0,0.551
2024-08-04 07:00:00,26.1,82.3,26.0,29.1,420.0,0,0,0.0,26.0,1,0,0.076
2024-08-04 08:00:00,28.2,79.7,26.0,29.1,420.0,0,0,0.0,26.0,1,0,0.354
2024-08-04 09:00:00,28.2,76.8,26.0,29.1,420.0,0,0,0.0,26.0,1,0,0.292
2024-08-04 10:00:00,34.0,77.7,26.0,29.0,420.0,0,0,0.0,26.0,1,0,0.91
2024-08-04 11:00:00,28.8,77.7,26.0,29.0,420.0,0,0,0.0,26.0,1,0,0.361
2024-08-04 12:00:00,35.2,71.3,26.0,28.8,420.0,0,0,0.0,26.0,1,0,0.974
2024-08-04 13:00:00,35.4,68.5,26.0,28.4,420.0,0,0,0.0,26.0,1,0,1.042
2024-08-04 14:00:00,34.1,74.8,26.0,28.3,420.0,0,0,0.0,26.0,1,0,0.988
2024-08-04 15:00:00,34.6,64.4,26.0,27.9,420.0,0,0,0.0,26.0,1,0,0.975
2024-08-04 16:00:00,34.7,70.0,26.0,27.7,420.0,0,0,0.0,26.0,1,0,0.721
2024-08-04 17:00:00,36.1,71.1,26.0,27.5,420.0,0,0,0.0,26.0,1,0,1.3
2024-08-04 18:00:00,32.9,75.5,26.0,27.4,420.0,0,0,0.0,26.0,1,0,0.723
2024-08-04 19:00:00,32.7,71.7,26.0,27.3,420.0,0,0,0.0,26.0,1,0,0.851
2024-08-04 20:00:00,33.0,76.5,26.0,27.2,420.0,0,0,0.0,26.0,1,0,0.849
2024-08-04 21:00:00,30.0,78.5,26.0,27.3,420.0,0,0,0.0,26.0,1,0,0.597
2024-08-04 22:00:00,27.1,78.5,26.0,27.3,420.0,0,0,0.0,26.0,1,0,0.201
2024-08-04 23:00:00,27.5,81.4,26.0,27.4,420.0,0,0,0.0,26.0,1,0,0.221
2024-08-05 00:00:00,28.4,84.3,26.0,27.6,420.0,0,0,0.0,26.0,1,0,0.313
2024-08-05 01:00:00,27.0,85.0,26.0,27.9,420.0,0,0,0.0,26.0,1,0,0.196
2024-08-05 02:00:00,26.8,86.9,26.0,28.1,420.0,0,0,0.0,26.0,1,0,0.134
2024-08-05 03:00:00,25.0,86.0,26.0,28.4,420.0,0,0,0.0,26.0,1,0,-0.05
2024-08-05 04:00:00,23.7,87.2,26.0,28.6,420.0,0,0,0.0,26.0,1,0,-0.195
2024-08-05 05:00:00,25.6,83.4,26.0,28.8,420.0,0,0,0.0,26.0,1,0,0.018
2024-08-05 06:00:00,28.1,79.9,26.0,28.8,420.0,0,0,0.0,26.0,1,0,0.295
2024-08-05 07:00:00,26.9,85.1,26.0,29.0,420.0,0,0,0.0,26.0,1,0,0.162
2024-08-05 08:00:00,29.2,79.9,26.0,29.0,2642.0,20,1,0.333,26.0,1,0,1.403
2024-08-05 09:00:00,30.4,78.5,26.0,29.0,2198.0,20,1,0.333,26.0,1,0,1.524
2024-08-05 10:00:00,29.0,74.9,26.0,28.9,5000.0,59,1,0.983,26.0,1,0,2.658
2024-08-05 11:00:00,34.9,72.0,26.0,28.7,5000.0,59,1,0.983,26.0,1,0,3.263
2024-08-05 12:00:00,33.1,70.7,26.0,28.4,420.0,0,0,0.0,26.0,1,0,0.898
2024-08-05 13:00:00,34.2,69.3,26.0,28.2,420.0,0,0,0.0,26.0,1,0,0.999
2024-08-05 14:00:00,35.6,70.9,26.0,27.9,4531.0,37,1,0.617,26.0,1,0,2.479
2024-08-05 15:00:00,36.2,66.8,26.0,27.6,3709.0,37,1,0.617,26.0,1,0,2.683
2024-08-05 16:00:00,34.3,69.6,26.0,27.4,4429.0,42,1,0.7,26.0,1,0,2.473
2024-08-05 17:00:00,35.0,68.7,26.0,27.1,4285.0,42,1,0.7,26.0,1,0,2.53
2024-08-05 18:00:00,34.9,75.9,26.0,27.1,420.0,0,0,0.0,26.0,1,0,1.031
2024-08-05 19:00:00,31.0,72.5,26.0,26.9,420.0,0,0,0.0,26.0,1,0,0.617
2024-08-05 20:00:00,30.5,83.8,26.0,27.1,420.0,0,0,0.0,26.0,1,0,0.568
2024-08-05 21:00:00,29.4,83.0,26.0,27.3,420.0,0,0,0.0,26.0,1,0,0.476
2024-08-05 22:00:00,26.8,77.1,26.0,27.3,420.0,0,0,0.0,26.0,1,0,0.146
2024-08-05 23:00:00,26.5,79.5,26.0,27.4,420.0,0,0,0.0,26.0,1,0,0.12
2024-08-06 00:00:00,26.1,81.5,26.0,27.5,420.0,0,0,0.0,26.0,1,0,0.074
2024-08-06 01:00:00,24.4,88.4,26.0,27.8,420.0,0,0,0.0,26.0,1,0,-0.117
2024-08-06 02:00:00,27.0,88.6,26.0,28.2,420.0,0,0,0.0,26.0,1,0,0.166
2024-08-06 03:00:00,25.8,86.3,26.0,28.4,420.0,0,0,0.0,26.0,1,0,0.04
2024-08-06 04:00:00,24.4,82.9,26.0,28.5,420.0,0,0,0.0,26.0,1,0,-0.117
2024-08-06 05:00:00,26.2,81.4,26.0,28.6,420.0,0,0,0.0,26.0,1,0,0.092
2024-08-06 06:00:00,25.0,87.1,26.0,28.9,420.0,0,0,0.0,26.0,1,0,-0.05
2024-08-06 07:00:00,30.4,83.2,26.0,29.0,420.0,0,0,0.0,26.0,1,0,0.567
2024-08-06 08:00:00,30.4,79.3,26.0,29.0,2753.0,21,1,0.35,26.0,1,0,1.558
2024-08-06 09:00:00,28.0,79.8,26.0,29.0,2287.0,21,1,0.35,26.0,1,0,1.192
2024-08-06 10:00:00,32.1,76.1,26.0,28.9,2380.0,21,1,0.35,26.0,1,0,1.996
2024-08-06 11:00:00,32.1,76.9,26.0,28.9,2361.0,21,1,0.35,26.0,1,0,1.636
2024-08-06 12:00:00,32.1,70.0,26.0,28.6,420.0,0,0,0.0,26.0,1,0,0.656
2024-08-06 13:00:00,32.8,71.3,26.0,28.4,420.0,0,0,0.0,26.0,1,0,0.893
2024-08-06 14:00:00,33.2,68.2,26.0,28.1,5000.0,52,1,0.867,26.0,1,0,2.791
2024-08-06 15:00:00,33.9,69.2,26.0,27.8,5000.0,52,1,0.867,26.0,1,0,2.823
2024-08-06 16:00:00,32.6,70.5,26.0,27.6,5000.0,54,1,0.9,26.0,1,0,2.685
2024-08-06 17:00:00,36.2,71.5,26.0,27.4,5000.0,54,1,0.9,26.0,1,0,3.689
2024-08-06 18:00:00,35.8,76.3,26.0,27.4,420.0,0,0,0.0,26.0,1,0,1.193
2024-08-06 19:00:00,33.7,74.2,26.0,27.3,420.0,0,0,0.0,26.0,1,0,0.966
2024-08-06 20:00:00,31.3,78.2,26.0,27.3,420.0,0,0,0.0,26.0,1,0,0.665
2024-08-06 21:00:00,29.4,72.4,26.0,27.2,420.0,0,0,0.0,26.0,1,0,0.453
2024-08-06 22:00:00,29.4,76.7,26.0,27.2,420.0,0,0,0.0,26.0,1,0,0.493
2024-08-06 23:00:00,26.1,82.0,26.0,27.3,420.0,0,0,0.0,26.0,1,0,0.072
2024-08-07 00:00:00,26.3,79.4,26.0,27.4,420.0,0,0,0.0,26.0,1,0,0.085
2024-08-07 01:00:00,25.9,87.8,26.0,27.7,420.0,0,0,0.0,26.0,1,0,0.055
2024-08-07 02:00:00,23.5,89.5,26.0,28.0,420.0,0,0,0.0,26.0,1,0,-0.218
2024-08-07 03:00:00,22.7,92.4,26.0,28.5,420.0,0,0,0.0,26.0,1,0,-0.307
2024-08-07 04:00:00,24.6,86.2,26.0,28.7,420.0,0,0,0.0,26.0,1,0,-0.094
2024-08-07 05:00:00,22.8,84.7,26.0,28.9,420.0,0,0,0.0,26.0,1,0,-0.296
2024-08-07 06:00:00,26.8,83.4,26.0,29.0,420.0,0,0,0.0,26.0,1,0,0.158
2024-08-07 07:00:00,26.7,79.2,26.0,29.0,420.0,0,0,0.0,26.0,1,0,0.145
2024-08-07 08:00:00,30.4,80.2,26.0,29.1,3198.0,25,1,0.417,26.0,1,0,1.717
2024-08-07 09:00:00,32.3,76.4,26.0,29.0,2642.0,25,1,0.417,26.0,1,0,1.815
2024-08-07 10:00:00,30.6,78.4,26.0,29.0,4976.0,45,1,0.75,26.0,1,0,2.31
2024-08-07 11:00:00,30.1,70.4,26.0,28.7,4509.0,45,1,0.75,26.0,1,0,2.228
2024-08-07 12:00:00,35.2,68.8,26.0,28.4,420.0,0,0,0.0,26.0,1,0,1.052
2024-08-07 13:00:00,31.6,76.7,26.0,28.4,420.0,0,0,0.0,26.0,1,0,0.767
2024-08-07 14:00:00,32.7,70.8,26.0,28.1,4753.0,39,1,0.65,26.0,1,0,2.088
2024-08-07 15:00:00,35.1,61.6,26.0,27.6,3887.0,39,1,0.65,26.0,1,0,3.116
2024-08-07 16:00:00,34.4,71.6,26.0,27.4,5000.0,56,1,0.933,26.0,1,0,3.287
2024-08-07 17:00:00,34.9,73.8,26.0,27.3,5000.0,56,1,0.933,26.0,1,0,2.681
2024-08-07 18:00:00,33.0,74.5,26.0,27.3,420.0,0,0,0.0,26.0,1,0,0.832
2024-08-07 19:00:00,31.5,69.8,26.0,27.0,420.0,0,0,0.0,26.0,1,0,0.67
2024-08-07 20:00:00,29.3,71.5,26.0,26.9,420.0,0,0,0.0,26.0,1,0,0.446
2024-08-07 21:00:00,31.5,73.5,26.0,26.8,420.0,0,0,0.0,26.0,1,0,0.625
2024-08-07 22:00:00,29.1,79.3,26.0,26.8,420.0,0,0,0.0,26.0,1,0,0.411
2024-08-07 23:00:00,27.3,86.1,26.0,27.1,420.0,0,0,0.0,26.0,1,0,0.206
2024-08-08 00:00:00,25.8,85.5,26.0,27.4,420.0,0,0,0.0,26.0,1,0,0.038
2024-08-08 01:00:00,25.7,84.5,26.0,27.6,420.0,0,0,0.0,26.0,1,0,0.027
2024-08-08 02:00:00,28.6,81.4,26.0,27.7,420.0,0,0,0.0,26.0,1,0,0.38
2024-08-08 03:00:00,26.9,88.0,26.0,28.0,420.0,0,0,0.0,26.0,1,0,0.141
2024-08-08 04:00:00,24.5,90.6,26.0,28.4,420.0,0,0,0.0,26.0,1,0,-0.106
2024-08-08 05:00:00,22.9,83.4,26.0,28.5,420.0,0,0,0.0,26.0,1,0,-0.285
2024-08-08 06:00:00,24.7,84.9,26.0,28.7,420.0,0,0,0.0,26.0,1,0,-0.083
2024-08-08 07:00:00,25.8,83.3,26.0,28.9,420.0,0,0,0.0,26.0,1,0,0.045
2024-08-08 08:00:00,28.4,78.6,26.0,28.9,3864.0,31,1,0.517,26.0,1,0,1.722
2024-08-08 09:00:00,30.6,77.2,26.0,28.8,3176.0,31,1,0.517,26.0,1,0,1.834
2024-08-08 10:00:00,29.7,84.3,26.0,29.0,2091.0,20,1,0.333,26.0,1,0,1.43
2024-08-08 11:00:00,31.8,67.3,26.0,28.6,2308.0,20,1,0.333,26.0,1,0,1.815
2024-08-08 12:00:00,32.3,68.5,26.0,28.3,420.0,0,0,0.0,26.0,1,0,0.736
2024-08-08 13:00:00,35.6,72.0,26.0,28.1,420.0,0,0,0.0,26.0,1,0,1.094
2024-08-08 14:00:00,35.4,69.2,26.0,27.9,5000.0,49,1,0.817,26.0,1,0,2.851
2024-08-08 15:00:00,34.6,68.9,26.0,27.6,4948.0,49,1,0.817,26.0,1,0,3.146
2024-08-08 16:00:00,34.7,72.8,26.0,27.4,2070.0,23,1,0.383,26.0,1,0,2.289
2024-08-08 17:00:00,34.8,72.6,26.0,27.3,2646.0,23,1,0.383,26.0,1,0,1.85
2024-08-08 18:00:00,34.3,75.0,26.0,27.2,420.0,0,0,0.0,26.0,1,0,1.072
2024-08-08 19:00:00,32.9,75.1,26.0,27.2,420.0,0,0,0.0,26.0,1,0,0.89
2024-08-08 20:00:00,33.1,73.9,26.0,27.1,420.0,0,0,0.0,26.0,1,0,0.965
2024-08-08 21:00:00,28.7,74.4,26.0,27.0,420.0,0,0,0.0,26.0,1,0,0.376
2024-08-08 22:00:00,29.0,74.5,26.0,26.9,420.0,0,0,0.0,26.0,1,0,0.397
2024-08-08 23:00:00,28.2,81.7,26.0,27.1,420.0,0,0,0.0,26.0,1,0,0.337
2024-08-09 00:00:00,28.2,81.6,26.0,27.2,420.0,0,0,0.0,26.0,1,0,0.326
2024-08-09 01:00:00,25.4,88.3,26.0,27.5,420.0,0,0,0.0,26.0,1,0,-0.005
2024-08-09 02:00:00,27.2,83.7,26.0,27.7,420.0,0,0,0.0,26.0,1,0,0.232
2024-08-09 03:00:00,25.3,86.9,26.0,28.0,420.0,0,0,0.0,26.0,1,0,-0.016
2024-08-09 04:00:00,25.7,84.9,26.0,28.2,420.0,0,0,0.0,26.0,1,0,0.031
2024-08-09 05:00:00,27.6,79.3,26.0,28.2,420.0,0,0,0.0,26.0,1,0,0.245
2024-08-09 06:00:00,25.8,85.0,26.0,28.4,420.0,0,0,0.0,26.0,1,0,0.036
2024-08-09 07:00:00,28.2,86.1,26.0,28.7,420.0,0,0,0.0,26.0,1,0,0.297
2024-08-09 08:00:00,30.5,79.2,26.0,28.7,4864.0,40,1,0.667,26.0,1,0,1.89
2024-08-09 09:00:00,31.9,75.9,26.0,28.6,3976.0,40,1,0.667,26.0,1,0,2.255
2024-08-09 10:00:00,32.7,81.4,26.0,28.7,5000.0,52,1,0.867,26.0,1,0,2.965
2024-08-09 11:00:00,34.3,74.3,26.0,28.5,5000.0,52,1,0.867,26.0,1,0,2.94
2024-08-09 12:00:00,33.0,67.8,26.0,28.2,420.0,0,0,0.0,26.0,1,0,0.928
2024-08-09 13:00:00,34.8,67.7,26.0,27.9,420.0,0,0,0.0,26.0,1,0,1.088
2024-08-09 14:00:00,33.6,66.7,26.0,27.6,5000.0,53,1,0.883,26.0,1,0,2.799
2024-08-09 15:00:00,34.3,69.9,26.0,27.3,5000.0,53,1,0.883,26.0,1,0,2.99
2024-08-09 16:00:00,35.2,68.5,26.0,27.1,4837.0,48,1,0.8,26.0,1,0,3.021
2024-08-09 17:00:00,35.9,70.4,26.0,26.9,4870.0,48,1,0.8,26.0,1,0,3.02
2024-08-09 18:00:00,32.4,73.0,26.0,26.8,420.0,0,0,0.0,26.0,1,0,0.789
2024-08-09 19:00:00,35.4,75.0,26.0,26.7,420.0,0,0,0.0,26.0,1,0,1.047
2024-08-09 20:00:00,30.7,71.3,26.0,26.5,420.0,0,0,0.0,26.0,1,0,0.569
2024-08-09 21:00:00,29.7,78.7,26.0,26.6,420.0,0,0,0.0,26.0,1,0,0.563
2024-08-09 22:00:00,28.1,75.1,26.0,26.6,420.0,0,0,0.0,26.0,1,0,0.327
2024-08-09 23:00:00,26.2,86.4,26.0,26.9,420.0,0,0,0.0,26.0,1,0,0.075
2024-08-10 00:00:00,28.6,81.0,26.0,27.0,420.0,0,0,0.0,26.0,1,0,0.287
2024-08-10 01:00:00,26.7,81.4,26.0,27.1,420.0,0,0,0.0,26.0,1,0,0.142
2024-08-10 02:00:00,27.3,86.5,26.0,27.4,420.0,0,0,0.0,26.0,1,0,0.223
2024-08-10 03:00:00,26.4,80.9,26.0,27.5,420.0,0,0,0.0,26.0,1,0,0.103
2024-08-10 04:00:00,26.2,85.7,26.0,27.7,420.0,0,0,0.0,26.0,1,0,0.092
2024-08-10 05:00:00,26.9,87.7,26.0,28.0,420.0,0,0,0.0,26.0,1,0,0.164
2024-08-10 06:00:00,26.6,81.9,26.0,28.2,420.0,0,0,0.0,26.0,1,0,0.128
2024-08-10 07:00:00,28.7,81.8,26.0,28.3,420.0,0,0,0.0,26.0,1,0,0.39
2024-08-10 08:00:00,27.4,77.3,26.0,28.2,420.0,0,0,0.0,26.0,1,0,0.215
2024-08-10 09:00:00,27.8,76.5,26.0,28.2,420.0,0,0,0.0,26.0,1,0,0.266
2024-08-10 10:00:00,32.9,76.5,26.0,28.1,420.0,0,0,0.0,26.0,1,0,0.891
2024-08-10 11:00:00,31.7,76.4,26.0,28.1,420.0,0,0,0.0,26.0,1,0,0.71
2024-08-10 12:00:00,32.3,72.6,26.0,27.9,420.0,0,0,0.0,26.0,1,0,0.899
2024-08-10 13:00:00,34.1,73.4,26.0,27.8,420.0,0,0,0.0,26.0,1,0,1.035
2024-08-10 14:00:00,32.5,67.7,26.0,27.5,420.0,0,0,0.0,26.0,1,0,0.841
2024-08-10 15:00:00,32.5,69.2,26.0,27.2,420.0,0,0,0.0,26.0,1,0,0.796
2024-08-10 16:00:00,36.6,68.8,26.0,27.0,420.0,0,0,0.0,26.0,1,0,1.344
2024-08-10 17:00:00,33.6,73.7,26.0,26.9,420.0,0,0,0.0,26.0,1,0,0.893
2024-08-10 18:00:00,35.1,72.1,26.0,26.7,420.0,0,0,0.0,26.0,1,0,1.106
2024-08-10 19:00:00,33.5,70.8,26.0,26.6,420.0,0,0,0.0,26.0,1,0,0.837
2024-08-10 20:00:00,33.4,82.4,26.0,26.7,420.0,0,0,0.0,26.0,1,0,0.966
2024-08-10 21:00:00,30.8,71.7,26.0,26.6,420.0,0,0,0.0,26.0,1,0,0.614
2024-08-10 22:00:00,27.9,81.9,26.0,26.7,420.0,0,0,0.0,26.0,1,0,0.319
2024-08-10 23:00:00,26.9,85.8,26.0,27.0,420.0,0,0,0.0,26.0,1,0,0.195
2024-08-11 00:00:00,27.3,81.5,26.0,27.2,420.0,0,0,0.0,26.0,1,0,0.221
2024-08-11 01:00:00,25.7,82.2,26.0,27.3,420.0,0,0,0.0,26.0,1,0,0.029
2024-08-11 02:00:00,24.9,84.1,26.0,27.5,420.0,0,0,0.0,26.0,1,0,-0.061
2024-08-11 03:00:00,26.8,92.3,26.0,28.0,420.0,0,0,0.0,26.0,1,0,0.141
2024-08-11 04:00:00,23.0,80.0,26.0,28.0,420.0,0,0,0.0,26.0,1,0,-0.274
2024-08-11 05:00:00,25.3,80.4,26.0,28.1,420.0,0,0,0.0,26.0,1,0,-0.016
2024-08-11 06:00:00,26.5,85.9,26.0,28.3,420.0,0,0,0.0,26.0,1,0,0.127
2024-08-11 07:00:00,29.7,82.6,26.0,28.4,420.0,0,0,0.0,26.0,1,0,0.488
2024-08-11 08:00:00,28.4,74.1,26.0,28.3,420.0,0,0,0.0,26.0,1,0,0.352
2024-08-11 09:00:00,30.0,78.2,26.0,28.3,420.0,0,0,0.0,26.0,1,0,0.59
2024-08-11 10:00:00,32.3,73.8,26.0,28.2,420.0,0,0,0.0,26.0,1,0,0.727
2024-08-11 11:00:00,31.8,69.6,26.0,27.9,420.0,0,0,0.0,26.0,1,0,0.67
2024-08-11 12:00:00,30.1,69.0,26.0,27.7,420.0,0,0,0.0,26.0,1,0,0.523
2024-08-11 13:00:00,32.0,72.1,26.0,27.5,420.0,0,0,0.0,26.0,1,0,0.795
2024-08-11 14:00:00,34.1,68.7,26.0,27.2,420.0,0,0,0.0,26.0,1,0,1.023
2024-08-11 15:00:00,33.5,60.3,26.0,26.7,420.0,0,0,0.0,26.0,1,0,0.845
2024-08-11 16:00:00,37.1,67.3,26.0,26.4,420.0,0,0,0.0,26.0,1,0,1.391
2024-08-11 17:00:00,33.7,66.7,26.0,26.1,420.0,0,0,0.0,26.0,1,0,0.839
2024-08-11 18:00:00,35.0,72.8,26.0,26.0,420.0,0,0,0.0,26.0,1,0,0.999
2024-08-11 19:00:00,31.3,72.8,26.0,25.9,420.0,0,0,0.0,26.0,1,0,0.65
2024-08-11 20:00:00,33.8,75.7,26.0,25.9,420.0,0,0,0.0,26.0,1,0,0.895
2024-08-11 21:00:00,29.7,75.2,26.0,25.9,420.0,0,0,0.0,26.0,1,0,0.511
2024-08-11 22:00:00,25.9,79.6,26.0,26.0,420.0,0,0,0.0,26.0,1,0,0.052
2024-08-11 23:00:00,28.0,85.3,26.0,26.3,420.0,0,0,0.0,26.0,1,0,0.327
2024-08-12 00:00:00,23.1,80.3,26.0,26.4,420.0,0,0,0.0,26.0,1,0,-0.262
2024-08-12 01:00:00,24.8,84.9,26.0,26.7,420.0,0,0,0.0,26.0,1,0,-0.072
2024-08-12 02:00:00,25.0,85.4,26.0,26.9,420.0,0,0,0.0,26.0,1,0,-0.05
2024-08-12 03:00:00,25.6,83.3,26.0,27.1,420.0,0,0,0.0,26.0,1,0,0.017
2024-08-12 04:00:00,26.6,87.0,26.0,27.4,420.0,0,0,0.0,26.0,1,0,0.128
2024-08-12 05:00:00,25.2,89.7,26.0,27.8,420.0,0,0,0.0,26.0,1,0,-0.027
2024-08-12 06:00:00,28.8,86.5,26.0,28.1,420.0,0,0,0.0,26.0,1,0,0.413
2024-08-12 07:00:00,23.0,86.7,26.0,28.3,420.0,0,0,0.0,26.0,1,0,-0.271
2024-08-12 08:00:00,29.9,86.1,26.0,28.5,4198.0,34,1,0.567,26.0,1,0,1.866
2024-08-12 09:00:00,31.9,82.7,26.0,28.7,3442.0,34,1,0.567,26.0,1,0,2.358
2024-08-12 10:00:00,32.6,80.0,26.0,28.7,5000.0,57,1,0.95,26.0,1,0,3.031
2024-08-12 11:00:00,35.5,74.6,26.0,28.6,5000.0,57,1,0.95,26.0,1,0,2.623
2024-08-12 12:00:00,31.2,71.4,26.0,28.4,420.0,0,0,0.0,26.0,1,0,0.718
2024-08-12 13:00:00,34.9,71.3,26.0,28.2,420.0,0,0,0.0,26.0,1,0,1.149
2024-08-12 14:00:00,33.0,65.4,26.0,27.8,5000.0,56,1,0.933,26.0,1,0,3.141
2024-08-12 15:00:00,33.9,72.4,26.0,27.6,5000.0,56,1,0.933,26.0,1,0,2.557
2024-08-12 16:00:00,37.2,73.0,26.0,27.5,5000.0,53,1,0.883,26.0,1,0,3.117
2024-08-12 17:00:00,35.9,70.8,26.0,27.3,5000.0,53,1,0.883,26.0,1,0,2.995
2024-08-12 18:00:00,30.9,71.0,26.0,27.1,420.0,0,0,0.0,26.0,1,0,0.57
2024-08-12 19:00:00,32.1,72.5,26.0,27.0,420.0,0,0,0.0,26.0,1,0,0.85
2024-08-12 20:00:00,31.4,77.3,26.0,27.0,420.0,0,0,0.0,26.0,1,0,0.667
2024-08-12 21:00:00,31.3,77.2,26.0,27.0,420.0,0,0,0.0,26.0,1,0,0.654
2024-08-12 22:00:00,25.9,78.6,26.0,27.0,420.0,0,0,0.0,26.0,1,0,0.054
2024-08-12 23:00:00,27.6,85.7,26.0,27.3,420.0,0,0,0.0,26.0,1,0,0.253
2024-08-13 00:00:00,25.6,85.2,26.0,27.5,420.0,0,0,0.0,26.0,1,0,0.013
2024-08-13 01:00:00,26.1,85.1,26.0,27.7,420.0,0,0,0.0,26.0,1,0,0.07
2024-08-13 02:00:00,26.6,83.7,26.0,27.9,420.0,0,0,0.0,26.0,1,0,0.115
2024-08-13 03:00:00,24.1,86.0,26.0,28.2,420.0,0,0,0.0,26.0,1,0,-0.15
2024-08-13 04:00:00,24.2,87.3,26.0,28.4,420.0,0,0,0.0,26.0,1,0,-0.139
2024-08-13 05:00:00,24.6,85.6,26.0,28.7,420.0,0,0,0.0,26.0,1,0,-0.094
2024-08-13 06:00:00,26.3,84.3,26.0,28.8,420.0,0,0,0.0,26.0,1,0,0.099
2024-08-13 07:00:00,26.8,81.0,26.0,28.9,420.0,0,0,0.0,26.0,1,0,0.151
2024-08-13 08:00:00,28.8,80.7,26.0,28.9,5000.0,47,1,0.783,26.0,1,0,2.166
2024-08-13 09:00:00,30.0,83.1,26.0,29.1,4726.0,47,1,0.783,26.0,1,0,1.917
2024-08-13 10:00:00,29.8,75.7,26.0,29.0,2559.0,27,1,0.45,26.0,1,0,1.613
2024-08-13 11:00:00,30.1,75.1,26.0,28.9,2992.0,27,1,0.45,26.0,1,0,1.84
2024-08-13 12:00:00,31.9,71.5,26.0,28.6,420.0,0,0,0.0,26.0,1,0,0.818
2024-08-13 13:00:00,33.8,71.9,26.0,28.4,420.0,0,0,0.0,26.0,1,0,1.002
2024-08-13 14:00:00,34.0,68.5,26.0,28.1,4087.0,33,1,0.55,26.0,1,0,2.065
2024-08-13 15:00:00,37.2,70.9,26.0,27.9,3353.0,33,1,0.55,26.0,1,0,2.938
2024-08-13 16:00:00,34.0,69.5,26.0,27.7,4389.0,41,1,0.683,26.0,1,0,2.706
2024-08-13 17:00:00,36.8,70.4,26.0,27.4,4182.0,41,1,0.683,26.0,1,0,2.842
2024-08-13 18:00:00,32.5,70.3,26.0,27.2,420.0,0,0,0.0,26.0,1,0,0.663
2024-08-13 19:00:00,31.7,72.2,26.0,27.1,420.0,0,0,0.0,26.0,1,0,0.755
2024-08-13 20:00:00,29.4,72.6,26.0,26.9,420.0,0,0,0.0,26.0,1,0,0.422
2024-08-13 21:00:00,28.8,79.8,26.0,27.0,420.0,0,0,0.0,26.0,1,0,0.387
2024-08-13 22:00:00,28.1,79.4,26.0,27.1,420.0,0,0,0.0,26.0,1,0,0.299
2024-08-13 23:00:00,29.4,85.9,26.0,27.4,420.0,0,0,0.0,26.0,1,0,0.498
2024-08-14 00:00:00,26.0,81.8,26.0,27.5,420.0,0,0,0.0,26.0,1,0,0.062
2024-08-14 01:00:00,24.4,87.0,26.0,27.8,420.0,0,0,0.0,26.0,1,0,-0.117
2024-08-14 02:00:00,24.9,84.6,26.0,28.0,420.0,0,0,0.0,26.0,1,0,-0.061
2024-08-14 03:00:00,23.8,83.7,26.0,28.2,420.0,0,0,0.0,26.0,1,0,-0.184
2024-08-14 04:00:00,25.7,81.8,26.0,28.3,420.0,0,0,0.0,26.0,1,0,0.029
2024-08-14 05:00:00,27.2,83.3,26.0,28.4,420.0,0,0,0.0,26.0,1,0,0.222
2024-08-14 06:00:00,26.2,79.6,26.0,28.5,420.0,0,0,0.0,26.0,1,0,0.08
2024-08-14 07:00:00,27.5,81.0,26.0,28.5,420.0,0,0,0.0,26.0,1,0,0.249
2024-08-14 08:00:00,28.6,84.5,26.0,28.7,4087.0,33,1,0.55,26.0,1,0,1.676
2024-08-14 09:00:00,30.3,75.6,26.0,28.6,3353.0,33,1,0.55,26.0,1,0,1.744
2024-08-14 10:00:00,30.2,77.7,26.0,28.6,2500.0,24,1,0.4,26.0,1,0,1.605
2024-08-14 11:00:00,34.4,74.8,26.0,28.5,2671.0,24,1,0.4,26.0,1,0,2.192
2024-08-14 12:00:00,34.6,74.2,26.0,28.3,420.0,0,0,0.0,26.0,1,0,1.15
2024-08-14 13:00:00,36.5,65.2,26.0,28.0,420.0,0,0,0.0,26.0,1,0,1.397
2024-08-14 14:00:00,35.8,73.2,26.0,27.8,2642.0,20,1,0.333,26.0,1,0,2.058
2024-08-14 15:00:00,33.0,67.3,26.0,27.5,2198.0,20,1,0.333,26.0,1,0,1.651
2024-08-14 16:00:00,33.6,68.1,26.0,27.2,4953.0,44,1,0.733,26.0,1,0,2.541
2024-08-14 17:00:00,33.6,71.8,26.0,27.1,4402.0,44,1,0.733,26.0,1,0,2.358
2024-08-14 18:00:00,34.8,75.6,26.0,27.0,420.0,0,0,0.0,26.0,1,0,1.03
2024-08-14 19:00:00,31.2,71.5,26.0,26.8,420.0,0,0,0.0,26.0,1,0,0.627
2024-08-14 20:00:00,33.3,77.9,26.0,26.9,420.0,0,0,0.0,26.0,1,0,0.932
2024-08-14 21:00:00,30.1,79.4,26.0,26.9,420.0,0,0,0.0,26.0,1,0,0.43
2024-08-14 22:00:00,28.7,81.6,26.0,27.1,420.0,0,0,0.0,26.0,1,0,0.344
2024-08-14 23:00:00,27.0,82.8,26.0,27.3,420.0,0,0,0.0,26.0,1,0,0.164
2024-08-15 00:00:00,24.2,81.6,26.0,27.4,420.0,0,0,0.0,26.0,1,0,-0.139
2024-08-15 01:00:00,24.7,83.8,26.0,27.6,420.0,0,0,0.0,26.0,1,0,-0.083
2024-08-15 02:00:00,23.8,84.1,26.0,27.8,420.0,0,0,0.0,26.0,1,0,-0.184
2024-08-15 03:00:00,22.7,87.6,26.0,28.1,420.0,0,0,0.0,26.0,1,0,-0.307
2024-08-15 04:00:00,25.0,80.6,26.0,28.1,420.0,0,0,0.0,26.0,1,0,-0.05
2024-08-15 05:00:00,24.4,85.9,26.0,28.4,420.0,0,0,0.0,26.0,1,0,-0.117
2024-08-15 06:00:00,25.6,81.6,26.0,28.5,420.0,0,0,0.0,26.0,1,0,0.019
2024-08-15 07:00:00,27.4,83.0,26.0,28.6,420.0,0,0,0.0,26.0,1,0,0.202
2024-08-15 08:00:00,26.6,81.7,26.0,28.7,3420.0,27,1,0.45,26.0,1,0,1.315
2024-08-15 09:00:00,28.8,77.9,26.0,28.7,2820.0,27,1,0.45,26.0,1,0,1.525
2024-08-15 10:00:00,31.2,74.3,26.0,28.6,4162.0,38,1,0.633,26.0,1,0,2.335
2024-08-15 11:00:00,31.0,73.1,26.0,28.4,3894.0,38,1,0.633,26.0,1,0,2.235
2024-08-15 12:00:00,36.0,68.3,26.0,28.1,420.0,0,0,0.0,26.0,1,0,1.206
2024-08-15 13:00:00,36.9,70.3,26.0,27.9,420.0,0,0,0.0,26.0,1,0,1.237
2024-08-15 14:00:00,34.9,67.0,26.0,27.5,2642.0,20,1,0.333,26.0,1,0,1.709
2024-08-15 15:00:00,33.8,68.5,26.0,27.3,2198.0,20,1,0.333,26.0,1,0,1.919
2024-08-15 16:00:00,33.3,69.6,26.0,27.0,2953.0,26,1,0.433,26.0,1,0,2.096
2024-08-15 17:00:00,33.7,76.6,26.0,27.0,2802.0,26,1,0.433,26.0,1,0,1.794
2024-08-15 18:00:00,31.8,72.7,26.0,26.9,420.0,0,0,0.0,26.0,1,0,0.642
2024-08-15 19:00:00,32.9,70.8,26.0,26.7,420.0,0,0,0.0,26.0,1,0,0.852
2024-08-15 20:00:00,32.3,74.7,26.0,26.6,420.0,0,0,0.0,26.0,1,0,0.789
2024-08-15 21:00:00,26.3,80.0,26.0,26.7,420.0,0,0,0.0,26.0,1,0,0.088
2024-08-15 22:00:00,27.0,76.9,26.0,26.7,420.0,0,0,0.0,26.0,1,0,0.167
2024-08-15 23:00:00,28.5,81.0,26.0,26.9,420.0,0,0,0.0,26.0,1,0,0.292
2024-08-16 00:00:00,27.8,87.3,26.0,27.2,420.0,0,0,0.0,26.0,1,0,0.293
2024-08-16 01:00:00,24.7,87.3,26.0,27.5,420.0,0,0,0.0,26.0,1,0,-0.083
2024-08-16 02:00:00,24.0,92.4,26.0,27.9,420.0,0,0,0.0,26.0,1,0,-0.162
2024-08-16 03:00:00,24.0,89.1,26.0,28.3,420.0,0,0,0.0,26.0,1,0,-0.162
2024-08-16 04:00:00,26.4,86.7,26.0,28.5,420.0,0,0,0.0,26.0,1,0,0.096
2024-08-16 05:00:00,24.7,84.5,26.0,28.7,420.0,0,0,0.0,26.0,1,0,-0.083
2024-08-16 06:00:00,23.2,84.3,26.0,28.9,420.0,0,0,0.0,26.0,1,0,-0.251
2024-08-16 07:00:00,28.0,82.4,26.0,29.0,420.0,0,0,0.0,26.0,1,0,0.302
2024-08-16 08:00:00,24.2,76.3,26.0,28.9,2753.0,21,1,0.35,26.0,1,0,0.833
2024-08-16 09:00:00,28.9,78.9,26.0,28.9,2287.0,21,1,0.35,26.0,1,0,1.505
2024-08-16 10:00:00,31.7,75.4,26.0,28.8,5000.0,50,1,0.833,26.0,1,0,2.422
2024-08-16 11:00:00,33.5,70.9,26.0,28.6,5000.0,50,1,0.833,26.0,1,0,2.802
2024-08-16 12:00:00,34.5,73.8,26.0,28.4,420.0,0,0,0.0,26.0,1,0,0.887
2024-08-16 13:00:00,34.9,70.5,26.0,28.2,420.0,0,0,0.0,26.0,1,0,0.904
2024-08-16 14:00:00,37.6,71.8,26.0,28.0,2642.0,20,1,0.333,26.0,1,0,2.42
2024-08-16 15:00:00,33.5,70.7,26.0,27.8,2198.0,20,1,0.333,26.0,1,0,1.584
2024-08-16 16:00:00,36.0,68.5,26.0,27.5,3620.0,32,1,0.533,26.0,1,0,2.455
2024-08-16 17:00:00,36.0,72.2,26.0,27.3,3336.0,32,1,0.533,26.0,1,0,2.7
2024-08-16 18:00:00,30.0,73.2,26.0,27.2,420.0,0,0,0.0,26.0,1,0,0.541
2024-08-16 19:00:00,31.9,75.6,26.0,27.2,420.0,0,0,0.0,26.0,1,0,0.685
2024-08-16 20:00:00,32.7,76.5,26.0,27.1,420.0,0,0,0.0,26.0,1,0,0.71
2024-08-16 21:00:00,32.5,77.5,26.0,27.1,420.0,0,0,0.0,26.0,1,0,0.823
2024-08-16 22:00:00,29.6,82.5,26.0,27.3,420.0,0,0,0.0,26.0,1,0,0.516
2024-08-16 23:00:00,27.4,84.3,26.0,27.5,420.0,0,0,0.0,26.0,1,0,0.208
2024-08-17 00:00:00,25.6,82.4,26.0,27.7,420.0,0,0,0.0,26.0,1,0,0.017
2024-08-17 01:00:00,23.7,85.7,26.0,27.9,420.0,0,0,0.0,26.0,1,0,-0.195
2024-08-17 02:00:00,25.7,89.3,26.0,28.2,420.0,0,0,0.0,26.0,1,0,0.028
2024-08-17 03:00:00,26.2,85.1,26.0,28.5,420.0,0,0,0.0,26.0,1,0,0.089
2024-08-17 04:00:00,23.4,87.0,26.0,28.7,420.0,0,0,0.0,26.0,1,0,-0.229
2024-08-17 05:00:00,27.3,87.2,26.0,29.0,420.0,0,0,0.0,26.0,1,0,0.229
2024-08-17 06:00:00,28.1,83.0,26.0,29.1,420.0,0,0,0.0,26.0,1,0,0.268
2024-08-17 07:00:00,26.8,79.8,26.0,29.1,420.0,0,0,0.0,26.0,1,0,0.136
2024-08-17 08:00:00,28.6,79.8,26.0,29.1,420.0,0,0,0.0,26.0,1,0,0.427
2024-08-17 09:00:00,30.3,77.6,26.0,29.1,420.0,0,0,0.0,26.0,1,0,0.544
2024-08-17 10:00:00,31.1,73.6,26.0,28.9,420.0,0,0,0.0,26.0,1,0,0.657
2024-08-17 11:00:00,33.9,74.2,26.0,28.8,420.0,0,0,0.0,26.0,1,0,0.905
2024-08-17 12:00:00,33.3,70.1,26.0,28.5,420.0,0,0,0.0,26.0,1,0,0.927
2024-08-17 13:00:00,32.3,75.0,26.0,28.4,420.0,0,0,0.0,26.0,1,0,0.839
2024-08-17 14:00:00,35.7,65.4,26.0,28.0,420.0,0,0,0.0,26.0,1,0,1.187
2024-08-17 15:00:00,36.1,72.8,26.0,27.9,420.0,0,0,0.0,26.0,1,0,1.369
2024-08-17 16:00:00,35.0,75.1,26.0,27.8,420.0,0,0,0.0,26.0,1,0,1.048
2024-08-17 17:00:00,34.7,66.8,26.0,27.5,420.0,0,0,0.0,26.0,1,0,1.018
2024-08-17 18:00:00,34.1,73.1,26.0,27.3,420.0,0,0,0.0,26.0,1,0,0.988
2024-08-17 19:00:00,31.6,75.7,26.0,27.3,420.0,0,0,0.0,26.0,1,0,0.716
2024-08-17 20:00:00,28.8,78.9,26.0,27.3,420.0,0,0,0.0,26.0,1,0,0.383
2024-08-17 21:00:00,28.7,75.0,26.0,27.3,420.0,0,0,0.0,26.0,1,0,0.327
2024-08-17 22:00:00,28.5,81.4,26.0,27.4,420.0,0,0,0.0,26.0,1,0,0.351
2024-08-17 23:00:00,27.7,79.8,26.0,27.4,420.0,0,0,0.0,26.0,1,0,0.245
2024-08-18 00:00:00,25.7,80.3,26.0,27.5,420.0,0,0,0.0,26.0,1,0,0.028
2024-08-18 01:00:00,25.3,88.2,26.0,27.9,420.0,0,0,0.0,26.0,1,0,-0.016
2024-08-18 02:00:00,25.2,88.3,26.0,28.2,420.0,0,0,0.0,26.0,1,0,-0.027
2024-08-18 03:00:00,27.2,84.2,26.0,28.3,420.0,0,0,0.0,26.0,1,0,0.197
2024-08-18 04:00:00,24.9,92.2,26.0,28.8,420.0,0,0,0.0,26.0,1,0,-0.061
2024-08-18 05:00:00,27.8,79.9,26.0,28.8,420.0,0,0,0.0,26.0,1,0,0.244
2024-08-18 06:00:00,27.0,83.7,26.0,28.9,420.0,0,0,0.0,26.0,1,0,0.159
2024-08-18 07:00:00,28.7,79.8,26.0,29.0,420.0,0,0,0.0,26.0,1,0,0.291
2024-08-18 08:00:00,27.4,78.0,26.0,28.9,420.0,0,0,0.0,26.0,1,0,0.256
2024-08-18 09:00:00,29.1,80.4,26.0,29.0,420.0,0,0,0.0,26.0,1,0,0.436
2024-08-18 10:00:00,29.5,74.1,26.0,28.8,420.0,0,0,0.0,26.0,1,0,0.46
2024-08-18 11:00:00,29.8,77.0,26.0,28.8,420.0,0,0,0.0,26.0,1,0,0.472
2024-08-18 12:00:00,35.4,71.4,26.0,28.6,420.0,0,0,0.0,26.0,1,0,0.868
2024-08-18 13:00:00,33.9,72.4,26.0,28.4,420.0,0,0,0.0,26.0,1,0,0.903
2024-08-18 14:00:00,37.0,71.5,26.0,28.2,420.0,0,0,0.0,26.0,1,0,1.379
2024-08-18 15:00:00,34.0,65.1,26.0,27.8,420.0,0,0,0.0,26.0,1,0,1.04
2024-08-18 16:00:00,33.2,70.5,26.0,27.6,420.0,0,0,0.0,26.0,1,0,0.92
2024-08-18 17:00:00,33.3,71.7,26.0,27.4,420.0,0,0,0.0,26.0,1,0,0.894
2024-08-18 18:00:00,32.7,69.2,26.0,27.1,420.0,0,0,0.0,26.0,1,0,0.898
2024-08-18 19:00:00,30.7,78.7,26.0,27.2,420.0,0,0,0.0,26.0,1,0,0.574
2024-08-18 20:00:00,32.6,81.1,26.0,27.3,420.0,0,0,0.0,26.0,1,0,0.872
2024-08-18 21:00:00,30.8,76.7,26.0,27.3,420.0,0,0,0.0,26.0,1,0,0.582
2024-08-18 22:00:00,30.7,80.0,26.0,27.4,420.0,0,0,0.0,26.0,1,0,0.548
2024-08-18 23:00:00,27.8,81.9,26.0,27.5,420.0,0,0,0.0,26.0,1,0,0.243
2024-08-19 00:00:00,22.0,88.5,26.0,27.8,420.0,0,0,0.0,26.0,1,0,-0.386
2024-08-19 01:00:00,26.4,85.9,26.0,28.1,420.0,0,0,0.0,26.0,1,0,0.098
2024-08-19 02:00:00,25.1,86.2,26.0,28.3,420.0,0,0,0.0,26.0,1,0,-0.038
2024-08-19 03:00:00,24.1,87.8,26.0,28.6,420.0,0,0,0.0,26.0,1,0,-0.15
2024-08-19 04:00:00,23.2,86.3,26.0,28.8,420.0,0,0,0.0,26.0,1,0,-0.251
2024-08-19 05:00:00,26.5,84.3,26.0,29.0,420.0,0,0,0.0,26.0,1,0,0.125
2024-08-19 06:00:00,27.0,80.7,26.0,29.0,420.0,0,0,0.0,26.0,1,0,0.164
2024-08-19 07:00:00,26.1,82.7,26.0,29.2,420.0,0,0,0.0,26.0,1,0,0.07
2024-08-19 08:00:00,29.7,74.4,26.0,29.0,3642.0,29,1,0.483,26.0,1,0,1.799
2024-08-19 09:00:00,30.8,76.4,26.0,28.9,2998.0,29,1,0.483,26.0,1,0,1.875
2024-08-19 10:00:00,31.0,71.9,26.0,28.7,5000.0,56,1,0.933,26.0,1,0,2.902
2024-08-19 11:00:00,31.2,76.9,26.0,28.7,5000.0,56,1,0.933,26.0,1,0,2.83
2024-08-19 12:00:00,33.6,71.2,26.0,28.4,420.0,0,0,0.0,26.0,1,0,0.869
2024-08-19 13:00:00,34.2,72.5,26.0,28.3,420.0,0,0,0.0,26.0,1,0,0.998
2024-08-19 14:00:00,35.5,70.0,26.0,28.0,5000.0,45,1,0.75,26.0,1,0,2.884
2024-08-19 15:00:00,36.6,72.9,26.0,27.9,4504.0,45,1,0.75,26.0,1,0,2.758
2024-08-19 16:00:00,35.4,70.4,26.0,27.6,2714.0,28,1,0.467,26.0,1,0,2.105
2024-08-19 17:00:00,35.3,72.0,26.0,27.5,3072.0,28,1,0.467,26.0,1,0,2.17
2024-08-19 18:00:00,35.1,75.0,26.0,27.4,420.0,0,0,0.0,26.0,1,0,1.258
2024-08-19 19:00:00,31.0,70.7,26.0,27.2,420.0,0,0,0.0,26.0,1,0,0.602
2024-08-19 20:00:00,30.2,78.9,26.0,27.2,420.0,0,0,0.0,26.0,1,0,0.586
2024-08-19 21:00:00,27.6,79.2,26.0,27.3,420.0,0,0,0.0,26.0,1,0,0.233
2024-08-19 22:00:00,29.2,83.6,26.0,27.5,420.0,0,0,0.0,26.0,1,0,0.451
2024-08-19 23:00:00,27.8,78.0,26.0,27.5,420.0,0,0,0.0,26.0,1,0,0.283
2024-08-20 00:00:00,25.0,80.1,26.0,27.6,420.0,0,0,0.0,26.0,1,0,-0.05
2024-08-20 01:00:00,24.9,84.4,26.0,27.8,420.0,0,0,0.0,26.0,1,0,-0.061
2024-08-20 02:00:00,23.4,90.1,26.0,28.2,420.0,0,0,0.0,26.0,1,0,-0.229
2024-08-20 03:00:00,23.0,90.0,26.0,28.5,420.0,0,0,0.0,26.0,1,0,-0.274
2024-08-20 04:00:00,26.9,88.4,26.0,28.8,420.0,0,0,0.0,26.0,1,0,0.176
2024-08-20 05:00:00,24.6,86.0,26.0,29.0,420.0,0,0,0.0,26.0,1,0,-0.094
2024-08-20 06:00:00,24.5,86.4,26.0,29.3,420.0,0,0,0.0,26.0,1,0,-0.106
2024-08-20 07:00:00,27.4,80.8,26.0,29.3,420.0,0,0,0.0,26.0,1,0,0.229
2024-08-20 08:00:00,26.9,72.6,26.0,29.1,5000.0,44,1,0.733,26.0,1,0,2.061
2024-08-20 09:00:00,28.4,81.3,26.0,29.2,4393.0,44,1,0.733,26.0,1,0,2.088
2024-08-20 10:00:00,30.7,75.4,26.0,29.0,5000.0,56,1,0.933,26.0,1,0,3.026
2024-08-20 11:00:00,33.5,79.4,26.0,29.1,5000.0,56,1,0.933,26.0,1,0,2.59
2024-08-20 12:00:00,35.5,69.4,26.0,28.8,420.0,0,0,0.0,26.0,1,0,1.17
2024-08-20 13:00:00,31.4,78.2,26.0,28.8,420.0,0,0,0.0,26.0,1,0,0.694
2024-08-20 14:00:00,38.2,70.8,26.0,28.5,5000.0,56,1,0.933,26.0,1,0,3.239
2024-08-20 15:00:00,33.1,72.9,26.0,28.3,5000.0,56,1,0.933,26.0,1,0,3.064
2024-08-20 16:00:00,34.7,69.9,26.0,28.1,5000.0,52,1,0.867,26.0,1,0,2.625
2024-08-20 17:00:00,35.7,72.1,26.0,27.9,5000.0,52,1,0.867,26.0,1,0,2.928
2024-08-20 18:00:00,31.8,71.4,26.0,27.7,420.0,0,0,0.0,26.0,1,0,0.598
2024-08-20 19:00:00,33.5,75.5,26.0,27.7,420.0,0,0,0.0,26.0,1,0,1.015
2024-08-20 20:00:00,31.7,78.7,26.0,27.7,420.0,0,0,0.0,26.0,1,0,0.688
2024-08-20 21:00:00,29.5,78.5,26.0,27.7,420.0,0,0,0.0,26.0,1,0,0.533
2024-08-20 22:00:00,23.6,78.7,26.0,27.7,420.0,0,0,0.0,26.0,1,0,-0.206
2024-08-20 23:00:00,28.6,80.8,26.0,27.8,420.0,0,0,0.0,26.0,1,0,0.377
2024-08-21 00:00:00,25.8,80.5,26.0,27.9,420.0,0,0,0.0,26.0,1,0,0.042
2024-08-21 01:00:00,27.2,86.6,26.0,28.2,420.0,0,0,0.0,26.0,1,0,0.188
2024-08-21 02:00:00,26.4,80.5,26.0,28.2,420.0,0,0,0.0,26.0,1,0,0.098
2024-08-21 03:00:00,24.8,85.2,26.0,28.4,420.0,0,0,0.0,26.0,1,0,-0.072
2024-08-21 04:00:00,24.7,83.9,26.0,28.6,420.0,0,0,0.0,26.0,1,0,-0.083
2024-08-21 05:00:00,25.2,87.5,26.0,28.9,420.0,0,0,0.0,26.0,1,0,-0.027
2024-08-21 06:00:00,23.6,89.0,26.0,29.2,420.0,0,0,0.0,26.0,1,0,-0.206
2024-08-21 07:00:00,28.2,81.9,26.0,29.3,420.0,0,0,0.0,26.0,1,0,0.325
2024-08-21 08:00:00,30.1,75.7,26.0,29.2,4087.0,33,1,0.55,26.0,1,0,1.861
2024-08-21 09:00:00,29.0,77.6,26.0,29.1,3353.0,33,1,0.55,26.0,1,0,1.563
2024-08-21 10:00:00,33.3,75.8,26.0,29.0,2278.0,22,1,0.367,26.0,1,0,1.661
2024-08-21 11:00:00,33.2,72.2,26.0,28.8,2493.0,22,1,0.367,26.0,1,0,1.736
2024-08-21 12:00:00,34.3,77.4,26.0,28.8,420.0,0,0,0.0,26.0,1,0,1.15
2024-08-21 13:00:00,35.8,70.8,26.0,28.5,420.0,0,0,0.0,26.0,1,0,1.379
2024-08-21 14:00:00,35.8,72.0,26.0,28.3,4531.0,37,1,0.617,26.0,1,0,2.682
2024-08-21 15:00:00,35.8,73.3,26.0,28.2,3709.0,37,1,0.617,26.0,1,0,2.669
2024-08-21 16:00:00,36.5,69.9,26.0,27.9,4429.0,42,1,0.7,26.0,1,0,2.792
2024-08-21 17:00:00,35.3,69.9,26.0,27.7,4285.0,42,1,0.7,26.0,1,0,2.528
2024-08-21 18:00:00,32.2,71.5,26.0,27.5,420.0,0,0,0.0,26.0,1,0,0.84
2024-08-21 19:00:00,32.4,69.0,26.0,27.2,420.0,0,0,0.0,26.0,1,0,0.896
2024-08-21 20:00:00,32.6,67.6,26.0,27.0,420.0,0,0,0.0,26.0,1,0,0.745
2024-08-21 21:00:00,34.1,82.5,26.0,27.1,420.0,0,0,0.0,26.0,1,0,0.964
2024-08-21 22:00:00,28.3,80.1,26.0,27.2,420.0,0,0,0.0,26.0,1,0,0.309
2024-08-21 23:00:00,28.0,80.2,26.0,27.3,420.0,0,0,0.0,26.0,1,0,0.277
2024-08-22 00:00:00,26.8,83.2,26.0,27.5,420.0,0,0,0.0,26.0,1,0,0.167
2024-08-22 01:00:00,25.5,85.5,26.0,27.7,420.0,0,0,0.0,26.0,1,0,0.006
2024-08-22 02:00:00,23.2,85.8,26.0,28.0,420.0,0,0,0.0,26.0,1,0,-0.251
2024-08-22 03:00:00,25.2,86.4,26.0,28.2,420.0,0,0,0.0,26.0,1,0,-0.027
2024-08-22 04:00:00,24.8,89.1,26.0,28.5,420.0,0,0,0.0,26.0,1,0,-0.072
2024-08-22 05:00:00,25.1,85.6,26.0,28.8,420.0,0,0,0.0,26.0,1,0,-0.038
2024-08-22 06:00:00,28.4,83.4,26.0,28.9,420.0,0,0,0.0,26.0,1,0,0.344
2024-08-22 07:00:00,27.8,81.7,26.0,29.0,420.0,0,0,0.0,26.0,1,0,0.283
2024-08-22 08:00:00,30.6,79.3,26.0,29.0,5000.0,42,1,0.7,26.0,1,0,2.183
2024-08-22 09:00:00,31.9,77.7,26.0,28.9,4171.0,42,1,0.7,26.0,1,0,2.525
2024-08-22 10:00:00,30.0,78.0,26.0,28.9,4892.0,47,1,0.783,26.0,1,0,2.329
2024-08-22 11:00:00,32.0,75.9,26.0,28.8,4748.0,47,1,0.783,26.0,1,0,2.773
2024-08-22 12:00:00,29.4,72.4,26.0,28.6,420.0,0,0,0.0,26.0,1,0,0.399
2024-08-22 13:00:00,33.6,67.9,26.0,28.3,420.0,0,0,0.0,26.0,1,0,0.899
2024-08-22 14:00:00,34.0,68.6,26.0,28.0,2753.0,21,1,0.35,26.0,1,0,1.926
2024-08-22 15:00:00,34.9,65.9,26.0,27.7,2287.0,21,1,0.35,26.0,1,0,1.601
2024-08-22 16:00:00,35.3,74.4,26.0,27.6,2491.0,22,1,0.367,26.0,1,0,1.927
2024-08-22 17:00:00,34.8,73.5,26.0,27.4,2450.0,22,1,0.367,26.0,1,0,1.918
2024-08-22 18:00:00,35.2,76.1,26.0,27.4,420.0,0,0,0.0,26.0,1,0,1.176
2024-08-22 19:00:00,35.3,72.5,26.0,27.3,420.0,0,0,0.0,26.0,1,0,1.042
2024-08-22 20:00:00,30.2,78.3,26.0,27.3,420.0,0,0,0.0,26.0,1,0,0.498
2024-08-22 21:00:00,31.1,80.3,26.0,27.4,420.0,0,0,0.0,26.0,1,0,0.675
2024-08-22 22:00:00,31.5,80.1,26.0,27.5,420.0,0,0,0.0,26.0,1,0,0.591
2024-08-22 23:00:00,28.1,79.1,26.0,27.5,420.0,0,0,0.0,26.0,1,0,0.248
2024-08-23 00:00:00,29.7,82.6,26.0,27.7,420.0,0,0,0.0,26.0,1,0,0.463
2024-08-23 01:00:00,25.2,83.9,26.0,27.8,420.0,0,0,0.0,26.0,1,0,-0.027
2024-08-23 02:00:00,24.2,83.5,26.0,28.0,420.0,0,0,0.0,26.0,1,0,-0.139
2024-08-23 03:00:00,24.2,81.9,26.0,28.1,420.0,0,0,0.0,26.0,1,0,-0.139
2024-08-23 04:00:00,24.0,91.6,26.0,28.5,420.0,0,0,0.0,26.0,1,0,-0.162
2024-08-23 05:00:00,26.8,87.7,26.0,28.8,420.0,0,0,0.0,26.0,1,0,0.135
2024-08-23 06:00:00,28.2,89.2,26.0,29.1,420.0,0,0,0.0,26.0,1,0,0.274
2024-08-23 07:00:00,24.8,78.3,26.0,29.1,420.0,0,0,0.0,26.0,1,0,-0.069
2024-08-23 08:00:00,27.5,78.7,26.0,29.1,4087.0,33,1,0.55,26.0,1,0,1.652
2024-08-23 09:00:00,29.5,76.7,26.0,29.0,3353.0,33,1,0.55,26.0,1,0,1.933
2024-08-23 10:00:00,31.6,76.0,26.0,28.9,5000.0,47,1,0.783,26.0,1,0,2.637
2024-08-23 11:00:00,31.4,67.5,26.0,28.6,4726.0,47,1,0.783,26.0,1,0,2.678
2024-08-23 12:00:00,32.0,70.7,26.0,28.3,420.0,0,0,0.0,26.0,1,0,0.82
2024-08-23 13:00:00,34.0,67.7,26.0,28.0,420.0,0,0,0.0,26.0,1,0,0.805
2024-08-23 14:00:00,34.1,66.9,26.0,27.7,2864.0,22,1,0.367,26.0,1,0,2.051
2024-08-23 15:00:00,34.8,66.8,26.0,27.4,2376.0,22,1,0.367,26.0,1,0,1.969
2024-08-23 16:00:00,33.6,66.3,26.0,27.0,3029.0,27,1,0.45,26.0,1,0,1.952
2024-08-23 17:00:00,34.1,68.5,26.0,26.8,2898.0,27,1,0.45,26.0,1,0,2.225
2024-08-23 18:00:00,34.9,73.6,26.0,26.7,420.0,0,0,0.0,26.0,1,0,0.913
2024-08-23 19:00:00,32.4,71.6,26.0,26.5,420.0,0,0,0.0,26.0,1,0,0.67
2024-08-23 20:00:00,31.9,78.0,26.0,26.6,420.0,0,0,0.0,26.0,1,0,0.76
2024-08-23 21:00:00,30.2,82.8,26.0,26.8,420.0,0,0,0.0,26.0,1,0,0.554
2024-08-23 22:00:00,29.4,82.8,26.0,26.9,420.0,0,0,0.0,26.0,1,0,0.448
2024-08-23 23:00:00,27.7,84.0,26.0,27.2,420.0,0,0,0.0,26.0,1,0,0.235
2024-08-24 00:00:00,25.3,82.3,26.0,27.3,420.0,0,0,0.0,26.0,1,0,-0.016
2024-08-24 01:00:00,26.2,86.0,26.0,27.6,420.0,0,0,0.0,26.0,1,0,0.09
2024-08-24 02:00:00,25.9,89.0,26.0,27.9,420.0,0,0,0.0,26.0,1,0,0.054
2024-08-24 03:00:00,22.9,83.1,26.0,28.1,420.0,0,0,0.0,26.0,1,0,-0.285
2024-08-24 04:00:00,25.5,83.6,26.0,28.2,420.0,0,0,0.0,26.0,1,0,0.007
2024-08-24 05:00:00,30.7,86.5,26.0,28.5,420.0,0,0,0.0,26.0,1,0,0.534
2024-08-24 06:00:00,26.3,82.1,26.0,28.6,420.0,0,0,0.0,26.0,1,0,0.093
2024-08-24 07:00:00,26.8,82.1,26.0,28.7,420.0,0,0,0.0,26.0,1,0,0.165
2024-08-24 08:00:00,28.9,78.7,26.0,28.7,420.0,0,0,0.0,26.0,1,0,0.435
2024-08-24 09:00:00,29.6,82.0,26.0,28.8,420.0,0,0,0.0,26.0,1,0,0.461
2024-08-24 10:00:00,33.4,76.7,26.0,28.7,420.0,0,0,0.0,26.0,1,0,0.883
2024-08-24 11:00:00,30.5,75.6,26.0,28.6,420.0,0,0,0.0,26.0,1,0,0.57
2024-08-24 12:00:00,35.9,76.5,26.0,28.6,420.0,0,0,0.0,26.0,1,0,1.209
2024-08-24 13:00:00,35.4,75.3,26.0,28.5,420.0,0,0,0.0,26.0,1,0,1.074
2024-08-24 14:00:00,34.9,72.2,26.0,28.3,420.0,0,0,0.0,26.0,1,0,0.822
2024-08-24 15:00:00,34.0,70.9,26.0,28.1,420.0,0,0,0.0,26.0,1,0,1.059
2024-08-24 16:00:00,36.8,68.5,26.0,27.8,420.0,0,0,0.0,26.0,1,0,1.462
2024-08-24 17:00:00,33.0,71.4,26.0,27.6,420.0,0,0,0.0,26.0,1,0,0.808
2024-08-24 18:00:00,33.2,74.3,26.0,27.5,420.0,0,0,0.0,26.0,1,0,0.795
2024-08-24 19:00:00,31.8,79.2,26.0,27.5,420.0,0,0,0.0,26.0,1,0,0.705
2024-08-24 20:00:00,29.4,79.7,26.0,27.6,420.0,0,0,0.0,26.0,1,0,0.437
2024-08-24 21:00:00,28.9,72.6,26.0,27.5,420.0,0,0,0.0,26.0,1,0,0.418
2024-08-24 22:00:00,29.1,79.3,26.0,27.5,420.0,0,0,0.0,26.0,1,0,0.412
2024-08-24 23:00:00,25.8,77.0,26.0,27.5,420.0,0,0,0.0,26.0,1,0,0.038
2024-08-25 00:00:00,26.5,86.6,26.0,27.8,420.0,0,0,0.0,26.0,1,0,0.106
2024-08-25 01:00:00,26.5,85.1,26.0,28.0,420.0,0,0,0.0,26.0,1,0,0.127
2024-08-25 02:00:00,25.9,85.6,26.0,28.2,420.0,0,0,0.0,26.0,1,0,0.054
2024-08-25 03:00:00,22.9,81.7,26.0,28.3,420.0,0,0,0.0,26.0,1,0,-0.285
2024-08-25 04:00:00,24.9,85.2,26.0,28.5,420.0,0,0,0.0,26.0,1,0,-0.061
2024-08-25 05:00:00,26.9,87.2,26.0,28.8,420.0,0,0,0.0,26.0,1,0,0.177
2024-08-25 06:00:00,27.4,82.8,26.0,28.9,420.0,0,0,0.0,26.0,1,0,0.202
2024-08-25 07:00:00,25.4,83.2,26.0,29.0,420.0,0,0,0.0,26.0,1,0,-0.002
2024-08-25 08:00:00,29.5,72.9,26.0,28.9,420.0,0,0,0.0,26.0,1,0,0.528
2024-08-25 09:00:00,28.7,75.9,26.0,28.8,420.0,0,0,0.0,26.0,1,0,0.321
2024-08-25 10:00:00,31.5,73.5,26.0,28.6,420.0,0,0,0.0,26.0,1,0,0.728
2024-08-25 11:00:00,32.4,73.4,26.0,28.4,420.0,0,0,0.0,26.0,1,0,0.67
2024-08-25 12:00:00,33.3,70.2,26.0,28.2,420.0,0,0,0.0,26.0,1,0,0.835
2024-08-25 13:00:00,33.4,67.8,26.0,27.9,420.0,0,0,0.0,26.0,1,0,1.015
2024-08-25 14:00:00,35.4,72.0,26.0,27.7,420.0,0,0,0.0,26.0,1,0,1.2
2024-08-25 15:00:00,33.8,74.6,26.0,27.6,420.0,0,0,0.0,26.0,1,0,0.903
2024-08-25 16:00:00,34.4,74.9,26.0,27.5,420.0,0,0,0.0,26.0,1,0,0.967
2024-08-25 17:00:00,33.4,65.0,26.0,27.2,420.0,0,0,0.0,26.0,1,0,0.902
2024-08-25 18:00:00,34.1,73.1,26.0,27.0,420.0,0,0,0.0,26.0,1,0,1.01
2024-08-25 19:00:00,32.6,72.1,26.0,26.9,420.0,0,0,0.0,26.0,1,0,0.882
2024-08-25 20:00:00,31.2,74.4,26.0,26.8,420.0,0,0,0.0,26.0,1,0,0.622
2024-08-25 21:00:00,29.5,80.5,26.0,26.9,420.0,0,0,0.0,26.0,1,0,0.396
2024-08-25 22:00:00,29.0,81.9,26.0,27.1,420.0,0,0,0.0,26.0,1,0,0.404
2024-08-25 23:00:00,27.2,81.0,26.0,27.2,420.0,0,0,0.0,26.0,1,0,0.19
2024-08-26 00:00:00,24.7,82.5,26.0,27.4,420.0,0,0,0.0,26.0,1,0,-0.083
2024-08-26 01:00:00,20.7,83.2,26.0,27.5,420.0,0,0,0.0,26.0,1,0,-0.531
2024-08-26 02:00:00,25.0,87.4,26.0,27.8,420.0,0,0,0.0,26.0,1,0,-0.05
2024-08-26 03:00:00,24.6,87.0,26.0,28.1,420.0,0,0,0.0,26.0,1,0,-0.094
2024-08-26 04:00:00,21.9,85.6,26.0,28.3,420.0,0,0,0.0,26.0,1,0,-0.397
2024-08-26 05:00:00,23.2,81.3,26.0,28.4,420.0,0,0,0.0,26.0,1,0,-0.251
2024-08-26 06:00:00,26.2,87.5,26.0,28.7,420.0,0,0,0.0,26.0,1,0,0.076
2024-08-26 07:00:00,28.1,82.1,26.0,28.8,420.0,0,0,0.0,26.0,1,0,0.308
2024-08-26 08:00:00,28.7,77.9,26.0,28.8,5000.0,42,1,0.7,26.0,1,0,1.962
2024-08-26 09:00:00,29.2,79.3,26.0,28.8,4171.0,42,1,0.7,26.0,1,0,2.104
2024-08-26 10:00:00,29.2,77.7,26.0,28.7,3670.0,36,1,0.6,26.0,1,0,1.735
2024-08-26 11:00:00,31.9,76.5,26.0,28.7,3770.0,36,1,0.6,26.0,1,0,2.256
2024-08-26 12:00:00,35.0,67.3,26.0,28.3,420.0,0,0,0.0,26.0,1,0,0.968
2024-08-26 13:00:00,33.5,68.5,26.0,28.0,420.0,0,0,0.0,26.0,1,0,0.853
2024-08-26 14:00:00,32.1,67.2,26.0,27.7,5000.0,45,1,0.75,26.0,1,0,2.426
2024-08-26 15:00:00,38.7,71.8,26.0,27.5,4504.0,45,1,0.75,26.0,1,0,3.66
2024-08-26 16:00:00,37.7,72.8,26.0,27.4,3159.0,32,1,0.533,26.0,1,0,2.86
2024-08-26 17:00:00,33.2,69.9,26.0,27.2,3428.0,32,1,0.533,26.0,1,0,2.373
2024-08-26 18:00:00,34.4,73.7,26.0,27.1,420.0,0,0,0.0,26.0,1,0,1.117
2024-08-26 19:00:00,31.6,69.5,26.0,26.8,420.0,0,0,0.0,26.0,1,0,0.889
2024-08-26 20:00:00,36.2,75.5,26.0,26.8,420.0,0,0,0.0,26.0,1,0,1.209
2024-08-26 21:00:00,29.5,78.3,26.0,26.8,420.0,0,0,0.0,26.0,1,0,0.506
2024-08-26 22:00:00,28.3,80.4,26.0,27.0,420.0,0,0,0.0,26.0,1,0,0.346
2024-08-26 23:00:00,29.4,81.6,26.0,27.1,420.0,0,0,0.0,26.0,1,0,0.479
2024-08-27 00:00:00,24.7,83.2,26.0,27.3,420.0,0,0,0.0,26.0,1,0,-0.083
2024-08-27 01:00:00,25.0,89.2,26.0,27.6,420.0,0,0,0.0,26.0,1,0,-0.05
2024-08-27 02:00:00,26.9,86.0,26.0,27.9,420.0,0,0,0.0,26.0,1,0,0.187
2024-08-27 03:00:00,23.1,82.3,26.0,28.0,420.0,0,0,0.0,26.0,1,0,-0.262
2024-08-27 04:00:00,25.2,86.7,26.0,28.3,420.0,0,0,0.0,26.0,1,0,-0.027
2024-08-27 05:00:00,25.1,83.5,26.0,28.4,420.0,0,0,0.0,26.0,1,0,-0.038
2024-08-27 06:00:00,25.6,83.6,26.0,28.6,420.0,0,0,0.0,26.0,1,0,0.017
2024-08-27 07:00:00,23.9,78.7,26.0,28.6,420.0,0,0,0.0,26.0,1,0,-0.17
2024-08-27 08:00:00,27.8,83.7,26.0,28.7,4309.0,35,1,0.583,26.0,1,0,1.609
2024-08-27 09:00:00,28.8,78.5,26.0,28.7,3531.0,35,1,0.583,26.0,1,0,1.836
2024-08-27 10:00:00,31.6,79.8,26.0,28.8,4576.0,43,1,0.717,26.0,1,0,2.321
2024-08-27 11:00:00,34.4,73.8,26.0,28.6,4367.0,43,1,0.717,26.0,1,0,2.739
2024-08-27 12:00:00,32.8,70.4,26.0,28.4,420.0,0,0,0.0,26.0,1,0,0.94
2024-08-27 13:00:00,34.0,69.8,26.0,28.1,420.0,0,0,0.0,26.0,1,0,0.933
2024-08-27 14:00:00,35.7,71.5,26.0,27.9,5000.0,45,1,0.75,26.0,1,0,2.808
2024-08-27 15:00:00,35.9,73.8,26.0,27.8,4504.0,45,1,0.75,26.0,1,0,2.939
2024-08-27 16:00:00,37.6,70.6,26.0,27.6,5000.0,55,1,0.917,26.0,1,0,3.337
2024-08-27 17:00:00,36.0,70.0,26.0,27.4,5000.0,55,1,0.917,26.0,1,0,2.724
2024-08-27 18:00:00,35.3,75.5,26.0,27.3,420.0,0,0,0.0,26.0,1,0,1.053
2024-08-27 19:00:00,34.0,74.3,26.0,27.2,420.0,0,0,0.0,26.0,1,0,1.012
2024-08-27 20:00:00,30.3,71.7,26.0,27.0,420.0,0,0,0.0,26.0,1,0,0.607
2024-08-27 21:00:00,29.9,82.6,26.0,27.2,420.0,0,0,0.0,26.0,1,0,0.453
2024-08-27 22:00:00,28.2,82.4,26.0,27.4,420.0,0,0,0.0,26.0,1,0,0.28
2024-08-27 23:00:00,28.8,81.1,26.0,27.5,420.0,0,0,0.0,26.0,1,0,0.377
2024-08-28 00:00:00,28.4,74.9,26.0,27.4,420.0,0,0,0.0,26.0,1,0,0.276
2024-08-28 01:00:00,23.8,82.2,26.0,27.5,420.0,0,0,0.0,26.0,1,0,-0.184
2024-08-28 02:00:00,23.9,86.7,26.0,27.8,420.0,0,0,0.0,26.0,1,0,-0.173
2024-08-28 03:00:00,25.4,87.2,26.0,28.1,420.0,0,0,0.0,26.0,1,0,-0.005
2024-08-28 04:00:00,26.1,82.9,26.0,28.2,420.0,0,0,0.0,26.0,1,0,0.071
2024-08-28 05:00:00,23.8,86.1,26.0,28.5,420.0,0,0,0.0,26.0,1,0,-0.184
2024-08-28 06:00:00,25.5,78.9,26.0,28.5,420.0,0,0,0.0,26.0,1,0,0.006
2024-08-28 07:00:00,29.0,86.2,26.0,28.7,420.0,0,0,0.0,26.0,1,0,0.446
2024-08-28 08:00:00,31.0,80.6,26.0,28.8,3642.0,29,1,0.483,26.0,1,0,1.733
2024-08-28 09:00:00,30.9,82.1,26.0,28.9,2998.0,29,1,0.483,26.0,1,0,2.081
2024-08-28 10:00:00,30.3,79.3,26.0,28.9,3349.0,31,1,0.517,26.0,1,0,1.999
2024-08-28 11:00:00,32.9,76.7,26.0,28.8,3279.0,31,1,0.517,26.0,1,0,2.018
2024-08-28 12:00:00,33.8,76.2,26.0,28.7,420.0,0,0,0.0,26.0,1,0,0.866
2024-08-28 13:00:00,34.7,66.6,26.0,28.4,420.0,0,0,0.0,26.0,1,0,1.032
2024-08-28 14:00:00,37.0,67.4,26.0,28.1,2753.0,21,1,0.35,26.0,1,0,2.254
2024-08-28 15:00:00,36.9,69.7,26.0,27.8,2287.0,21,1,0.35,26.0,1,0,2.323
2024-08-28 16:00:00,36.6,73.7,26.0,27.7,2269.0,20,1,0.333,26.0,1,0,2.057
2024-08-28 17:00:00,35.0,72.6,26.0,27.5,2272.0,20,1,0.333,26.0,1,0,2.131
2024-08-28 18:00:00,34.2,66.3,26.0,27.2,420.0,0,0,0.0,26.0,1,0,1.002
2024-08-28 19:00:00,32.7,70.7,26.0,27.0,420.0,0,0,0.0,26.0,1,0,0.791
2024-08-28 20:00:00,31.6,72.5,26.0,26.9,420.0,0,0,0.0,26.0,1,0,0.651
2024-08-28 21:00:00,28.2,82.8,26.0,27.0,420.0,0,0,0.0,26.0,1,0,0.304
2024-08-28 22:00:00,30.3,80.1,26.0,27.1,420.0,0,0,0.0,26.0,1,0,0.509
2024-08-28 23:00:00,27.8,81.3,26.0,27.3,420.0,0,0,0.0,26.0,1,0,0.265
2024-08-29 00:00:00,27.3,81.6,26.0,27.4,420.0,0,0,0.0,26.0,1,0,0.21
2024-08-29 01:00:00,27.2,84.2,26.0,27.6,420.0,0,0,0.0,26.0,1,0,0.201
2024-08-29 02:00:00,24.5,85.8,26.0,27.8,420.0,0,0,0.0,26.0,1,0,-0.106
2024-08-29 03:00:00,24.1,87.0,26.0,28.1,420.0,0,0,0.0,26.0,1,0,-0.15
2024-08-29 04:00:00,24.4,87.1,26.0,28.4,420.0,0,0,0.0,26.0,1,0,-0.117
2024-08-29 05:00:00,27.5,82.8,26.0,28.5,420.0,0,0,0.0,26.0,1,0,0.263
2024-08-29 06:00:00,26.3,85.0,26.0,28.7,420.0,0,0,0.0,26.0,1,0,0.095
2024-08-29 07:00:00,26.8,83.4,26.0,28.8,420.0,0,0,0.0,26.0,1,0,0.168
2024-08-29 08:00:00,29.5,83.3,26.0,29.0,2642.0,20,1,0.333,26.0,1,0,1.423
2024-08-29 09:00:00,29.1,75.2,26.0,28.9,2198.0,20,1,0.333,26.0,1,0,1.329
2024-08-29 10:00:00,30.8,73.0,26.0,28.7,5000.0,45,1,0.75,26.0,1,0,2.307
2024-08-29 11:00:00,33.3,70.5,26.0,28.4,4504.0,45,1,0.75,26.0,1,0,2.598
2024-08-29 12:00:00,37.0,76.2,26.0,28.4,420.0,0,0,0.0,26.0,1,0,1.335
2024-08-29 13:00:00,34.3,73.7,26.0,28.2,420.0,0,0,0.0,26.0,1,0,0.926
2024-08-29 14:00:00,32.4,77.8,26.0,28.2,3087.0,24,1,0.4,26.0,1,0,1.635
2024-08-29 15:00:00,34.1,69.6,26.0,28.0,2553.0,24,1,0.4,26.0,1,0,2.147
2024-08-29 16:00:00,32.0,71.7,26.0,27.8,3327.0,30,1,0.5,26.0,1,0,2.133
2024-08-29 17:00:00,32.7,71.4,26.0,27.6,3172.0,30,1,0.5,26.0,1,0,2.189
2024-08-29 18:00:00,32.7,69.1,26.0,27.3,420.0,0,0,0.0,26.0,1,0,0.823
2024-08-29 19:00:00,31.3,74.7,26.0,27.3,420.0,0,0,0.0,26.0,1,0,0.697
2024-08-29 20:00:00,29.4,73.7,26.0,27.1,420.0,0,0,0.0,26.0,1,0,0.469
2024-08-29 21:00:00,31.0,85.8,26.0,27.4,420.0,0,0,0.0,26.0,1,0,0.662
2024-08-29 22:00:00,29.4,77.3,26.0,27.4,420.0,0,0,0.0,26.0,1,0,0.413
2024-08-29 23:00:00,26.9,82.1,26.0,27.5,420.0,0,0,0.0,26.0,1,0,0.149
2024-08-30 00:00:00,25.9,86.4,26.0,27.8,420.0,0,0,0.0,26.0,1,0,0.05
2024-08-30 01:00:00,26.0,87.7,26.0,28.1,420.0,0,0,0.0,26.0,1,0,0.062
2024-08-30 02:00:00,24.7,89.7,26.0,28.5,420.0,0,0,0.0,26.0,1,0,-0.083
2024-08-30 03:00:00,24.8,83.1,26.0,28.6,420.0,0,0,0.0,26.0,1,0,-0.072
2024-08-30 04:00:00,28.4,80.3,26.0,28.6,420.0,0,0,0.0,26.0,1,0,0.325
2024-08-30 05:00:00,24.6,83.0,26.0,28.8,420.0,0,0,0.0,26.0,1,0,-0.094
2024-08-30 06:00:00,30.2,89.1,26.0,29.1,420.0,0,0,0.0,26.0,1,0,0.453
2024-08-30 07:00:00,29.7,81.0,26.0,29.1,420.0,0,0,0.0,26.0,1,0,0.546
2024-08-30 08:00:00,32.3,81.2,26.0,29.2,3864.0,31,1,0.517,26.0,1,0,2.01
2024-08-30 09:00:00,31.5,78.5,26.0,29.2,3176.0,31,1,0.517,26.0,1,0,1.995
2024-08-30 10:00:00,31.2,75.2,26.0,29.1,2202.0,21,1,0.35,26.0,1,0,1.785
2024-08-30 11:00:00,32.2,75.8,26.0,29.0,2397.0,21,1,0.35,26.0,1,0,1.411
2024-08-30 12:00:00,34.1,72.2,26.0,28.8,420.0,0,0,0.0,26.0,1,0,0.941
2024-08-30 13:00:00,36.6,62.2,26.0,28.3,420.0,0,0,0.0,26.0,1,0,1.222
2024-08-30 14:00:00,35.6,72.4,26.0,28.1,5000.0,43,1,0.717,26.0,1,0,2.729
2024-08-30 15:00:00,36.7,69.8,26.0,27.8,4282.0,43,1,0.717,26.0,1,0,2.885
2024-08-30 16:00:00,35.1,73.2,26.0,27.7,4314.0,42,1,0.7,26.0,1,0,3.027
2024-08-30 17:00:00,36.6,70.2,26.0,27.5,4308.0,42,1,0.7,26.0,1,0,3.033
2024-08-30 18:00:00,33.9,77.4,26.0,27.5,420.0,0,0,0.0,26.0,1,0,1.02
2024-08-30 19:00:00,29.3,71.9,26.0,27.3,420.0,0,0,0.0,26.0,1,0,0.434
2024-08-30 20:00:00,33.5,79.2,26.0,27.4,420.0,0,0,0.0,26.0,1,0,0.802
2024-08-30 21:00:00,30.8,76.7,26.0,27.3,420.0,0,0,0.0,26.0,1,0,0.5
2024-08-30 22:00:00,27.4,78.3,26.0,27.4,420.0,0,0,0.0,26.0,1,0,0.193
2024-08-30 23:00:00,29.8,80.1,26.0,27.5,420.0,0,0,0.0,26.0,1,0,0.502
2024-08-31 00:00:00,26.6,81.4,26.0,27.6,420.0,0,0,0.0,26.0,1,0,0.13
2024-08-31 01:00:00,26.9,83.3,26.0,27.7,420.0,0,0,0.0,26.0,1,0,0.161
2024-08-31 02:00:00,25.0,80.7,26.0,27.8,420.0,0,0,0.0,26.0,1,0,-0.05
2024-08-31 03:00:00,22.6,86.0,26.0,28.1,420.0,0,0,0.0,26.0,1,0,-0.318
2024-08-31 04:00:00,23.2,92.0,26.0,28.5,420.0,0,0,0.0,26.0,1,0,-0.251
2024-08-31 05:00:00,22.6,82.5,26.0,28.6,420.0,0,0,0.0,26.0,1,0,-0.318
2024-08-31 06:00:00,26.5,82.6,26.0,28.7,420.0,0,0,0.0,26.0,1,0,0.115
2024-08-31 07:00:00,25.8,79.1,26.0,28.7,420.0,0,0,0.0,26.0,1,0,0.05
2024-08-31 08:00:00,27.2,79.2,26.0,28.8,420.0,0,0,0.0,26.0,1,0,0.189
2024-08-31 09:00:00,32.9,78.2,26.0,28.7,420.0,0,0,0.0,26.0,1,0,0.906
2024-08-31 10:00:00,33.1,77.5,26.0,28.7,420.0,0,0,0.0,26.0,1,0,0.868
2024-08-31 11:00:00,34.2,65.6,26.0,28.3,420.0,0,0,0.0,26.0,1,0,0.987
2024-08-31 12:00:00,33.1,76.3,26.0,28.3,420.0,0,0,0.0,26.0,1,0,0.951
2024-08-31 13:00:00,33.5,76.4,26.0,28.2,420.0,0,0,0.0,26.0,1,0,1.021
2024-08-31 14:00:00,37.1,68.9,26.0,27.9,420.0,0,0,0.0,26.0,1,0,1.291
2024-08-31 15:00:00,34.2,67.0,26.0,27.6,420.0,0,0,0.0,26.0,1,0,1.052
2024-08-31 16:00:00,33.9,66.6,26.0,27.3,420.0,0,0,0.0,26.0,1,0,0.981
2024-08-31 17:00:00,35.0,66.7,26.0,26.9,420.0,0,0,0.0,26.0,1,0,1.074
2024-08-31 18:00:00,34.4,74.2,26.0,26.9,420.0,0,0,0.0,26.0,1,0,1.02
2024-08-31 19:00:00,30.0,78.6,26.0,26.9,420.0,0,0,0.0,26.0,1,0,0.483
2024-08-31 20:00:00,32.1,78.2,26.0,27.0,420.0,0,0,0.0,26.0,1,0,0.728
2024-08-31 21:00:00,28.9,79.9,26.0,27.0,420.0,0,0,0.0,26.0,1,0,0.369
2024-08-31 22:00:00,30.4,79.8,26.0,27.1,420.0,0,0,0.0,26.0,1,0,0.596
2024-08-31 23:00:00,30.5,82.1,26.0,27.3,420.0,0,0,0.0,26.0,1,0,0.562
2024-09-01 00:00:00,24.2,78.5,26.0,27.3,420.0,0,0,0.0,26.0,1,0,-0.139
2024-09-01 01:00:00,22.5,73.9,26.0,27.2,420.0,0,0,0.0,26.0,1,0,-0.33
2024-09-01 02:00:00,21.7,77.5,26.0,27.2,420.0,0,0,0.0,26.0,1,0,-0.419
2024-09-01 03:00:00,19.7,85.2,25.4,33.0,420.0,0,0,0.0,26.0,0,0,0.0
2024-09-01 04:00:00,20.8,76.7,25.6,32.8,420.0,0,0,0.0,26.0,1,0,0.269
2024-09-01 05:00:00,21.1,75.0,25.8,32.6,420.0,0,0,0.0,26.0,1,0,0.283
2024-09-01 06:00:00,24.6,75.6,25.9,32.4,420.0,0,0,0.0,26.0,1,0,0.223
2024-09-01 07:00:00,24.3,80.1,25.9,32.3,420.0,0,0,0.0,26.0,1,0,0.288
2024-09-01 08:00:00,24.0,75.7,25.9,32.1,420.0,0,0,0.0,26.0,1,0,0.301
2024-09-01 09:00:00,24.5,79.3,26.0,32.0,420.0,0,0,0.0,26.0,1,0,0.297
2024-09-01 10:00:00,28.7,69.4,26.0,31.7,420.0,0,0,0.0,26.0,1,0,0.348
2024-09-01 11:00:00,27.3,67.7,26.0,31.2,420.0,0,0,0.0,26.0,1,0,0.314
2024-09-01 12:00:00,29.0,72.2,26.0,31.0,420.0,0,0,0.0,26.0,1,0,0.313
2024-09-01 13:00:00,28.5,65.5,26.0,30.5,420.0,0,0,0.0,26.0,1,0,0.307
2024-09-01 14:00:00,30.8,63.9,26.0,30.0,420.0,0,0,0.0,26.0,1,0,0.592
2024-09-01 15:00:00,30.8,63.7,26.0,29.5,420.0,0,0,0.0,26.0,1,0,0.585
2024-09-01 16:00:00,32.1,66.1,26.0,29.1,420.0,0,0,0.0,26.0,1,0,0.704
2024-09-01 17:00:00,31.0,56.0,26.0,28.4,420.0,0,0,0.0,26.0,1,0,0.586
2024-09-01 18:00:00,30.0,61.4,26.0,27.9,420.0,0,0,0.0,26.0,1,0,0.437
2024-09-01 19:00:00,29.5,72.4,26.0,27.7,420.0,0,0,0.0,26.0,1,0,0.408
2024-09-01 20:00:00,25.9,69.1,26.0,27.5,420.0,0,0,0.0,26.0,1,0,0.055
2024-09-01 21:00:00,25.1,75.7,26.0,27.4,420.0,0,0,0.0,26.0,1,0,-0.038
2024-09-01 22:00:00,24.8,79.3,26.0,27.5,420.0,0,0,0.0,26.0,1,0,-0.072
2024-09-01 23:00:00,24.1,76.7,26.0,27.5,420.0,0,0,0.0,26.0,1,0,-0.15
2024-09-02 00:00:00,22.6,80.1,26.0,27.5,420.0,0,0,0.0,26.0,1,0,-0.318
2024-09-02 01:00:00,19.1,79.2,25.3,32.7,420.0,0,0,0.0,26.0,0,0,0.0
2024-09-02 02:00:00,21.1,81.9,25.6,32.7,420.0,0,0,0.0,26.0,1,0,0.297
2024-09-02 03:00:00,20.7,76.9,25.7,32.5,420.0,0,0,0.0,26.0,1,0,0.288
2024-09-02 04:00:00,21.2,76.5,25.8,32.3,420.0,0,0,0.0,26.0,1,0,0.3
2024-09-02 05:00:00,18.8,81.1,25.1,37.2,420.0,0,0,0.0,26.0,0,0,0.0
2024-09-02 06:00:00,23.3,79.1,25.5,37.0,420.0,0,0,0.0,26.0,1,0,0.328
2024-09-02 07:00:00,25.5,74.0,25.7,36.6,420.0,0,0,0.0,26.0,1,0,0.3
2024-09-02 08:00:00,22.6,73.9,25.8,36.2,5000.0,50,1,0.833,26.0,1,0,0.313
2024-09-02 09:00:00,25.5,69.5,25.9,35.7,5000.0,50,1,0.833,26.0,1,0,0.28
2024-09-02 10:00:00,27.2,68.1,26.0,35.2,4504.0,45,1,0.75,26.0,1,0,0.285
2024-09-02 11:00:00,25.7,66.7,26.0,34.6,4603.0,45,1,0.75,26.0,1,0,0.308
2024-09-02 12:00:00,27.8,67.0,26.0,34.1,420.0,0,0,0.0,26.0,1,0,0.317
2024-09-02 13:00:00,29.3,68.4,26.0,33.6,420.0,0,0,0.0,26.0,1,0,0.494
2024-09-02 14:00:00,33.2,66.3,26.0,33.1,5000.0,52,1,0.867,26.0,1,0,2.948
2024-09-02 15:00:00,28.7,68.5,26.0,32.7,5000.0,52,1,0.867,26.0,1,0,2.338
2024-09-02 16:00:00,33.2,64.3,26.0,32.1,2837.0,30,1,0.5,26.0,1,0,2.363
2024-09-02 17:00:00,32.3,63.4,26.0,31.5,3270.0,30,1,0.5,26.0,1,0,2.15
2024-09-02 18:00:00,26.7,64.1,26.0,31.0,420.0,0,0,0.0,26.0,1,0,0.115
2024-09-02 19:00:00,31.1,63.5,26.0,30.5,420.0,0,0,0.0,26.0,1,0,0.58
2024-09-02 20:00:00,27.3,70.0,26.0,30.2,420.0,0,0,0.0,26.0,1,0,0.214
2024-09-02 21:00:00,25.2,70.7,26.0,29.9,420.0,0,0,0.0,26.0,1,0,-0.027
2024-09-02 22:00:00,24.8,72.4,26.0,29.7,420.0,0,0,0.0,26.0,1,0,-0.072
2024-09-02 23:00:00,21.4,76.6,26.0,29.6,420.0,0,0,0.0,26.0,1,0,-0.453
2024-09-03 00:00:00,24.1,80.3,26.0,29.6,420.0,0,0,0.0,26.0,1,0,-0.15
2024-09-03 01:00:00,20.5,75.2,26.0,29.5,420.0,0,0,0.0,26.0,1,0,-0.554
2024-09-03 02:00:00,20.7,84.4,26.0,29.6,420.0,0,0,0.0,26.0,1,0,-0.531
2024-09-03 03:00:00,22.0,82.1,26.0,29.7,420.0,0,0,0.0,26.0,1,0,-0.386
2024-09-03 04:00:00,22.5,81.0,26.0,29.7,420.0,0,0,0.0,26.0,1,0,-0.33
2024-09-03 05:00:00,21.9,80.9,26.0,29.8,420.0,0,0,0.0,26.0,1,0,-0.397
2024-09-03 06:00:00,21.6,73.4,26.0,29.6,420.0,0,0,0.0,26.0,1,0,-0.43
2024-09-03 07:00:00,24.6,79.7,26.0,29.6,420.0,0,0,0.0,26.0,1,0,-0.091
2024-09-03 08:00:00,23.0,76.5,26.0,29.5,4642.0,38,1,0.633,26.0,1,0,1.056
2024-09-03 09:00:00,28.5,72.0,26.0,29.3,3798.0,38,1,0.633,26.0,1,0,1.718
2024-09-03 10:00:00,26.1,70.3,26.0,29.0,2189.0,22,1,0.367,26.0,1,0,1.023
2024-09-03 11:00:00,27.7,66.1,26.0,28.6,2511.0,22,1,0.367,26.0,1,0,1.238
2024-09-03 12:00:00,30.2,61.5,26.0,28.1,420.0,0,0,0.0,26.0,1,0,0.532
2024-09-03 13:00:00,28.2,65.1,26.0,27.7,420.0,0,0,0.0,26.0,1,0,0.312
2024-09-03 14:00:00,30.8,65.3,26.0,27.3,2753.0,21,1,0.35,26.0,1,0,1.683
2024-09-03 15:00:00,33.8,64.3,26.0,26.9,2287.0,21,1,0.35,26.0,1,0,1.873
2024-09-03 16:00:00,31.7,61.3,26.0,26.5,5000.0,52,1,0.867,26.0,1,0,2.563
2024-09-03 17:00:00,31.5,63.5,26.0,26.1,5000.0,52,1,0.867,26.0,1,0,2.336
2024-09-03 18:00:00,29.6,66.0,26.0,25.8,420.0,0,0,0.0,26.0,1,0,0.504
2024-09-03 19:00:00,30.0,64.1,26.0,25.4,420.0,0,0,0.0,26.0,1,0,0.483
2024-09-03 20:00:00,23.9,69.3,26.0,25.2,420.0,0,0,0.0,26.0,1,0,-0.173
2024-09-03 21:00:00,26.7,72.5,26.0,25.2,420.0,0,0,0.0,26.0,1,0,0.129
2024-09-03 22:00:00,26.6,75.4,26.0,25.2,420.0,0,0,0.0,26.0,1,0,0.132
2024-09-03 23:00:00,22.7,69.0,26.0,25.0,420.0,0,0,0.0,26.0,1,0,-0.307
2024-09-04 00:00:00,22.1,80.7,26.0,25.2,420.0,0,0,0.0,26.0,1,0,-0.374
2024-09-04 01:00:00,21.1,79.0,26.0,25.3,420.0,0,0,0.0,26.0,1,0,-0.486
2024-09-04 02:00:00,21.8,76.7,26.0,25.3,420.0,0,0,0.0,26.0,1,0,-0.408
2024-09-04 03:00:00,21.9,84.9,26.0,25.6,420.0,0,0,0.0,26.0,1,0,-0.397
2024-09-04 04:00:00,20.9,76.3,26.0,25.6,420.0,0,0,0.0,26.0,1,0,-0.509
2024-09-04 05:00:00,21.6,72.3,26.0,25.5,420.0,0,0,0.0,26.0,1,0,-0.43
2024-09-04 06:00:00,23.0,79.0,26.0,25.6,420.0,0,0,0.0,26.0,1,0,-0.274
2024-09-04 07:00:00,26.0,75.4,26.0,25.6,420.0,0,0,0.0,26.0,1,0,0.061
2024-09-04 08:00:00,25.3,71.5,26.0,25.5,5000.0,50,1,0.833,26.0,1,0,1.786
2024-09-04 09:00:00,25.5,67.4,26.0,25.3,5000.0,50,1,0.833,26.0,1,0,1.929
2024-09-04 10:00:00,27.0,69.0,26.0,25.1,3393.0,35,1,0.583,26.0,1,0,1.549
2024-09-04 11:00:00,28.9,66.1,26.0,25.0,3714.0,35,1,0.583,26.0,1,0,2.138
2024-09-04 12:00:00,29.7,65.3,26.0,25.0,420.0,0,0,0.0,26.0,1,0,0.485
2024-09-04 13:00:00,29.8,65.3,26.0,25.0,420.0,0,0,0.0,26.0,1,0,0.524
2024-09-04 14:00:00,30.9,66.6,26.0,25.0,5000.0,42,1,0.7,26.0,1,0,1.897
2024-09-04 15:00:00,30.8,63.0,26.0,25.0,4171.0,42,1,0.7,26.0,1,0,2.079
2024-09-04 16:00:00,30.6,62.1,26.0,25.0,4225.0,41,1,0.683,26.0,1,0,1.988
2024-09-04 17:00:00,29.8,71.2,26.0,25.0,4214.0,41,1,0.683,26.0,1,0,1.926
2024-09-04 18:00:00,28.2,65.5,26.0,25.0,420.0,0,0,0.0,26.0,1,0,0.319
2024-09-04 19:00:00,27.9,67.3,26.0,25.0,420.0,0,0,0.0,26.0,1,0,0.298
2024-09-04 20:00:00,26.8,70.8,26.0,25.0,420.0,0,0,0.0,26.0,1,0,0.156
2024-09-04 21:00:00,23.4,75.1,26.0,25.0,420.0,0,0,0.0,26.0,1,0,-0.229
2024-09-04 22:00:00,25.7,70.3,26.0,25.0,420.0,0,0,0.0,26.0,1,0,0.028
2024-09-04 23:00:00,20.1,73.1,26.0,25.0,420.0,0,0,0.0,26.0,1,0,-0.599
2024-09-05 00:00:00,22.1,85.4,26.0,25.3,420.0,0,0,0.0,26.0,1,0,-0.374
2024-09-05 01:00:00,22.5,73.5,26.0,25.3,420.0,0,0,0.0,26.0,1,0,-0.33
2024-09-05 02:00:00,20.1,79.6,26.0,25.4,420.0,0,0,0.0,26.0,1,0,-0.599
2024-09-05 03:00:00,21.4,76.1,26.0,25.4,420.0,0,0,0.0,26.0,1,0,-0.453
2024-09-05 04:00:00,21.0,77.6,26.0,25.5,420.0,0,0,0.0,26.0,1,0,-0.498
2024-09-05 05:00:00,20.0,79.7,25.4,30.9,420.0,0,0,0.0,26.0,0,0,0.0
2024-09-05 06:00:00,23.6,80.2,25.6,30.9,420.0,0,0,0.0,26.0,1,0,0.285
2024-09-05 07:00:00,24.4,74.5,25.8,30.7,420.0,0,0,0.0,26.0,1,0,0.327
2024-09-05 08:00:00,25.8,75.0,25.9,30.5,4420.0,36,1,0.6,26.0,1,0,0.35
2024-09-05 09:00:00,26.2,70.2,25.9,30.2,3620.0,36,1,0.6,26.0,1,0,0.303
2024-09-05 10:00:00,26.5,70.2,26.0,29.9,4113.0,39,1,0.65,26.0,1,0,0.323
2024-09-05 11:00:00,32.2,68.9,26.0,29.6,4015.0,39,1,0.65,26.0,1,0,0.308
2024-09-05 12:00:00,28.6,63.8,26.0,29.1,420.0,0,0,0.0,26.0,1,0,0.385
2024-09-05 13:00:00,29.6,71.6,26.0,28.9,420.0,0,0,0.0,26.0,1,0,0.431
2024-09-05 14:00:00,30.2,67.0,26.0,28.5,4642.0,38,1,0.633,26.0,1,0,1.962
2024-09-05 15:00:00,30.4,64.8,26.0,28.1,3798.0,38,1,0.633,26.0,1,0,2.128
2024-09-05 16:00:00,32.0,62.6,26.0,27.6,4300.0,41,1,0.683,26.0,1,0,2.56
2024-09-05 17:00:00,29.4,70.0,26.0,27.4,4200.0,41,1,0.683,26.0,1,0,1.906
2024-09-05 18:00:00,31.0,68.7,26.0,27.2,420.0,0,0,0.0,26.0,1,0,0.521
2024-09-05 19:00:00,29.7,69.4,26.0,26.9,420.0,0,0,0.0,26.0,1,0,0.458
2024-09-05 20:00:00,30.3,70.1,26.0,26.7,420.0,0,0,0.0,26.0,1,0,0.588
2024-09-05 21:00:00,26.9,67.6,26.0,26.4,420.0,0,0,0.0,26.0,1,0,0.143
2024-09-05 22:00:00,23.5,70.5,26.0,26.3,420.0,0,0,0.0,26.0,1,0,-0.218
2024-09-05 23:00:00,25.4,68.3,26.0,26.0,420.0,0,0,0.0,26.0,1,0,-0.005
2024-09-06 00:00:00,21.9,68.7,26.0,25.8,420.0,0,0,0.0,26.0,1,0,-0.397
2024-09-06 01:00:00,20.4,77.5,26.0,25.9,420.0,0,0,0.0,26.0,1,0,-0.565
2024-09-06 02:00:00,23.2,80.9,26.0,26.0,420.0,0,0,0.0,26.0,1,0,-0.251
2024-09-06 03:00:00,19.8,83.2,25.4,31.7,420.0,0,0,0.0,26.0,0,0,0.0
2024-09-06 04:00:00,21.2,79.8,25.6,31.7,420.0,0,0,0.0,26.0,1,0,0.272
2024-09-06 05:00:00,19.9,76.0,25.0,36.1,420.0,0,0,0.0,26.0,0,0,0.0
2024-09-06 06:00:00,21.2,77.8,25.4,35.9,420.0,0,0,0.0,26.0,1,0,0.304
2024-09-06 07:00:00,23.6,80.6,25.7,35.7,420.0,0,0,0.0,26.0,1,0,0.297
2024-09-06 08:00:00,25.3,65.9,25.8,35.1,3087.0,24,1,0.4,26.0,1,0,0.314
2024-09-06 09:00:00,26.4,67.6,25.9,34.6,2553.0,24,1,0.4,26.0,1,0,0.271
2024-09-06 10:00:00,25.8,67.5,25.9,34.1,3216.0,29,1,0.483,26.0,1,0,0.292
2024-09-06 11:00:00,27.5,63.9,26.0,33.5,3083.0,29,1,0.483,26.0,1,0,0.329
2024-09-06 12:00:00,29.8,62.1,26.0,32.8,420.0,0,0,0.0,26.0,1,0,0.271
2024-09-06 13:00:00,30.9,71.8,26.0,32.5,420.0,0,0,0.0,26.0,1,0,0.335
2024-09-06 14:00:00,28.8,63.4,26.0,31.9,2864.0,22,1,0.367,26.0,1,0,1.267
2024-09-06 15:00:00,27.2,63.1,26.0,31.4,2376.0,22,1,0.367,26.0,1,0,1.286
2024-09-06 16:00:00,31.8,66.4,26.0,30.9,5000.0,56,1,0.933,26.0,1,0,2.697
2024-09-06 17:00:00,30.4,67.7,26.0,30.5,5000.0,56,1,0.933,26.0,1,0,2.381
2024-09-06 18:00:00,33.4,71.5,26.0,30.2,420.0,0,0,0.0,26.0,1,0,0.856
2024-09-06 19:00:00,27.7,63.6,26.0,29.7,420.0,0,0,0.0,26.0,1,0,0.264
2024-09-06 20:00:00,26.7,67.1,26.0,29.4,420.0,0,0,0.0,26.0,1,0,0.141
2024-09-06 21:00:00,26.7,68.5,26.0,29.0,420.0,0,0,0.0,26.0,1,0,0.154
2024-09-06 22:00:00,24.6,76.6,26.0,29.0,420.0,0,0,0.0,26.0,1,0,-0.094
2024-09-06 23:00:00,23.3,73.2,26.0,28.8,420.0,0,0,0.0,26.0,1,0,-0.24
2024-09-07 00:00:00,24.2,72.0,26.0,28.6,420.0,0,0,0.0,26.0,1,0,-0.139
2024-09-07 01:00:00,21.2,78.8,26.0,28.6,420.0,0,0,0.0,26.0,1,0,-0.475
2024-09-07 02:00:00,21.2,80.3,26.0,28.6,420.0,0,0,0.0,26.0,1,0,-0.475
2024-09-07 03:00:00,21.9,79.9,26.0,28.7,420.0,0,0,0.0,26.0,1,0,-0.397
2024-09-07 04:00:00,20.6,78.5,26.0,28.7,420.0,0,0,0.0,26.0,1,0,-0.543
2024-09-07 05:00:00,20.8,81.3,26.0,28.8,420.0,0,0,0.0,26.0,1,0,-0.52
2024-09-07 06:00:00,21.5,80.2,26.0,28.8,420.0,0,0,0.0,26.0,1,0,-0.442
2024-09-07 07:00:00,23.5,74.4,26.0,28.7,420.0,0,0,0.0,26.0,1,0,-0.215
2024-09-07 08:00:00,25.6,71.9,26.0,28.5,420.0,0,0,0.0,26.0,1,0,0.026
2024-09-07 09:00:00,27.0,72.6,26.0,28.3,420.0,0,0,0.0,26.0,1,0,0.165
2024-09-07 10:00:00,26.4,71.5,26.0,28.1,420.0,0,0,0.0,26.0,1,0,0.105
2024-09-07 11:00:00,29.3,71.5,26.0,27.9,420.0,0,0,0.0,26.0,1,0,0.397
2024-09-07 12:00:00,31.0,67.8,26.0,27.6,420.0,0,0,0.0,26.0,1,0,0.588
2024-09-07 13:00:00,28.6,72.4,26.0,27.4,420.0,0,0,0.0,26.0,1,0,0.397
2024-09-07 14:00:00,28.7,67.1,26.0,27.1,420.0,0,0,0.0,26.0,1,0,0.392
2024-09-07 15:00:00,31.6,60.5,26.0,26.6,420.0,0,0,0.0,26.0,1,0,0.667
2024-09-07 16:00:00,30.6,64.0,26.0,26.2,420.0,0,0,0.0,26.0,1,0,0.583
2024-09-07 17:00:00,32.3,62.9,26.0,25.8,420.0,0,0,0.0,26.0,1,0,0.858
2024-09-07 18:00:00,29.1,59.3,26.0,25.3,420.0,0,0,0.0,26.0,1,0,0.472
2024-09-07 19:00:00,31.1,64.8,26.0,25.0,420.0,0,0,0.0,26.0,1,0,0.647
2024-09-07 20:00:00,27.8,69.6,26.0,25.0,420.0,0,0,0.0,26.0,1,0,0.208
2024-09-07 21:00:00,25.9,74.4,26.0,25.0,420.0,0,0,0.0,26.0,1,0,0.053
2024-09-07 22:00:00,27.2,74.8,26.0,25.0,420.0,0,0,0.0,26.0,1,0,0.212
2024-09-07 23:00:00,24.5,77.0,26.0,25.1,420.0,0,0,0.0,26.0,1,0,-0.106
2024-09-08 00:00:00,24.0,76.3,26.0,25.1,420.0,0,0,0.0,26.0,1,0,-0.162
2024-09-08 01:00:00,23.3,82.3,26.0,25.3,420.0,0,0,0.0,26.0,1,0,-0.24
2024-09-08 02:00:00,22.8,77.7,26.0,25.4,420.0,0,0,0.0,26.0,1,0,-0.296
2024-09-08 03:00:00,20.7,80.7,26.0,25.5,420.0,0,0,0.0,26.0,1,0,-0.531
2024-09-08 04:00:00,19.1,84.5,25.3,31.4,420.0,0,0,0.0,26.0,0,0,0.0
2024-09-08 05:00:00,21.7,79.8,25.6,31.4,420.0,0,0,0.0,26.0,1,0,0.305
2024-09-08 06:00:00,21.6,73.7,25.7,31.2,420.0,0,0,0.0,26.0,1,0,0.317
2024-09-08 07:00:00,22.6,76.7,25.8,31.0,420.0,0,0,0.0,26.0,1,0,0.309
2024-09-08 08:00:00,25.7,74.6,25.9,30.8,420.0,0,0,0.0,26.0,1,0,0.27
2024-09-08 09:00:00,26.5,71.0,25.9,30.5,420.0,0,0,0.0,26.0,1,0,0.279
2024-09-08 10:00:00,28.0,74.4,26.0,30.4,420.0,0,0,0.0,26.0,1,0,0.292
2024-09-08 11:00:00,29.6,70.4,26.0,30.1,420.0,0,0,0.0,26.0,1,0,0.326
2024-09-08 12:00:00,30.0,61.8,26.0,29.5,420.0,0,0,0.0,26.0,1,0,0.282
2024-09-08 13:00:00,28.8,66.4,26.0,29.1,420.0,0,0,0.0,26.0,1,0,0.311
2024-09-08 14:00:00,30.8,65.6,26.0,28.7,420.0,0,0,0.0,26.0,1,0,0.625
2024-09-08 15:00:00,33.5,66.2,26.0,28.3,420.0,0,0,0.0,26.0,1,0,1.026
2024-09-08 16:00:00,32.7,64.6,26.0,27.9,420.0,0,0,0.0,26.0,1,0,0.816
2024-09-08 17:00:00,29.1,64.9,26.0,27.5,420.0,0,0,0.0,26.0,1,0,0.355
2024-09-08 18:00:00,28.3,71.0,26.0,27.3,420.0,0,0,0.0,26.0,1,0,0.337
2024-09-08 19:00:00,29.7,69.6,26.0,27.1,420.0,0,0,0.0,26.0,1,0,0.559
2024-09-08 20:00:00,29.1,63.9,26.0,26.7,420.0,0,0,0.0,26.0,1,0,0.433
2024-09-08 21:00:00,26.9,68.1,26.0,26.4,420.0,0,0,0.0,26.0,1,0,0.153
2024-09-08 22:00:00,24.7,73.1,26.0,26.3,420.0,0,0,0.0,26.0,1,0,-0.083
2024-09-08 23:00:00,24.5,76.7,26.0,26.4,420.0,0,0,0.0,26.0,1,0,-0.106
2024-09-09 00:00:00,24.5,75.9,26.0,26.3,420.0,0,0,0.0,26.0,1,0,-0.106
2024-09-09 01:00:00,22.7,79.4,26.0,26.4,420.0,0,0,0.0,26.0,1,0,-0.307
2024-09-09 02:00:00,18.7,77.0,25.3,31.5,420.0,0,0,0.0,26.0,0,0,0.0
2024-09-09 03:00:00,20.8,83.3,25.6,31.5,420.0,0,0,0.0,26.0,1,0,0.274
2024-09-09 04:00:00,21.9,76.2,25.7,31.4,420.0,0,0,0.0,26.0,1,0,0.277
2024-09-09 05:00:00,21.5,85.0,25.8,31.5,420.0,0,0,0.0,26.0,1,0,0.348
2024-09-09 06:00:00,22.6,76.7,25.9,31.4,420.0,0,0,0.0,26.0,1,0,0.292
2024-09-09 07:00:00,24.2,78.3,25.9,31.3,420.0,0,0,0.0,26.0,1,0,0.284
2024-09-09 08:00:00,24.0,75.6,26.0,31.1,5000.0,47,1,0.783,26.0,1,0,0.296
2024-09-09 09:00:00,25.5,74.2,26.0,30.9,4726.0,47,1,0.783,26.0,1,0,0.292
2024-09-09 10:00:00,27.5,71.4,26.0,30.6,2114.0,23,1,0.383,26.0,1,0,1.43
2024-09-09 11:00:00,27.4,65.5,26.0,30.1,2637.0,23,1,0.383,26.0,1,0,1.159
2024-09-09 12:00:00,31.0,66.1,26.0,29.7,420.0,0,0,0.0,26.0,1,0,0.694
2024-09-09 13:00:00,30.8,64.2,26.0,29.3,420.0,0,0,0.0,26.0,1,0,0.617
2024-09-09 14:00:00,32.2,62.4,26.0,28.8,4976.0,41,1,0.683,26.0,1,0,2.588
2024-09-09 15:00:00,30.8,66.4,26.0,28.4,4064.0,41,1,0.683,26.0,1,0,2.481
2024-09-09 16:00:00,32.6,62.7,26.0,27.9,4024.0,39,1,0.65,26.0,1,0,2.355
2024-09-09 17:00:00,33.3,66.0,26.0,27.6,4032.0,39,1,0.65,26.0,1,0,2.354
2024-09-09 18:00:00,28.0,67.5,26.0,27.3,420.0,0,0,0.0,26.0,1,0,0.288
2024-09-09 19:00:00,27.9,69.3,26.0,27.0,420.0,0,0,0.0,26.0,1,0,0.273
2024-09-09 20:00:00,27.2,70.2,26.0,26.8,420.0,0,0,0.0,26.0,1,0,0.171
2024-09-09 21:00:00,24.6,75.0,26.0,26.8,420.0,0,0,0.0,26.0,1,0,-0.094
2024-09-09 22:00:00,23.0,70.7,26.0,26.6,420.0,0,0,0.0,26.0,1,0,-0.274
2024-09-09 23:00:00,24.1,80.8,26.0,26.7,420.0,0,0,0.0,26.0,1,0,-0.15
2024-09-10 00:00:00,21.9,79.8,26.0,26.8,420.0,0,0,0.0,26.0,1,0,-0.397
2024-09-10 01:00:00,23.3,81.4,26.0,26.9,420.0,0,0,0.0,26.0,1,0,-0.24
2024-09-10 02:00:00,20.7,76.5,26.0,26.9,420.0,0,0,0.0,26.0,1,0,-0.531
2024-09-10 03:00:00,17.7,79.2,25.2,32.1,420.0,0,0,0.0,26.0,0,0,0.0
2024-09-10 04:00:00,22.9,76.4,25.5,32.0,420.0,0,0,0.0,26.0,1,0,0.337
2024-09-10 05:00:00,22.7,76.1,25.7,31.8,420.0,0,0,0.0,26.0,1,0,0.306
2024-09-10 06:00:00,22.6,79.8,25.8,31.7,420.0,0,0,0.0,26.0,1,0,0.272
2024-09-10 07:00:00,22.5,76.5,25.9,31.6,420.0,0,0,0.0,26.0,1,0,0.25
2024-09-10 08:00:00,24.1,76.2,25.9,31.4,5000.0,45,1,0.75,26.0,1,0,0.244
2024-09-10 09:00:00,26.4,72.2,26.0,31.1,4504.0,45,1,0.75,26.0,1,0,0.318
2024-09-10 10:00:00,29.6,71.9,26.0,30.9,5000.0,59,1,0.983,26.0,1,0,0.285
2024-09-10 11:00:00,27.5,67.7,26.0,30.5,5000.0,59,1,0.983,26.0,1,0,2.308
2024-09-10 12:00:00,29.4,66.6,26.0,30.1,420.0,0,0,0.0,26.0,1,0,0.471
2024-09-10 13:00:00,34.1,66.2,26.0,29.6,420.0,0,0,0.0,26.0,1,0,0.94
2024-09-10 14:00:00,27.8,62.6,26.0,29.1,5000.0,47,1,0.783,26.0,1,0,2.144
2024-09-10 15:00:00,28.1,63.0,26.0,28.6,4726.0,47,1,0.783,26.0,1,0,2.103
2024-09-10 16:00:00,27.8,61.7,26.0,28.1,2781.0,29,1,0.483,26.0,1,0,1.478
2024-09-10 17:00:00,28.0,66.2,26.0,27.8,3170.0,29,1,0.483,26.0,1,0,1.318
2024-09-10 18:00:00,29.5,67.3,26.0,27.5,420.0,0,0,0.0,26.0,1,0,0.425
2024-09-10 19:00:00,28.3,63.8,26.0,27.1,420.0,0,0,0.0,26.0,1,0,0.336
2024-09-10 20:00:00,28.1,75.7,26.0,27.0,420.0,0,0,0.0,26.0,1,0,0.282
2024-09-10 21:00:00,26.6,70.7,26.0,26.8,420.0,0,0,0.0,26.0,1,0,0.142
2024-09-10 22:00:00,22.6,71.3,26.0,26.7,420.0,0,0,0.0,26.0,1,0,-0.318
2024-09-10 23:00:00,24.2,79.2,26.0,26.7,420.0,0,0,0.0,26.0,1,0,-0.139
2024-09-11 00:00:00,22.9,80.1,26.0,26.8,420.0,0,0,0.0,26.0,1,0,-0.285
2024-09-11 01:00:00,22.7,80.4,26.0,26.9,420.0,0,0,0.0,26.0,1,0,-0.307
2024-09-11 02:00:00,20.2,80.2,26.0,27.0,420.0,0,0,0.0,26.0,1,0,-0.587
2024-09-11 03:00:00,19.7,80.1,25.4,32.3,420.0,0,0,0.0,26.0,0,0,0.0
2024-09-11 04:00:00,21.7,84.8,25.6,32.4,420.0,0,0,0.0,26.0,1,0,0.356
2024-09-11 05:00:00,19.7,80.4,25.0,37.2,420.0,0,0,0.0,26.0,0,0,0.0
2024-09-11 06:00:00,24.7,79.9,25.4,37.0,420.0,0,0,0.0,26.0,1,0,0.316
2024-09-11 07:00:00,24.7,77.8,25.6,36.7,420.0,0,0,0.0,26.0,1,0,0.336
2024-09-11 08:00:00,26.7,70.8,25.8,36.2,3087.0,24,1,0.4,26.0,1,0,0.317
2024-09-11 09:00:00,23.9,72.0,25.9,35.8,2553.0,24,1,0.4,26.0,1,0,0.287
2024-09-11 10:00:00,24.1,73.6,25.9,35.5,2993.0,27,1,0.45,26.0,1,0,0.305
2024-09-11 11:00:00,30.3,66.7,26.0,34.9,2905.0,27,1,0.45,26.0,1,0,0.348
2024-09-11 12:00:00,29.0,66.1,26.0,34.3,420.0,0,0,0.0,26.0,1,0,0.287
2024-09-11 13:00:00,30.4,65.5,26.0,33.8,420.0,0,0,0.0,26.0,1,0,0.275
2024-09-11 14:00:00,31.7,63.8,26.0,33.2,5000.0,44,1,0.733,26.0,1,0,2.18
2024-09-11 15:00:00,32.4,65.3,26.0,32.6,4393.0,44,1,0.733,26.0,1,0,2.432
2024-09-11 16:00:00,29.9,68.3,26.0,32.2,2959.0,30,1,0.5,26.0,1,0,1.614
2024-09-11 17:00:00,28.3,64.8,26.0,31.7,3246.0,30,1,0.5,26.0,1,0,1.784
2024-09-11 18:00:00,31.0,64.2,26.0,31.1,420.0,0,0,0.0,26.0,1,0,0.633
2024-09-11 19:00:00,29.0,69.6,26.0,30.8,420.0,0,0,0.0,26.0,1,0,0.43
2024-09-11 20:00:00,26.0,69.7,26.0,30.5,420.0,0,0,0.0,26.0,1,0,0.061
2024-09-11 21:00:00,25.8,70.3,26.0,30.2,420.0,0,0,0.0,26.0,1,0,0.036
2024-09-11 22:00:00,28.2,71.8,26.0,29.9,420.0,0,0,0.0,26.0,1,0,0.277
2024-09-11 23:00:00,25.0,74.8,26.0,29.8,420.0,0,0,0.0,26.0,1,0,-0.05
2024-09-12 00:00:00,20.8,78.0,26.0,29.7,420.0,0,0,0.0,26.0,1,0,-0.52
2024-09-12 01:00:00,22.6,81.7,26.0,29.8,420.0,0,0,0.0,26.0,1,0,-0.318
2024-09-12 02:00:00,23.5,88.6,26.0,30.0,420.0,0,0,0.0,26.0,1,0,-0.218
2024-09-12 03:00:00,21.4,78.0,26.0,30.0,420.0,0,0,0.0,26.0,1,0,-0.453
2024-09-12 04:00:00,21.8,78.9,26.0,29.9,420.0,0,0,0.0,26.0,1,0,-0.408
2024-09-12 05:00:00,23.1,75.0,26.0,29.8,420.0,0,0,0.0,26.0,1,0,-0.262
2024-09-12 06:00:00,26.0,80.2,26.0,29.8,420.0,0,0,0.0,26.0,1,0,0.058
2024-09-12 07:00:00,21.0,73.9,26.0,29.6,420.0,0,0,0.0,26.0,1,0,-0.495
2024-09-12 08:00:00,25.9,77.6,26.0,29.6,5000.0,48,1,0.8,26.0,1,0,1.921
2024-09-12 09:00:00,24.1,74.1,26.0,29.4,4837.0,48,1,0.8,26.0,1,0,1.74
2024-09-12 10:00:00,24.4,69.7,26.0,29.1,4870.0,48,1,0.8,26.0,1,0,1.788
2024-09-12 11:00:00,30.2,66.3,26.0,28.7,4863.0,48,1,0.8,26.0,1,0,2.076
2024-09-12 12:00:00,27.3,66.8,26.0,28.4,420.0,0,0,0.0,26.0,1,0,0.219
2024-09-12 13:00:00,29.4,67.0,26.0,28.0,420.0,0,0,0.0,26.0,1,0,0.417
2024-09-12 14:00:00,29.5,62.0,26.0,27.5,4864.0,40,1,0.667,26.0,1,0,2.092
2024-09-12 15:00:00,28.0,64.5,26.0,27.2,3976.0,40,1,0.667,26.0,1,0,1.928
2024-09-12 16:00:00,30.6,60.7,26.0,26.7,2042.0,21,1,0.35,26.0,1,0,1.407
2024-09-12 17:00:00,30.6,68.2,26.0,26.4,2429.0,21,1,0.35,26.0,1,0,1.67
2024-09-12 18:00:00,29.2,67.1,26.0,26.1,420.0,0,0,0.0,26.0,1,0,0.5
2024-09-12 19:00:00,28.9,64.4,26.0,25.8,420.0,0,0,0.0,26.0,1,0,0.413
2024-09-12 20:00:00,30.4,68.5,26.0,25.6,420.0,0,0,0.0,26.0,1,0,0.548
2024-09-12 21:00:00,27.0,74.3,26.0,25.5,420.0,0,0,0.0,26.0,1,0,0.17
2024-09-12 22:00:00,24.5,75.9,26.0,25.5,420.0,0,0,0.0,26.0,1,0,-0.106
2024-09-12 23:00:00,23.9,71.7,26.0,25.4,420.0,0,0,0.0,26.0,1,0,-0.173
2024-09-13 00:00:00,22.0,75.8,26.0,25.4,420.0,0,0,0.0,26.0,1,0,-0.386
2024-09-13 01:00:00,21.0,75.0,26.0,25.4,420.0,0,0,0.0,26.0,1,0,-0.498
2024-09-13 02:00:00,22.9,84.5,26.0,25.7,420.0,0,0,0.0,26.0,1,0,-0.285
2024-09-13 03:00:00,22.5,83.8,26.0,25.9,420.0,0,0,0.0,26.0,1,0,-0.33
2024-09-13 04:00:00,20.7,77.8,26.0,26.0,420.0,0,0,0.0,26.0,1,0,-0.531
2024-09-13 05:00:00,20.5,80.9,26.0,26.1,420.0,0,0,0.0,26.0,1,0,-0.554
2024-09-13 06:00:00,22.8,77.4,26.0,26.2,420.0,0,0,0.0,26.0,1,0,-0.296
2024-09-13 07:00:00,25.4,77.2,26.0,26.2,420.0,0,0,0.0,26.0,1,0,-0.002
2024-09-13 08:00:00,23.4,72.0,26.0,26.1,5000.0,53,1,0.883,26.0,1,0,1.716
2024-09-13 09:00:00,27.0,75.1,26.0,26.0,5000.0,53,1,0.883,26.0,1,0,2.02
2024-09-13 10:00:00,28.1,75.6,26.0,26.0,2837.0,30,1,0.5,26.0,1,0,1.589
2024-09-13 11:00:00,31.0,69.3,26.0,25.8,3270.0,30,1,0.5,26.0,1,0,1.712
2024-09-13 12:00:00,28.3,62.4,26.0,25.4,420.0,0,0,0.0,26.0,1,0,0.281
2024-09-13 13:00:00,29.7,67.3,26.0,25.2,420.0,0,0,0.0,26.0,1,0,0.496
2024-09-13 14:00:00,33.6,65.5,26.0,25.0,3642.0,29,1,0.483,26.0,1,0,2.146
2024-09-13 15:00:00,32.8,63.3,26.0,25.0,2998.0,29,1,0.483,26.0,1,0,1.957
2024-09-13 16:00:00,31.8,66.7,26.0,25.0,2682.0,25,1,0.417,26.0,1,0,1.626
2024-09-13 17:00:00,27.4,63.8,26.0,25.0,2745.0,25,1,0.417,26.0,1,0,1.347
2024-09-13 18:00:00,31.0,67.2,26.0,25.0,420.0,0,0,0.0,26.0,1,0,0.573
2024-09-13 19:00:00,26.7,60.7,26.0,25.0,420.0,0,0,0.0,26.0,1,0,0.139
2024-09-13 20:00:00,26.7,69.7,26.0,25.0,420.0,0,0,0.0,26.0,1,0,0.161
2024-09-13 21:00:00,24.7,72.4,26.0,25.0,420.0,0,0,0.0,26.0,1,0,-0.083
2024-09-13 22:00:00,25.5,76.1,26.0,25.0,420.0,0,0,0.0,26.0,1,0,0.007
2024-09-13 23:00:00,20.0,72.1,25.4,29.7,420.0,0,0,0.0,26.0,0,0,0.0
2024-09-14 00:00:00,22.0,79.4,25.6,29.7,420.0,0,0,0.0,26.0,1,0,0.267
2024-09-14 01:00:00,22.4,80.3,25.8,29.7,420.0,0,0,0.0,26.0,1,0,0.269
2024-09-14 02:00:00,20.6,78.7,25.9,29.7,420.0,0,0,0.0,26.0,1,0,0.304
2024-09-14 03:00:00,19.9,82.3,25.3,35.0,420.0,0,0,0.0,26.0,0,0,0.0
2024-09-14 04:00:00,19.8,82.3,24.7,39.7,420.0,0,0,0.0,26.0,0,0,0.0
2024-09-14 05:00:00,22.0,78.8,25.2,39.4,420.0,0,0,0.0,26.0,1,0,0.267
2024-09-14 06:00:00,21.5,73.6,25.5,38.9,420.0,0,0,0.0,26.0,1,0,0.252
2024-09-14 07:00:00,22.5,75.0,25.7,38.5,420.0,0,0,0.0,26.0,1,0,0.313
2024-09-14 08:00:00,21.2,73.5,25.8,38.0,420.0,0,0,0.0,26.0,1,0,0.308
2024-09-14 09:00:00,27.4,73.7,25.9,37.6,420.0,0,0,0.0,26.0,1,0,0.311
2024-09-14 10:00:00,26.5,70.1,25.9,37.1,420.0,0,0,0.0,26.0,1,0,0.306
2024-09-14 11:00:00,27.7,68.4,26.0,36.5,420.0,0,0,0.0,26.0,1,0,0.298
2024-09-14 12:00:00,31.8,69.2,26.0,36.0,420.0,0,0,0.0,26.0,1,0,0.284
2024-09-14 13:00:00,31.1,63.6,26.0,35.3,420.0,0,0,0.0,26.0,1,0,0.312
2024-09-14 14:00:00,32.0,59.2,26.0,34.5,420.0,0,0,0.0,26.0,1,0,0.337
2024-09-14 15:00:00,30.6,65.8,26.0,34.0,420.0,0,0,0.0,26.0,1,0,0.562
2024-09-14 16:00:00,31.9,66.3,26.0,33.5,420.0,0,0,0.0,26.0,1,0,0.669
2024-09-14 17:00:00,30.8,64.5,26.0,32.9,420.0,0,0,0.0,26.0,1,0,0.548
2024-09-14 18:00:00,30.3,63.5,26.0,32.3,420.0,0,0,0.0,26.0,1,0,0.506
2024-09-14 19:00:00,27.2,68.2,26.0,31.9,420.0,0,0,0.0,26.0,1,0,0.2
2024-09-14 20:00:00,27.6,64.5,26.0,31.4,420.0,0,0,0.0,26.0,1,0,0.2
2024-09-14 21:00:00,26.7,74.3,26.0,31.1,420.0,0,0,0.0,26.0,1,0,0.146
2024-09-14 22:00:00,24.6,81.2,26.0,31.1,420.0,0,0,0.0,26.0,1,0,-0.094
2024-09-14 23:00:00,22.5,74.9,26.0,31.0,420.0,0,0,0.0,26.0,1,0,-0.33
2024-09-15 00:00:00,21.9,77.4,26.0,30.9,420.0,0,0,0.0,26.0,1,0,-0.397
2024-09-15 01:00:00,21.2,74.7,26.0,30.7,420.0,0,0,0.0,26.0,1,0,-0.475
2024-09-15 02:00:00,20.4,79.4,26.0,30.6,420.0,0,0,0.0,26.0,1,0,-0.565
2024-09-15 03:00:00,22.8,86.6,26.0,30.8,420.0,0,0,0.0,26.0,1,0,-0.296
2024-09-15 04:00:00,23.2,77.4,26.0,30.7,420.0,0,0,0.0,26.0,1,0,-0.251
2024-09-15 05:00:00,20.6,78.5,26.0,30.6,420.0,0,0,0.0,26.0,1,0,-0.543
2024-09-15 06:00:00,25.1,77.2,26.0,30.5,420.0,0,0,0.0,26.0,1,0,-0.038
2024-09-15 07:00:00,21.5,74.5,26.0,30.4,420.0,0,0,0.0,26.0,1,0,-0.439
2024-09-15 08:00:00,25.8,76.1,26.0,30.2,420.0,0,0,0.0,26.0,1,0,0.048
2024-09-15 09:00:00,25.7,74.1,26.0,30.0,420.0,0,0,0.0,26.0,1,0,0.032
2024-09-15 10:00:00,23.9,70.2,26.0,29.8,420.0,0,0,0.0,26.0,1,0,-0.163
2024-09-15 11:00:00,29.8,65.5,26.0,29.3,420.0,0,0,0.0,26.0,1,0,0.46
2024-09-15 12:00:00,28.3,60.7,26.0,28.8,420.0,0,0,0.0,26.0,1,0,0.334
2024-09-15 13:00:00,32.7,62.9,26.0,28.3,420.0,0,0,0.0,26.0,1,0,0.815
2024-09-15 14:00:00,31.2,66.1,26.0,27.9,420.0,0,0,0.0,26.0,1,0,0.682
2024-09-15 15:00:00,33.3,63.5,26.0,27.5,420.0,0,0,0.0,26.0,1,0,0.878
2024-09-15 16:00:00,30.0,64.8,26.0,27.1,420.0,0,0,0.0,26.0,1,0,0.569
2024-09-15 17:00:00,32.3,64.6,26.0,26.7,420.0,0,0,0.0,26.0,1,0,0.751
2024-09-15 18:00:00,28.1,61.7,26.0,26.3,420.0,0,0,0.0,26.0,1,0,0.274
2024-09-15 19:00:00,26.7,70.6,26.0,26.1,420.0,0,0,0.0,26.0,1,0,0.129
2024-09-15 20:00:00,26.8,68.1,26.0,25.9,420.0,0,0,0.0,26.0,1,0,0.161
2024-09-15 21:00:00,24.9,72.3,26.0,25.8,420.0,0,0,0.0,26.0,1,0,-0.061
2024-09-15 22:00:00,24.3,73.3,26.0,25.7,420.0,0,0,0.0,26.0,1,0,-0.128
2024-09-15 23:00:00,25.5,80.6,26.0,25.8,420.0,0,0,0.0,26.0,1,0,0.006
2024-09-16 00:00:00,20.0,78.6,25.4,31.1,420.0,0,0,0.0,26.0,0,0,0.0
2024-09-16 01:00:00,20.5,78.2,25.6,31.0,420.0,0,0,0.0,26.0,1,0,0.315
2024-09-16 02:00:00,21.6,79.1,25.8,31.0,420.0,0,0,0.0,26.0,1,0,0.315
2024-09-16 03:00:00,21.3,82.0,25.9,31.0,420.0,0,0,0.0,26.0,1,0,0.252
2024-09-16 04:00:00,21.6,77.8,25.9,30.9,420.0,0,0,0.0,26.0,1,0,0.273
2024-09-16 05:00:00,20.7,74.6,25.9,30.7,420.0,0,0,0.0,26.0,1,0,0.276
2024-09-16 06:00:00,21.2,83.5,26.0,30.8,420.0,0,0,0.0,26.0,1,0,0.28
2024-09-16 07:00:00,22.3,72.4,26.0,30.5,420.0,0,0,0.0,26.0,1,0,0.29
2024-09-16 08:00:00,25.2,73.7,26.0,30.3,5000.0,56,1,0.933,26.0,1,0,0.324
2024-09-16 09:00:00,25.7,76.2,26.0,30.2,5000.0,56,1,0.933,26.0,1,0,2.3
2024-09-16 10:00:00,28.1,68.3,26.0,29.9,4060.0,41,1,0.683,26.0,1,0,1.856
2024-09-16 11:00:00,27.9,66.5,26.0,29.5,4248.0,41,1,0.683,26.0,1,0,1.842
2024-09-16 12:00:00,30.8,65.4,26.0,29.0,420.0,0,0,0.0,26.0,1,0,0.577
2024-09-16 13:00:00,27.6,64.9,26.0,28.6,420.0,0,0,0.0,26.0,1,0,0.254
2024-09-16 14:00:00,28.5,70.8,26.0,28.4,4309.0,35,1,0.583,26.0,1,0,1.787
2024-09-16 15:00:00,29.6,63.5,26.0,27.9,3531.0,35,1,0.583,26.0,1,0,2.001
2024-09-16 16:00:00,31.2,63.4,26.0,27.5,5000.0,50,1,0.833,26.0,1,0,2.687
2024-09-16 17:00:00,29.9,66.3,26.0,27.2,5000.0,50,1,0.833,26.0,1,0,1.94
2024-09-16 18:00:00,31.8,68.6,26.0,26.9,420.0,0,0,0.0,26.0,1,0,0.704
2024-09-16 19:00:00,30.7,64.9,26.0,26.5,420.0,0,0,0.0,26.0,1,0,0.654
2024-09-16 20:00:00,27.8,70.4,26.0,26.4,420.0,0,0,0.0,26.0,1,0,0.255
2024-09-16 21:00:00,26.5,76.1,26.0,26.4,420.0,0,0,0.0,26.0,1,0,0.129
2024-09-16 22:00:00,24.4,72.9,26.0,26.2,420.0,0,0,0.0,26.0,1,0,-0.117
2024-09-16 23:00:00,24.3,70.7,26.0,26.1,420.0,0,0,0.0,26.0,1,0,-0.128
2024-09-17 00:00:00,22.1,77.3,26.0,26.1,420.0,0,0,0.0,26.0,1,0,-0.374
2024-09-17 01:00:00,20.3,82.1,26.0,26.3,420.0,0,0,0.0,26.0,1,0,-0.576
2024-09-17 02:00:00,19.6,79.3,25.4,31.6,420.0,0,0,0.0,26.0,0,0,0.0
2024-09-17 03:00:00,21.4,84.1,25.6,31.7,420.0,0,0,0.0,26.0,1,0,0.293
2024-09-17 04:00:00,21.2,82.5,25.8,31.7,420.0,0,0,0.0,26.0,1,0,0.304
2024-09-17 05:00:00,22.7,79.3,25.9,31.6,420.0,0,0,0.0,26.0,1,0,0.273
2024-09-17 06:00:00,20.8,73.4,25.9,31.4,420.0,0,0,0.0,26.0,1,0,0.274
2024-09-17 07:00:00,23.7,74.4,25.9,31.2,420.0,0,0,0.0,26.0,1,0,0.317
2024-09-17 08:00:00,26.1,76.3,26.0,31.0,3531.0,28,1,0.467,26.0,1,0,0.321
2024-09-17 09:00:00,25.7,68.5,26.0,30.6,2909.0,28,1,0.467,26.0,1,0,0.301
2024-09-17 10:00:00,28.1,66.9,26.0,30.2,4144.0,38,1,0.633,26.0,1,0,1.63
2024-09-17 11:00:00,27.4,65.1,26.0,29.8,3897.0,38,1,0.633,26.0,1,0,1.736
2024-09-17 12:00:00,29.3,69.9,26.0,29.5,420.0,0,0,0.0,26.0,1,0,0.488
2024-09-17 13:00:00,30.3,63.7,26.0,29.0,420.0,0,0,0.0,26.0,1,0,0.633
2024-09-17 14:00:00,28.5,65.9,26.0,28.6,5000.0,52,1,0.867,26.0,1,0,2.232
2024-09-17 15:00:00,29.8,64.4,26.0,28.2,5000.0,52,1,0.867,26.0,1,0,2.111
2024-09-17 16:00:00,30.3,66.8,26.0,27.8,5000.0,53,1,0.883,26.0,1,0,2.688
2024-09-17 17:00:00,30.1,64.9,26.0,27.5,5000.0,53,1,0.883,26.0,1,0,2.438
2024-09-17 18:00:00,30.3,72.7,26.0,27.3,420.0,0,0,0.0,26.0,1,0,0.585
2024-09-17 19:00:00,29.8,67.7,26.0,27.0,420.0,0,0,0.0,26.0,1,0,0.499
2024-09-17 20:00:00,27.3,68.4,26.0,26.8,420.0,0,0,0.0,26.0,1,0,0.193
2024-09-17 21:00:00,24.6,70.3,26.0,26.6,420.0,0,0,0.0,26.0,1,0,-0.094
2024-09-17 22:00:00,23.5,76.0,26.0,26.6,420.0,0,0,0.0,26.0,1,0,-0.218
2024-09-17 23:00:00,21.9,80.0,26.0,26.7,420.0,0,0,0.0,26.0,1,0,-0.397
2024-09-18 00:00:00,23.6,77.7,26.0,26.7,420.0,0,0,0.0,26.0,1,0,-0.206
2024-09-18 01:00:00,21.7,77.3,26.0,26.7,420.0,0,0,0.0,26.0,1,0,-0.419
2024-09-18 02:00:00,21.6,83.0,26.0,26.9,420.0,0,0,0.0,26.0,1,0,-0.43
2024-09-18 03:00:00,19.9,75.4,25.4,31.8,420.0,0,0,0.0,26.0,0,0,0.0
2024-09-18 04:00:00,22.2,80.7,25.6,31.7,420.0,0,0,0.0,26.0,1,0,0.301
2024-09-18 05:00:00,20.0,76.7,25.1,36.2,420.0,0,0,0.0,26.0,0,0,0.0
2024-09-18 06:00:00,21.2,75.5,25.4,35.9,420.0,0,0,0.0,26.0,1,0,0.331
2024-09-18 07:00:00,23.0,75.2,25.7,35.6,420.0,0,0,0.0,26.0,1,0,0.296
2024-09-18 08:00:00,23.7,71.8,25.8,35.2,4753.0,39,1,0.65,26.0,1,0,0.275
2024-09-18 09:00:00,25.7,72.5,25.9,34.8,3887.0,39,1,0.65,26.0,1,0,0.262
2024-09-18 10:00:00,26.8,73.4,26.0,34.4,4949.0,47,1,0.783,26.0,1,0,0.281
2024-09-18 11:00:00,29.3,63.2,26.0,33.8,4736.0,47,1,0.783,26.0,1,0,0.29
2024-09-18 12:00:00,30.3,68.2,26.0,33.3,420.0,0,0,0.0,26.0,1,0,0.592
2024-09-18 13:00:00,29.7,60.6,26.0,32.7,420.0,0,0,0.0,26.0,1,0,0.444
2024-09-18 14:00:00,30.8,64.2,26.0,32.1,2976.0,23,1,0.383,26.0,1,0,1.845
2024-09-18 15:00:00,29.3,59.6,26.0,31.4,2464.0,23,1,0.383,26.0,1,0,1.314
2024-09-18 16:00:00,30.7,63.6,26.0,30.9,4678.0,42,1,0.7,26.0,1,0,2.634
2024-09-18 17:00:00,29.7,64.8,26.0,30.4,4235.0,42,1,0.7,26.0,1,0,2.396
2024-09-18 18:00:00,27.9,65.0,26.0,29.9,420.0,0,0,0.0,26.0,1,0,0.278
2024-09-18 19:00:00,29.3,67.0,26.0,29.6,420.0,0,0,0.0,26.0,1,0,0.375
2024-09-18 20:00:00,24.8,68.5,26.0,29.2,420.0,0,0,0.0,26.0,1,0,-0.072
2024-09-18 21:00:00,24.4,72.8,26.0,29.0,420.0,0,0,0.0,26.0,1,0,-0.117
2024-09-18 22:00:00,25.2,69.1,26.0,28.7,420.0,0,0,0.0,26.0,1,0,-0.027
2024-09-18 23:00:00,24.6,72.7,26.0,28.6,420.0,0,0,0.0,26.0,1,0,-0.094
2024-09-19 00:00:00,24.8,77.5,26.0,28.5,420.0,0,0,0.0,26.0,1,0,-0.072
2024-09-19 01:00:00,19.8,75.5,25.4,33.2,420.0,0,0,0.0,26.0,0,0,0.0
2024-09-19 02:00:00,21.7,78.6,25.6,33.1,420.0,0,0,0.0,26.0,1,0,0.299
2024-09-19 03:00:00,20.9,84.8,25.8,33.1,420.0,0,0,0.0,26.0,1,0,0.291
2024-09-19 04:00:00,20.1,79.9,25.9,33.0,420.0,0,0,0.0,26.0,1,0,0.269
2024-09-19 05:00:00,23.8,79.7,25.9,32.9,420.0,0,0,0.0,26.0,1,0,0.307
2024-09-19 06:00:00,20.1,79.2,25.9,32.8,420.0,0,0,0.0,26.0,1,0,0.28
2024-09-19 07:00:00,21.8,80.2,26.0,32.7,420.0,0,0,0.0,26.0,1,0,0.283
2024-09-19 08:00:00,23.5,83.0,26.0,32.8,5000.0,54,1,0.9,26.0,1,0,0.295
2024-09-19 09:00:00,28.2,69.6,26.0,32.4,5000.0,54,1,0.9,26.0,1,0,0.286
2024-09-19 10:00:00,27.3,72.2,26.0,32.1,5000.0,50,1,0.833,26.0,1,0,2.438
2024-09-19 11:00:00,29.7,69.3,26.0,31.7,5000.0,50,1,0.833,26.0,1,0,2.26
2024-09-19 12:00:00,31.4,66.0,26.0,31.2,420.0,0,0,0.0,26.0,1,0,0.702
2024-09-19 13:00:00,29.8,64.0,26.0,30.7,420.0,0,0,0.0,26.0,1,0,0.504
2024-09-19 14:00:00,32.1,65.4,26.0,30.2,2864.0,22,1,0.367,26.0,1,0,1.805
2024-09-19 15:00:00,31.4,66.4,26.0,29.8,2376.0,22,1,0.367,26.0,1,0,1.733
2024-09-19 16:00:00,27.8,65.2,26.0,29.4,5000.0,59,1,0.983,26.0,1,0,2.597
2024-09-19 17:00:00,30.7,70.1,26.0,29.1,5000.0,59,1,0.983,26.0,1,0,2.807
2024-09-19 18:00:00,27.2,71.0,26.0,28.9,420.0,0,0,0.0,26.0,1,0,0.2
2024-09-19 19:00:00,28.6,69.5,26.0,28.6,420.0,0,0,0.0,26.0,1,0,0.355
2024-09-19 20:00:00,29.8,71.6,26.0,28.4,420.0,0,0,0.0,26.0,1,0,0.483
2024-09-19 21:00:00,26.6,72.7,26.0,28.2,420.0,0,0,0.0,26.0,1,0,0.12
2024-09-19 22:00:00,24.0,74.0,26.0,28.1,420.0,0,0,0.0,26.0,1,0,-0.162
2024-09-19 23:00:00,22.4,75.9,26.0,28.0,420.0,0,0,0.0,26.0,1,0,-0.341
2024-09-20 00:00:00,19.0,78.9,25.3,33.1,420.0,0,0,0.0,26.0,0,0,0.0
2024-09-20 01:00:00,21.5,77.9,25.6,32.9,420.0,0,0,0.0,26.0,1,0,0.299
2024-09-20 02:00:00,21.5,75.4,25.7,32.7,420.0,0,0,0.0,26.0,1,0,0.306
2024-09-20 03:00:00,23.9,79.7,25.8,32.6,420.0,0,0,0.0,26.0,1,0,0.31
2024-09-20 04:00:00,21.0,76.8,25.9,32.4,420.0,0,0,0.0,26.0,1,0,0.304
2024-09-20 05:00:00,21.7,83.1,25.9,32.5,420.0,0,0,0.0,26.0,1,0,0.294
2024-09-20 06:00:00,24.0,80.2,26.0,32.4,420.0,0,0,0.0,26.0,1,0,0.299
2024-09-20 07:00:00,24.3,74.9,26.0,32.2,420.0,0,0,0.0,26.0,1,0,0.287
2024-09-20 08:00:00,22.5,73.5,26.0,31.9,5000.0,55,1,0.917,26.0,1,0,0.308
2024-09-20 09:00:00,25.6,75.1,26.0,31.7,5000.0,55,1,0.917,26.0,1,0,2.02
2024-09-20 10:00:00,27.8,74.8,26.0,31.5,3948.0,40,1,0.667,26.0,1,0,1.863
2024-09-20 11:00:00,30.3,66.6,26.0,31.1,4159.0,40,1,0.667,26.0,1,0,2.287
2024-09-20 12:00:00,26.8,70.5,26.0,30.7,420.0,0,0,0.0,26.0,1,0,0.154
2024-09-20 13:00:00,32.4,61.0,26.0,30.1,420.0,0,0,0.0,26.0,1,0,0.828
2024-09-20 14:00:00,33.1,65.4,26.0,29.7,5000.0,45,1,0.75,26.0,1,0,2.593
2024-09-20 15:00:00,31.2,68.8,26.0,29.4,4504.0,45,1,0.75,26.0,1,0,2.755
2024-09-20 16:00:00,32.8,66.2,26.0,29.0,5000.0,57,1,0.95,26.0,1,0,2.873
2024-09-20 17:00:00,31.0,66.9,26.0,28.6,5000.0,57,1,0.95,26.0,1,0,2.871
2024-09-20 18:00:00,28.9,66.2,26.0,28.2,420.0,0,0,0.0,26.0,1,0,0.388
2024-09-20 19:00:00,27.1,67.0,26.0,27.9,420.0,0,0,0.0,26.0,1,0,0.165
2024-09-20 20:00:00,26.7,68.0,26.0,27.6,420.0,0,0,0.0,26.0,1,0,0.135
2024-09-20 21:00:00,26.2,71.0,26.0,27.4,420.0,0,0,0.0,26.0,1,0,0.091
2024-09-20 22:00:00,25.5,69.2,26.0,27.2,420.0,0,0,0.0,26.0,1,0,0.006
2024-09-20 23:00:00,23.3,76.4,26.0,27.1,420.0,0,0,0.0,26.0,1,0,-0.24
2024-09-21 00:00:00,22.0,77.1,26.0,27.1,420.0,0,0,0.0,26.0,1,0,-0.386
2024-09-21 01:00:00,19.3,80.0,25.3,32.4,420.0,0,0,0.0,26.0,0,0,0.0
2024-09-21 02:00:00,22.1,81.2,25.6,32.4,420.0,0,0,0.0,26.0,1,0,0.247
2024-09-21 03:00:00,22.6,80.6,25.8,32.3,420.0,0,0,0.0,26.0,1,0,0.299
2024-09-21 04:00:00,21.9,80.2,25.8,32.3,420.0,0,0,0.0,26.0,1,0,0.274
2024-09-21 05:00:00,22.7,74.2,25.9,32.0,420.0,0,0,0.0,26.0,1,0,0.303
2024-09-21 06:00:00,21.1,82.4,25.9,32.0,420.0,0,0,0.0,26.0,1,0,0.337
2024-09-21 07:00:00,19.8,75.6,25.3,36.4,420.0,0,0,0.0,26.0,0,0,0.0
2024-09-21 08:00:00,26.5,73.8,25.6,36.0,420.0,0,0,0.0,26.0,1,0,0.318
2024-09-21 09:00:00,25.4,72.4,25.8,35.6,420.0,0,0,0.0,26.0,1,0,0.337
2024-09-21 10:00:00,26.8,70.0,25.9,35.1,420.0,0,0,0.0,26.0,1,0,0.287
2024-09-21 11:00:00,27.5,71.3,25.9,34.7,420.0,0,0,0.0,26.0,1,0,0.297
2024-09-21 12:00:00,31.7,65.9,26.0,34.2,420.0,0,0,0.0,26.0,1,0,0.275
2024-09-21 13:00:00,28.3,63.5,26.0,33.5,420.0,0,0,0.0,26.0,1,0,0.284
2024-09-21 14:00:00,30.6,65.8,26.0,33.0,420.0,0,0,0.0,26.0,1,0,0.278
2024-09-21 15:00:00,29.5,61.7,26.0,32.4,420.0,0,0,0.0,26.0,1,0,0.269
2024-09-21 16:00:00,31.6,67.1,26.0,31.9,420.0,0,0,0.0,26.0,1,0,0.771
2024-09-21 17:00:00,29.4,61.1,26.0,31.3,420.0,0,0,0.0,26.0,1,0,0.372
2024-09-21 18:00:00,34.5,68.7,26.0,30.9,420.0,0,0,0.0,26.0,1,0,1.126
2024-09-21 19:00:00,28.1,70.6,26.0,30.6,420.0,0,0,0.0,26.0,1,0,0.327
2024-09-21 20:00:00,27.1,72.5,26.0,30.4,420.0,0,0,0.0,26.0,1,0,0.193
2024-09-21 21:00:00,26.2,72.3,26.0,30.1,420.0,0,0,0.0,26.0,1,0,0.077
2024-09-21 22:00:00,24.5,69.7,26.0,29.8,420.0,0,0,0.0,26.0,1,0,-0.106
2024-09-21 23:00:00,26.4,73.2,26.0,29.6,420.0,0,0,0.0,26.0,1,0,0.094
2024-09-22 00:00:00,20.4,77.0,26.0,29.5,420.0,0,0,0.0,26.0,1,0,-0.565
2024-09-22 01:00:00,20.2,78.8,26.0,29.5,420.0,0,0,0.0,26.0,1,0,-0.587
2024-09-22 02:00:00,22.2,82.7,26.0,29.6,420.0,0,0,0.0,26.0,1,0,-0.363
2024-09-22 03:00:00,22.2,79.1,26.0,29.6,420.0,0,0,0.0,26.0,1,0,-0.363
2024-09-22 04:00:00,21.2,81.0,26.0,29.6,420.0,0,0,0.0,26.0,1,0,-0.475
2024-09-22 05:00:00,19.0,80.6,25.3,34.7,420.0,0,0,0.0,26.0,0,0,0.0
2024-09-22 06:00:00,20.3,83.8,25.6,34.7,420.0,0,0,0.0,26.0,1,0,0.287
2024-09-22 07:00:00,22.9,75.4,25.7,34.4,420.0,0,0,0.0,26.0,1,0,0.315
2024-09-22 08:00:00,23.6,72.2,25.8,34.1,420.0,0,0,0.0,26.0,1,0,0.3
2024-09-22 09:00:00,29.4,74.8,25.9,33.8,420.0,0,0,0.0,26.0,1,0,0.275
2024-09-22 10:00:00,25.0,74.4,25.9,33.5,420.0,0,0,0.0,26.0,1,0,0.328
2024-09-22 11:00:00,30.3,67.2,26.0,33.0,420.0,0,0,0.0,26.0,1,0,0.34
2024-09-22 12:00:00,30.0,66.3,26.0,32.5,420.0,0,0,0.0,26.0,1,0,0.295
2024-09-22 13:00:00,33.3,62.7,26.0,31.9,420.0,0,0,0.0,26.0,1,0,0.303
2024-09-22 14:00:00,31.0,63.0,26.0,31.3,420.0,0,0,0.0,26.0,1,0,0.556
2024-09-22 15:00:00,28.9,70.6,26.0,31.0,420.0,0,0,0.0,26.0,1,0,0.382
2024-09-22 16:00:00,29.1,64.9,26.0,30.5,420.0,0,0,0.0,26.0,1,0,0.432
2024-09-22 17:00:00,27.7,63.9,26.0,30.0,420.0,0,0,0.0,26.0,1,0,0.263
2024-09-22 18:00:00,30.2,63.9,26.0,29.6,420.0,0,0,0.0,26.0,1,0,0.511
2024-09-22 19:00:00,29.4,67.2,26.0,29.2,420.0,0,0,0.0,26.0,1,0,0.434
2024-09-22 20:00:00,29.0,74.0,26.0,29.0,420.0,0,0,0.0,26.0,1,0,0.384
2024-09-22 21:00:00,25.1,72.2,26.0,28.8,420.0,0,0,0.0,26.0,1,0,-0.038
2024-09-22 22:00:00,25.0,75.9,26.0,28.7,420.0,0,0,0.0,26.0,1,0,-0.05
2024-09-22 23:00:00,23.5,76.6,26.0,28.7,420.0,0,0,0.0,26.0,1,0,-0.218
2024-09-23 00:00:00,22.1,78.0,26.0,28.7,420.0,0,0,0.0,26.0,1,0,-0.374
2024-09-23 01:00:00,23.6,80.9,26.0,28.7,420.0,0,0,0.0,26.0,1,0,-0.206
2024-09-23 02:00:00,22.2,81.9,26.0,28.8,420.0,0,0,0.0,26.0,1,0,-0.363
2024-09-23 03:00:00,20.8,81.0,26.0,28.9,420.0,0,0,0.0,26.0,1,0,-0.52
2024-09-23 04:00:00,19.5,83.5,25.3,34.3,420.0,0,0,0.0,26.0,0,0,0.0
2024-09-23 05:00:00,17.5,78.7,24.5,38.8,420.0,0,0,0.0,26.0,0,0,0.0
2024-09-23 06:00:00,24.2,73.6,25.1,38.3,420.0,0,0,0.0,26.0,1,0,0.293
2024-09-23 07:00:00,24.1,74.0,25.5,37.9,420.0,0,0,0.0,26.0,1,0,0.31
2024-09-23 08:00:00,24.2,76.9,25.7,37.6,3642.0,29,1,0.483,26.0,1,0,0.253
2024-09-23 09:00:00,26.3,65.9,25.8,36.9,2998.0,29,1,0.483,26.0,1,0,0.298
2024-09-23 10:00:00,25.8,72.9,25.9,36.5,5000.0,54,1,0.9,26.0,1,0,0.308
2024-09-23 11:00:00,29.2,73.2,26.0,36.1,5000.0,54,1,0.9,26.0,1,0,0.286
2024-09-23 12:00:00,32.1,65.3,26.0,35.5,420.0,0,0,0.0,26.0,1,0,0.288
2024-09-23 13:00:00,34.1,65.1,26.0,34.9,420.0,0,0,0.0,26.0,1,0,0.289
2024-09-23 14:00:00,29.4,62.4,26.0,34.2,5000.0,46,1,0.767,26.0,1,0,2.118
2024-09-23 15:00:00,27.6,68.8,26.0,33.7,4615.0,46,1,0.767,26.0,1,0,2.0
2024-09-23 16:00:00,33.2,61.2,26.0,33.0,5000.0,56,1,0.933,26.0,1,0,2.967
2024-09-23 17:00:00,30.0,65.4,26.0,32.5,5000.0,56,1,0.933,26.0,1,0,2.143
2024-09-23 18:00:00,28.1,61.1,26.0,31.9,420.0,0,0,0.0,26.0,1,0,0.313
2024-09-23 19:00:00,28.2,67.0,26.0,31.4,420.0,0,0,0.0,26.0,1,0,0.302
2024-09-23 20:00:00,26.7,70.6,26.0,31.1,420.0,0,0,0.0,26.0,1,0,0.163
2024-09-23 21:00:00,28.1,71.1,26.0,30.8,420.0,0,0,0.0,26.0,1,0,0.269
2024-09-23 22:00:00,25.0,76.3,26.0,30.7,420.0,0,0,0.0,26.0,1,0,-0.05
2024-09-23 23:00:00,24.3,74.2,26.0,30.5,420.0,0,0,0.0,26.0,1,0,-0.128
2024-09-24 00:00:00,22.6,79.3,26.0,30.4,420.0,0,0,0.0,26.0,1,0,-0.318
2024-09-24 01:00:00,20.0,82.7,25.4,35.7,420.0,0,0,0.0,26.0,0,0,0.0
2024-09-24 02:00:00,23.3,77.6,25.6,35.4,420.0,0,0,0.0,26.0,1,0,0.279
2024-09-24 03:00:00,21.3,81.9,25.8,35.3,420.0,0,0,0.0,26.0,1,0,0.295
2024-09-24 04:00:00,20.4,81.2,25.9,35.2,420.0,0,0,0.0,26.0,1,0,0.31
2024-09-24 05:00:00,21.9,74.5,25.9,34.9,420.0,0,0,0.0,26.0,1,0,0.253
2024-09-24 06:00:00,23.2,74.4,25.9,34.6,420.0,0,0,0.0,26.0,1,0,0.28
2024-09-24 07:00:00,24.9,74.0,26.0,34.2,420.0,0,0,0.0,26.0,1,0,0.314
2024-09-24 08:00:00,24.5,78.2,26.0,34.1,3087.0,24,1,0.4,26.0,1,0,0.277
2024-09-24 09:00:00,26.7,68.8,26.0,33.6,2553.0,24,1,0.4,26.0,1,0,0.333
2024-09-24 10:00:00,25.8,68.1,26.0,33.1,2660.0,24,1,0.4,26.0,1,0,1.071
2024-09-24 11:00:00,29.1,69.1,26.0,32.7,2639.0,24,1,0.4,26.0,1,0,1.376
2024-09-24 12:00:00,28.3,62.8,26.0,32.1,420.0,0,0,0.0,26.0,1,0,0.347
2024-09-24 13:00:00,30.8,64.5,26.0,31.6,420.0,0,0,0.0,26.0,1,0,0.69
2024-09-24 14:00:00,34.1,64.4,26.0,31.1,5000.0,59,1,0.983,26.0,1,0,3.24
2024-09-24 15:00:00,33.7,60.5,26.0,30.5,5000.0,59,1,0.983,26.0,1,0,3.401
2024-09-24 16:00:00,28.5,60.9,26.0,29.9,4171.0,42,1,0.7,26.0,1,0,2.238
2024-09-24 17:00:00,32.1,70.3,26.0,29.6,4337.0,42,1,0.7,26.0,1,0,2.199
2024-09-24 18:00:00,28.4,65.0,26.0,29.1,420.0,0,0,0.0,26.0,1,0,0.356
2024-09-24 19:00:00,26.7,62.6,26.0,28.7,420.0,0,0,0.0,26.0,1,0,0.124
2024-09-24 20:00:00,28.4,70.6,26.0,28.4,420.0,0,0,0.0,26.0,1,0,0.343
2024-09-24 21:00:00,26.0,67.8,26.0,28.1,420.0,0,0,0.0,26.0,1,0,0.062
2024-09-24 22:00:00,27.2,72.6,26.0,27.9,420.0,0,0,0.0,26.0,1,0,0.217
2024-09-24 23:00:00,24.3,71.6,26.0,27.7,420.0,0,0,0.0,26.0,1,0,-0.128
2024-09-25 00:00:00,22.2,78.5,26.0,27.8,420.0,0,0,0.0,26.0,1,0,-0.363
2024-09-25 01:00:00,22.2,79.4,26.0,27.8,420.0,0,0,0.0,26.0,1,0,-0.363
2024-09-25 02:00:00,21.9,76.3,26.0,27.8,420.0,0,0,0.0,26.0,1,0,-0.397
2024-09-25 03:00:00,21.3,80.3,26.0,27.8,420.0,0,0,0.0,26.0,1,0,-0.464
2024-09-25 04:00:00,21.5,79.9,26.0,27.9,420.0,0,0,0.0,26.0,1,0,-0.442
2024-09-25 05:00:00,19.8,75.0,25.4,32.6,420.0,0,0,0.0,26.0,0,0,0.0
2024-09-25 06:00:00,19.1,80.1,24.7,37.4,420.0,0,0,0.0,26.0,0,0,0.0
2024-09-25 07:00:00,24.7,78.5,25.2,37.1,420.0,0,0,0.0,26.0,1,0,0.328
2024-09-25 08:00:00,25.2,67.7,25.6,36.5,3198.0,25,1,0.417,26.0,1,0,0.314
2024-09-25 09:00:00,24.5,72.5,25.7,36.1,2642.0,25,1,0.417,26.0,1,0,0.307
2024-09-25 10:00:00,27.5,69.3,25.9,35.6,2420.0,22,1,0.367,26.0,1,0,0.312
2024-09-25 11:00:00,29.1,68.0,25.9,35.1,2464.0,22,1,0.367,26.0,1,0,0.301
2024-09-25 12:00:00,29.7,64.4,26.0,34.4,420.0,0,0,0.0,26.0,1,0,0.299
2024-09-25 13:00:00,31.8,63.8,26.0,33.8,420.0,0,0,0.0,26.0,1,0,0.335
2024-09-25 14:00:00,28.8,62.0,26.0,33.2,3642.0,29,1,0.483,26.0,1,0,0.338
2024-09-25 15:00:00,30.5,67.0,26.0,32.7,2998.0,29,1,0.483,26.0,1,0,1.772
2024-09-25 16:00:00,30.8,63.7,26.0,32.1,5000.0,59,1,0.983,26.0,1,0,2.814
2024-09-25 17:00:00,28.5,67.4,26.0,31.7,5000.0,59,1,0.983,26.0,1,0,2.518
2024-09-25 18:00:00,28.6,66.0,26.0,31.2,420.0,0,0,0.0,26.0,1,0,0.308
2024-09-25 19:00:00,30.7,69.5,26.0,30.8,420.0,0,0,0.0,26.0,1,0,0.573
2024-09-25 20:00:00,24.9,64.6,26.0,30.4,420.0,0,0,0.0,26.0,1,0,-0.061
2024-09-25 21:00:00,25.9,68.4,26.0,30.0,420.0,0,0,0.0,26.0,1,0,0.058
2024-09-25 22:00:00,25.7,74.2,26.0,29.8,420.0,0,0,0.0,26.0,1,0,0.027
2024-09-25 23:00:00,23.7,73.9,26.0,29.7,420.0,0,0,0.0,26.0,1,0,-0.195
2024-09-26 00:00:00,25.1,86.2,26.0,29.8,420.0,0,0,0.0,26.0,1,0,-0.038
2024-09-26 01:00:00,21.3,80.0,26.0,29.9,420.0,0,0,0.0,26.0,1,0,-0.464
2024-09-26 02:00:00,21.3,78.9,26.0,29.8,420.0,0,0,0.0,26.0,1,0,-0.464
2024-09-26 03:00:00,19.8,76.7,25.4,34.5,420.0,0,0,0.0,26.0,0,0,0.0
2024-09-26 04:00:00,19.5,80.9,24.8,39.2,420.0,0,0,0.0,26.0,0,0,0.0
2024-09-26 05:00:00,20.9,71.2,25.3,38.6,420.0,0,0,0.0,26.0,1,0,0.351
2024-09-26 06:00:00,23.1,77.5,25.6,38.3,420.0,0,0,0.0,26.0,1,0,0.328
2024-09-26 07:00:00,25.5,77.1,25.7,37.9,420.0,0,0,0.0,26.0,1,0,0.31
2024-09-26 08:00:00,22.5,67.4,25.9,37.3,5000.0,56,1,0.933,26.0,1,0,0.313
2024-09-26 09:00:00,24.9,70.1,25.9,36.8,5000.0,56,1,0.933,26.0,1,0,0.278
2024-09-26 10:00:00,28.7,69.9,26.0,36.3,5000.0,55,1,0.917,26.0,1,0,0.294
2024-09-26 11:00:00,30.2,64.0,26.0,35.6,5000.0,55,1,0.917,26.0,1,0,0.335
2024-09-26 12:00:00,31.0,68.5,26.0,35.1,420.0,0,0,0.0,26.0,1,0,0.601
2024-09-26 13:00:00,27.3,69.0,26.0,34.6,420.0,0,0,0.0,26.0,1,0,0.236
2024-09-26 14:00:00,31.0,65.4,26.0,34.1,5000.0,45,1,0.75,26.0,1,0,2.091
2024-09-26 15:00:00,29.7,67.8,26.0,33.6,4504.0,45,1,0.75,26.0,1,0,1.992
2024-09-26 16:00:00,29.1,66.8,26.0,33.1,5000.0,56,1,0.933,26.0,1,0,2.855
2024-09-26 17:00:00,31.6,62.1,26.0,32.4,5000.0,56,1,0.933,26.0,1,0,2.753
2024-09-26 18:00:00,32.5,67.0,26.0,32.0,420.0,0,0,0.0,26.0,1,0,0.757
2024-09-26 19:00:00,29.5,63.4,26.0,31.4,420.0,0,0,0.0,26.0,1,0,0.504
2024-09-26 20:00:00,30.5,66.3,26.0,31.0,420.0,0,0,0.0,26.0,1,0,0.623
2024-09-26 21:00:00,27.5,69.0,26.0,30.6,420.0,0,0,0.0,26.0,1,0,0.248
2024-09-26 22:00:00,23.8,76.4,26.0,30.5,420.0,0,0,0.0,26.0,1,0,-0.184
2024-09-26 23:00:00,25.0,72.2,26.0,30.2,420.0,0,0,0.0,26.0,1,0,-0.05
2024-09-27 00:00:00,24.1,80.8,26.0,30.2,420.0,0,0,0.0,26.0,1,0,-0.15
2024-09-27 01:00:00,20.3,83.7,26.0,30.4,420.0,0,0,0.0,26.0,1,0,-0.576
2024-09-27 02:00:00,19.0,77.9,25.3,35.1,420.0,0,0,0.0,26.0,0,0,0.0
2024-09-27 03:00:00,21.7,77.4,25.6,34.9,420.0,0,0,0.0,26.0,1,0,0.286
2024-09-27 04:00:00,21.6,80.5,25.7,34.7,420.0,0,0,0.0,26.0,1,0,0.293
2024-09-27 05:00:00,21.4,81.4,25.8,34.6,420.0,0,0,0.0,26.0,1,0,0.307
2024-09-27 06:00:00,22.1,78.4,25.9,34.5,420.0,0,0,0.0,26.0,1,0,0.317
2024-09-27 07:00:00,25.2,78.4,25.9,34.3,420.0,0,0,0.0,26.0,1,0,0.288
2024-09-27 08:00:00,25.9,70.6,26.0,33.9,5000.0,43,1,0.717,26.0,1,0,0.304
2024-09-27 09:00:00,26.8,69.4,26.0,33.4,4282.0,43,1,0.717,26.0,1,0,0.306
2024-09-27 10:00:00,25.4,69.7,26.0,33.0,2981.0,30,1,0.5,26.0,1,0,1.383
2024-09-27 11:00:00,27.1,70.4,26.0,32.6,3241.0,30,1,0.5,26.0,1,0,1.533
2024-09-27 12:00:00,30.8,60.6,26.0,32.0,420.0,0,0,0.0,26.0,1,0,0.538
2024-09-27 13:00:00,29.1,60.7,26.0,31.3,420.0,0,0,0.0,26.0,1,0,0.413
2024-09-27 14:00:00,30.1,65.6,26.0,30.9,3198.0,25,1,0.417,26.0,1,0,1.504
2024-09-27 15:00:00,30.6,62.2,26.0,30.3,2642.0,25,1,0.417,26.0,1,0,1.756
2024-09-27 16:00:00,32.8,57.4,26.0,29.6,5000.0,57,1,0.95,26.0,1,0,3.14
2024-09-27 17:00:00,32.2,63.4,26.0,29.1,5000.0,57,1,0.95,26.0,1,0,2.877
2024-09-27 18:00:00,29.4,64.8,26.0,28.7,420.0,0,0,0.0,26.0,1,0,0.434
2024-09-27 19:00:00,30.8,64.3,26.0,28.3,420.0,0,0,0.0,26.0,1,0,0.604
2024-09-27 20:00:00,27.3,71.5,26.0,28.1,420.0,0,0,0.0,26.0,1,0,0.212
2024-09-27 21:00:00,23.6,69.2,26.0,27.8,420.0,0,0,0.0,26.0,1,0,-0.206
2024-09-27 22:00:00,24.5,71.4,26.0,27.6,420.0,0,0,0.0,26.0,1,0,-0.106
2024-09-27 23:00:00,22.3,75.0,26.0,27.5,420.0,0,0,0.0,26.0,1,0,-0.352
2024-09-28 00:00:00,23.4,76.6,26.0,27.5,420.0,0,0,0.0,26.0,1,0,-0.229
2024-09-28 01:00:00,23.3,75.9,26.0,27.5,420.0,0,0,0.0,26.0,1,0,-0.24
2024-09-28 02:00:00,19.3,85.5,25.3,33.3,420.0,0,0,0.0,26.0,0,0,0.0
2024-09-28 03:00:00,20.0,76.1,24.8,37.5,420.0,0,0,0.0,26.0,0,0,0.0
2024-09-28 04:00:00,18.6,83.0,24.2,42.1,420.0,0,0,0.0,26.0,0,0,0.0
2024-09-28 05:00:00,21.2,78.2,24.9,41.7,420.0,0,0,0.0,26.0,1,0,0.285
2024-09-28 06:00:00,22.2,80.7,25.3,41.3,420.0,0,0,0.0,26.0,1,0,0.271
2024-09-28 07:00:00,23.2,83.0,25.6,41.1,420.0,0,0,0.0,26.0,1,0,0.251
2024-09-28 08:00:00,24.9,77.3,25.8,40.7,420.0,0,0,0.0,26.0,1,0,0.33
2024-09-28 09:00:00,27.2,71.9,25.9,40.1,420.0,0,0,0.0,26.0,1,0,0.312
2024-09-28 10:00:00,26.4,70.9,25.9,39.5,420.0,0,0,0.0,26.0,1,0,0.309
2024-09-28 11:00:00,29.3,66.3,26.0,38.8,420.0,0,0,0.0,26.0,1,0,0.33
2024-09-28 12:00:00,29.8,70.1,26.0,38.3,420.0,0,0,0.0,26.0,1,0,0.27
2024-09-28 13:00:00,33.4,67.6,26.0,37.7,420.0,0,0,0.0,26.0,1,0,0.258
2024-09-28 14:00:00,33.6,62.4,26.0,36.9,420.0,0,0,0.0,26.0,1,0,0.309
2024-09-28 15:00:00,32.1,68.0,26.0,36.3,420.0,0,0,0.0,26.0,1,0,0.771
2024-09-28 16:00:00,29.5,62.8,26.0,35.6,420.0,0,0,0.0,26.0,1,0,0.396
2024-09-28 17:00:00,32.9,62.1,26.0,34.9,420.0,0,0,0.0,26.0,1,0,0.862
2024-09-28 18:00:00,27.5,70.9,26.0,34.5,420.0,0,0,0.0,26.0,1,0,0.223
2024-09-28 19:00:00,30.3,69.3,26.0,34.0,420.0,0,0,0.0,26.0,1,0,0.509
2024-09-28 20:00:00,27.2,68.6,26.0,33.6,420.0,0,0,0.0,26.0,1,0,0.192
2024-09-28 21:00:00,26.4,76.7,26.0,33.4,420.0,0,0,0.0,26.0,1,0,0.086
2024-09-28 22:00:00,25.1,80.6,26.0,33.3,420.0,0,0,0.0,26.0,1,0,-0.038
2024-09-28 23:00:00,22.2,75.9,26.0,33.1,420.0,0,0,0.0,26.0,1,0,-0.363
2024-09-29 00:00:00,21.9,74.4,26.0,32.8,420.0,0,0,0.0,26.0,1,0,-0.397
2024-09-29 01:00:00,21.4,80.2,26.0,32.7,420.0,0,0,0.0,26.0,1,0,-0.453
2024-09-29 02:00:00,22.0,86.2,26.0,32.8,420.0,0,0,0.0,26.0,1,0,-0.386
2024-09-29 03:00:00,21.7,83.5,26.0,32.9,420.0,0,0,0.0,26.0,1,0,-0.419
2024-09-29 04:00:00,21.3,84.8,26.0,32.9,420.0,0,0,0.0,26.0,1,0,-0.464
2024-09-29 05:00:00,25.3,80.5,26.0,32.8,420.0,0,0,0.0,26.0,1,0,-0.016
2024-09-29 06:00:00,21.0,76.0,26.0,32.6,420.0,0,0,0.0,26.0,1,0,-0.498
2024-09-29 07:00:00,23.9,77.4,26.0,32.5,420.0,0,0,0.0,26.0,1,0,-0.17
2024-09-29 08:00:00,25.8,75.5,26.0,32.3,420.0,0,0,0.0,26.0,1,0,0.044
2024-09-29 09:00:00,26.0,70.1,26.0,31.9,420.0,0,0,0.0,26.0,1,0,0.066
2024-09-29 10:00:00,27.9,75.5,26.0,31.7,420.0,0,0,0.0,26.0,1,0,0.298
2024-09-29 11:00:00,30.0,69.6,26.0,31.4,420.0,0,0,0.0,26.0,1,0,0.515
2024-09-29 12:00:00,31.1,65.2,26.0,30.9,420.0,0,0,0.0,26.0,1,0,0.678
2024-09-29 13:00:00,29.6,62.8,26.0,30.3,420.0,0,0,0.0,26.0,1,0,0.379
2024-09-29 14:00:00,30.6,63.0,26.0,29.8,420.0,0,0,0.0,26.0,1,0,0.548
2024-09-29 15:00:00,32.8,62.6,26.0,29.3,420.0,0,0,0.0,26.0,1,0,0.869
2024-09-29 16:00:00,29.6,70.1,26.0,29.0,420.0,0,0,0.0,26.0,1,0,0.46
2024-09-29 17:00:00,29.7,65.5,26.0,28.6,420.0,0,0,0.0,26.0,1,0,0.512
2024-09-29 18:00:00,30.2,62.9,26.0,28.1,420.0,0,0,0.0,26.0,1,0,0.456
2024-09-29 19:00:00,30.4,69.9,26.0,27.9,420.0,0,0,0.0,26.0,1,0,0.588
2024-09-29 20:00:00,29.6,67.9,26.0,27.6,420.0,0,0,0.0,26.0,1,0,0.442
2024-09-29 21:00:00,26.1,72.1,26.0,27.4,420.0,0,0,0.0,26.0,1,0,0.069
2024-09-29 22:00:00,25.1,69.7,26.0,27.2,420.0,0,0,0.0,26.0,1,0,-0.038
2024-09-29 23:00:00,23.7,71.7,26.0,27.0,420.0,0,0,0.0,26.0,1,0,-0.195
2024-09-30 00:00:00,23.0,71.3,26.0,26.9,420.0,0,0,0.0,26.0,1,0,-0.274
2024-09-30 01:00:00,18.9,81.4,25.3,32.3,420.0,0,0,0.0,26.0,0,0,0.0
2024-09-30 02:00:00,20.4,76.8,25.6,32.1,420.0,0,0,0.0,26.0,1,0,0.324
2024-09-30 03:00:00,22.9,81.0,25.7,32.1,420.0,0,0,0.0,26.0,1,0,0.328
2024-09-30 04:00:00,22.5,79.2,25.8,32.0,420.0,0,0,0.0,26.0,1,0,0.325
2024-09-30 05:00:00,25.7,77.1,25.9,31.9,420.0,0,0,0.0,26.0,1,0,0.349
2024-09-30 06:00:00,25.1,77.5,25.9,31.7,420.0,0,0,0.0,26.0,1,0,0.33
2024-09-30 07:00:00,21.0,77.4,26.0,31.6,420.0,0,0,0.0,26.0,1,0,0.281
2024-09-30 08:00:00,25.2,70.9,26.0,31.3,3087.0,24,1,0.4,26.0,1,0,0.303
2024-09-30 09:00:00,24.6,71.9,26.0,31.0,2553.0,24,1,0.4,26.0,1,0,0.291
2024-09-30 10:00:00,27.8,62.5,26.0,30.5,2438.0,22,1,0.367,26.0,1,0,1.48
2024-09-30 11:00:00,30.1,66.5,26.0,30.0,2461.0,22,1,0.367,26.0,1,0,1.668
2024-09-30 12:00:00,27.5,69.2,26.0,29.7,420.0,0,0,0.0,26.0,1,0,0.238
2024-09-30 13:00:00,30.3,68.7,26.0,29.4,420.0,0,0,0.0,26.0,1,0,0.594
2024-09-30 14:00:00,31.5,64.3,26.0,28.9,4531.0,37,1,0.617,26.0,1,0,1.945
2024-09-30 15:00:00,30.8,65.4,26.0,28.5,3709.0,37,1,0.617,26.0,1,0,2.119
2024-09-30 16:00:00,30.2,61.7,26.0,28.0,4540.0,43,1,0.717,26.0,1,0,2.03
2024-09-30 17:00:00,31.2,64.6,26.0,27.6,4374.0,43,1,0.717,26.0,1,0,1.993
2024-09-30 18:00:00,29.6,69.6,26.0,27.4,420.0,0,0,0.0,26.0,1,0,0.495
2024-09-30 19:00:00,28.3,68.0,26.0,27.1,420.0,0,0,0.0,26.0,1,0,0.343
2024-09-30 20:00:00,26.4,71.2,26.0,26.9,420.0,0,0,0.0,26.0,1,0,0.111
2024-09-30 21:00:00,26.5,74.7,26.0,26.9,420.0,0,0,0.0,26.0,1,0,0.117
2024-09-30 22:00:00,23.8,72.7,26.0,26.7,420.0,0,0,0.0,26.0,1,0,-0.184
2024-09-30 23:00:00,24.7,76.8,26.0,26.7,420.0,0,0,0.0,26.0,1,0,-0.083
2024-10-01 00:00:00,16.1,77.6,25.0,31.8,420.0,0,0,0.0,26.0,0,0,0.0
2024-10-01 01:00:00,14.1,77.3,23.9,36.4,420.0,0,0,0.0,26.0,0,0,0.0
2024-10-01 02:00:00,14.3,81.4,22.9,40.9,420.0,0,0,0.0,26.0,0,0,0.0
2024-10-01 03:00:00,13.7,79.5,22.0,44.7,420.0,0,0,0.0,26.0,0,0,0.0
2024-10-01 04:00:00,16.0,74.6,21.4,47.7,420.0,0,0,0.0,26.0,0,0,0.0
2024-10-01 05:00:00,16.9,76.8,20.9,50.6,420.0,0,0,0.0,26.0,0,0,0.0
2024-10-01 06:00:00,16.1,71.2,20.4,52.7,420.0,0,0,0.0,26.0,0,0,0.0
2024-10-01 07:00:00,19.5,66.9,20.3,54.1,420.0,0,0,0.0,26.0,0,0,0.0
2024-10-01 08:00:00,18.8,79.2,20.2,56.6,4420.0,36,1,0.6,26.0,0,0,0.0
2024-10-01 09:00:00,19.5,71.4,20.2,58.1,5000.0,36,1,0.6,26.0,0,0,0.0
2024-10-01 10:00:00,21.4,67.5,24.5,56.9,5000.0,59,1,0.983,26.0,1,0,0.27
2024-10-01 11:00:00,24.5,67.4,25.1,55.7,5000.0,59,1,0.983,26.0,1,0,0.272
2024-10-01 12:00:00,24.2,68.3,25.5,54.6,420.0,0,0,0.0,26.0,1,0,0.277
2024-10-01 13:00:00,24.4,61.8,25.7,53.3,420.0,0,0,0.0,26.0,1,0,0.294
2024-10-01 14:00:00,26.2,56.9,25.8,51.9,5000.0,44,1,0.733,26.0,1,0,0.326
2024-10-01 15:00:00,25.6,60.5,25.9,50.7,4393.0,44,1,0.733,26.0,1,0,0.325
2024-10-01 16:00:00,25.2,67.6,26.0,49.7,4625.0,45,1,0.75,26.0,1,0,0.26
2024-10-01 17:00:00,24.1,64.6,26.0,48.6,4579.0,45,1,0.75,26.0,1,0,0.283
2024-10-01 18:00:00,25.8,62.3,26.0,47.5,420.0,0,0,0.0,26.0,1,0,0.283
2024-10-01 19:00:00,22.2,61.7,26.0,46.4,420.0,0,0,0.0,26.0,1,0,0.239
2024-10-01 20:00:00,21.5,60.6,26.0,45.4,420.0,0,0,0.0,26.0,1,0,0.314
2024-10-01 21:00:00,19.5,63.6,25.3,47.2,420.0,0,0,0.0,26.0,0,0,0.0
2024-10-01 22:00:00,21.7,71.9,25.6,46.4,420.0,0,0,0.0,26.0,1,0,0.294
2024-10-01 23:00:00,19.7,73.8,25.0,49.2,420.0,0,0,0.0,26.0,0,0,0.0
2024-10-02 00:00:00,17.7,78.0,24.3,52.1,420.0,0,0,0.0,26.0,0,0,0.0
2024-10-02 01:00:00,15.8,75.2,23.4,54.4,420.0,0,0,0.0,26.0,0,0,0.0
2024-10-02 02:00:00,17.3,71.8,22.8,56.1,420.0,0,0,0.0,26.0,0,0,0.0
2024-10-02 03:00:00,20.6,76.1,24.5,55.2,420.0,0,0,0.0,26.0,1,0,0.297
2024-10-02 04:00:00,16.4,79.5,23.7,57.6,420.0,0,0,0.0,26.0,0,0,0.0
2024-10-02 05:00:00,18.0,75.0,23.1,59.4,420.0,0,0,0.0,26.0,0,0,0.0
2024-10-02 06:00:00,17.7,69.1,22.6,60.3,420.0,0,0,0.0,26.0,0,0,0.0
2024-10-02 07:00:00,17.7,73.6,22.1,61.7,420.0,0,0,0.0,26.0,0,0,0.0
2024-10-02 08:00:00,20.4,73.7,24.5,60.5,3864.0,31,1,0.517,26.0,1,0,0.332
2024-10-02 09:00:00,20.8,63.8,25.1,59.1,3176.0,31,1,0.517,26.0,1,0,0.302
2024-10-02 10:00:00,23.9,70.2,25.5,58.0,2536.0,24,1,0.4,26.0,1,0,0.29
2024-10-02 11:00:00,24.8,63.5,25.7,56.6,2664.0,24,1,0.4,26.0,1,0,0.314
2024-10-02 12:00:00,26.1,72.6,25.8,55.6,420.0,0,0,0.0,26.0,1,0,0.325
2024-10-02 13:00:00,25.5,57.1,25.9,54.2,420.0,0,0,0.0,26.0,1,0,0.307
2024-10-02 14:00:00,25.0,62.1,26.0,52.9,5000.0,46,1,0.767,26.0,1,0,0.317
2024-10-02 15:00:00,23.6,60.5,26.0,51.6,4615.0,46,1,0.767,26.0,1,0,0.297
2024-10-02 16:00:00,26.4,64.9,26.0,50.5,4248.0,42,1,0.7,26.0,1,0,0.298
2024-10-02 17:00:00,27.3,63.7,26.0,49.4,4321.0,42,1,0.7,26.0,1,0,1.851
2024-10-02 18:00:00,21.3,65.1,26.0,48.4,420.0,0,0,0.0,26.0,1,0,-0.465
2024-10-02 19:00:00,24.6,64.8,26.0,47.4,420.0,0,0,0.0,26.0,1,0,-0.095
2024-10-02 20:00:00,19.7,63.6,25.4,49.0,420.0,0,0,0.0,26.0,0,0,0.0
2024-10-02 21:00:00,19.2,62.0,24.7,50.3,420.0,0,0,0.0,26.0,0,0,0.0
2024-10-02 22:00:00,19.7,67.7,24.2,52.0,420.0,0,0,0.0,26.0,0,0,0.0
2024-10-02 23:00:00,22.4,71.5,24.9,51.1,420.0,0,0,0.0,26.0,1,0,0.282
2024-10-03 00:00:00,19.4,68.9,24.4,52.9,420.0,0,0,0.0,26.0,0,0,0.0
2024-10-03 01:00:00,15.9,75.2,23.5,55.1,420.0,0,0,0.0,26.0,0,0,0.0
2024-10-03 02:00:00,14.8,74.5,22.6,57.1,420.0,0,0,0.0,26.0,0,0,0.0
2024-10-03 03:00:00,15.7,75.3,21.9,58.9,420.0,0,0,0.0,26.0,0,0,0.0
2024-10-03 04:00:00,19.0,76.9,21.6,60.7,420.0,0,0,0.0,26.0,0,0,0.0
2024-10-03 05:00:00,17.4,76.5,21.2,62.3,420.0,0,0,0.0,26.0,0,0,0.0
2024-10-03 06:00:00,18.4,73.4,20.9,63.4,420.0,0,0,0.0,26.0,0,0,0.0
2024-10-03 07:00:00,18.0,72.5,20.6,64.3,420.0,0,0,0.0,26.0,0,0,0.0
2024-10-03 08:00:00,21.4,73.4,24.5,63.1,3753.0,30,1,0.5,26.0,1,0,0.286
2024-10-03 09:00:00,20.6,70.3,25.1,61.8,3087.0,30,1,0.5,26.0,1,0,0.333
2024-10-03 10:00:00,22.0,66.0,25.5,60.4,5000.0,55,1,0.917,26.0,1,0,0.348
2024-10-03 11:00:00,22.8,63.5,25.7,59.0,5000.0,55,1,0.917,26.0,1,0,0.338
2024-10-03 12:00:00,26.5,62.6,25.8,57.6,420.0,0,0,0.0,26.0,1,0,0.268
2024-10-03 13:00:00,25.5,56.7,25.9,56.1,420.0,0,0,0.0,26.0,1,0,0.266
2024-10-03 14:00:00,25.4,59.5,26.0,54.7,4420.0,36,1,0.6,26.0,1,0,0.271
2024-10-03 15:00:00,24.8,60.1,26.0,53.4,3620.0,36,1,0.6,26.0,1,0,0.303
2024-10-03 16:00:00,25.2,60.5,26.0,52.1,5000.0,60,1,1.0,26.0,1,0,0.233
2024-10-03 17:00:00,25.5,58.2,26.0,50.7,5000.0,60,1,1.0,26.0,1,0,2.092
2024-10-03 18:00:00,23.9,62.6,26.0,49.6,420.0,0,0,0.0,26.0,1,0,-0.174
2024-10-03 19:00:00,25.3,64.8,26.0,48.6,420.0,0,0,0.0,26.0,1,0,-0.017
2024-10-03 20:00:00,21.3,67.1,26.0,47.6,420.0,0,0,0.0,26.0,1,0,-0.464
2024-10-03 21:00:00,23.6,70.8,26.0,46.8,420.0,0,0,0.0,26.0,1,0,-0.207
2024-10-03 22:00:00,20.5,72.2,26.0,46.1,420.0,0,0,0.0,26.0,1,0,-0.554
2024-10-03 23:00:00,20.7,75.2,26.0,45.4,420.0,0,0,0.0,26.0,1,0,-0.531
2024-10-04 00:00:00,18.3,76.9,25.2,48.6,420.0,0,0,0.0,26.0,0,0,0.0
2024-10-04 01:00:00,15.0,70.4,24.2,50.8,420.0,0,0,0.0,26.0,0,0,0.0
2024-10-04 02:00:00,16.4,75.9,23.4,53.3,420.0,0,0,0.0,26.0,0,0,0.0
2024-10-04 03:00:00,15.2,78.5,22.6,55.8,420.0,0,0,0.0,26.0,0,0,0.0
2024-10-04 04:00:00,13.4,74.1,21.6,57.6,420.0,0,0,0.0,26.0,0,0,0.0
2024-10-04 05:00:00,15.9,70.0,21.0,58.9,420.0,0,0,0.0,26.0,0,0,0.0
2024-10-04 06:00:00,19.7,69.6,20.9,59.9,420.0,0,0,0.0,26.0,0,0,0.0
2024-10-04 07:00:00,17.6,74.7,20.6,61.4,420.0,0,0,0.0,26.0,0,0,0.0
2024-10-04 08:00:00,20.7,66.7,24.5,60.1,5000.0,49,1,0.817,26.0,1,0,0.334
2024-10-04 09:00:00,22.0,68.9,25.1,58.8,4948.0,49,1,0.817,26.0,1,0,0.324
2024-10-04 10:00:00,25.8,67.1,25.5,57.6,3514.0,36,1,0.6,26.0,1,0,0.288
2024-10-04 11:00:00,23.3,61.4,25.7,56.2,3801.0,36,1,0.6,26.0,1,0,0.29
2024-10-04 12:00:00,23.4,59.9,25.8,54.8,420.0,0,0,0.0,26.0,1,0,0.314
2024-10-04 13:00:00,27.4,61.1,25.9,53.5,420.0,0,0,0.0,26.0,1,0,0.322
2024-10-04 14:00:00,26.7,64.8,25.9,52.3,2864.0,22,1,0.367,26.0,1,0,0.287
2024-10-04 15:00:00,22.5,63.8,26.0,51.2,2376.0,22,1,0.367,26.0,1,0,0.294
2024-10-04 16:00:00,25.9,61.6,26.0,50.0,3473.0,31,1,0.517,26.0,1,0,0.286
2024-10-04 17:00:00,24.1,58.8,26.0,48.8,3254.0,31,1,0.517,26.0,1,0,1.013
2024-10-04 18:00:00,25.3,69.5,26.0,47.9,420.0,0,0,0.0,26.0,1,0,-0.016
2024-10-04 19:00:00,25.0,67.8,26.0,47.0,420.0,0,0,0.0,26.0,1,0,-0.05
2024-10-04 20:00:00,22.0,64.1,26.0,46.0,420.0,0,0,0.0,26.0,1,0,-0.386
2024-10-04 21:00:00,19.8,66.5,25.4,48.0,420.0,0,0,0.0,26.0,0,0,0.0
2024-10-04 22:00:00,16.6,67.9,24.5,50.0,420.0,0,0,0.0,26.0,0,0,0.0
2024-10-04 23:00:00,17.7,71.5,23.8,52.2,420.0,0,0,0.0,26.0,0,0,0.0
2024-10-05 00:00:00,17.7,74.7,23.2,54.4,420.0,0,0,0.0,26.0,0,0,0.0
2024-10-05 01:00:00,16.6,73.2,22.5,56.3,420.0,0,0,0.0,26.0,0,0,0.0
2024-10-05 02:00:00,13.2,74.0,21.6,58.1,420.0,0,0,0.0,26.0,0,0,0.0
2024-10-05 03:00:00,14.5,77.4,20.8,60.0,420.0,0,0,0.0,26.0,0,0,0.0
2024-10-05 04:00:00,17.5,78.5,20.5,61.9,420.0,0,0,0.0,26.0,0,0,0.0
2024-10-05 05:00:00,17.8,74.5,20.2,63.1,420.0,0,0,0.0,26.0,0,0,0.0
2024-10-05 06:00:00,16.7,71.4,19.9,64.0,420.0,0,0,0.0,26.0,0,0,0.0
2024-10-05 07:00:00,16.2,75.0,19.5,65.1,420.0,0,0,0.0,26.0,0,0,0.0
2024-10-05 08:00:00,19.4,66.3,19.5,65.2,420.0,0,0,0.0,26.0,0,0,0.0
2024-10-05 09:00:00,19.8,65.4,19.5,65.2,420.0,0,0,0.0,26.0,0,0,0.0
2024-10-05 10:00:00,22.4,69.1,24.5,63.8,420.0,0,0,0.0,26.0,1,0,0.295
2024-10-05 11:00:00,23.0,57.2,25.1,62.1,420.0,0,0,0.0,26.0,1,0,0.293
2024-10-05 12:00:00,24.3,61.9,25.5,60.6,420.0,0,0,0.0,26.0,1,0,0.27
2024-10-05 13:00:00,25.0,59.2,25.7,59.1,420.0,0,0,0.0,26.0,1,0,0.316
2024-10-05 14:00:00,26.2,60.5,25.8,57.6,420.0,0,0,0.0,26.0,1,0,0.312
2024-10-05 15:00:00,26.0,61.2,25.9,56.2,420.0,0,0,0.0,26.0,1,0,0.317
2024-10-05 16:00:00,25.2,58.8,25.9,54.8,420.0,0,0,0.0,26.0,1,0,0.282
2024-10-05 17:00:00,27.4,62.7,26.0,53.5,420.0,0,0,0.0,26.0,1,0,0.252
2024-10-05 18:00:00,25.8,66.0,26.0,52.4,420.0,0,0,0.0,26.0,1,0,0.311
2024-10-05 19:00:00,24.3,66.8,26.0,51.3,420.0,0,0,0.0,26.0,1,0,0.284
2024-10-05 20:00:00,19.9,66.5,25.4,52.9,420.0,0,0,0.0,26.0,0,0,0.0
2024-10-05 21:00:00,20.7,73.0,25.6,52.0,420.0,0,0,0.0,26.0,1,0,0.279
2024-10-05 22:00:00,21.1,68.2,25.8,50.9,420.0,0,0,0.0,26.0,1,0,0.27
2024-10-05 23:00:00,19.1,72.5,25.1,53.1,420.0,0,0,0.0,26.0,0,0,0.0
2024-10-06 00:00:00,18.1,70.6,24.4,54.9,420.0,0,0,0.0,26.0,0,0,0.0
2024-10-06 01:00:00,17.2,74.2,23.7,56.8,420.0,0,0,0.0,26.0,0,0,0.0
2024-10-06 02:00:00,16.6,73.6,22.9,58.5,420.0,0,0,0.0,26.0,0,0,0.0
2024-10-06 03:00:00,15.1,79.5,22.1,60.6,420.0,0,0,0.0,26.0,0,0,0.0
2024-10-06 04:00:00,14.6,72.8,21.4,61.8,420.0,0,0,0.0,26.0,0,0,0.0
2024-10-06 05:00:00,16.6,72.6,20.9,62.9,420.0,0,0,0.0,26.0,0,0,0.0
2024-10-06 06:00:00,16.1,74.0,20.4,64.0,420.0,0,0,0.0,26.0,0,0,0.0
2024-10-06 07:00:00,16.2,69.0,20.0,64.5,420.0,0,0,0.0,26.0,0,0,0.0
2024-10-06 08:00:00,22.8,71.4,24.5,63.2,420.0,0,0,0.0,26.0,1,0,0.293
2024-10-06 09:00:00,19.9,69.3,24.0,63.8,420.0,0,0,0.0,26.0,0,0,0.0
2024-10-06 10:00:00,23.1,68.9,24.8,62.5,420.0,0,0,0.0,26.0,1,0,0.338
2024-10-06 11:00:00,23.3,66.9,25.3,61.1,420.0,0,0,0.0,26.0,1,0,0.288
2024-10-06 12:00:00,21.5,59.2,25.6,59.5,420.0,0,0,0.0,26.0,1,0,0.274
2024-10-06 13:00:00,25.6,62.1,25.7,58.1,420.0,0,0,0.0,26.0,1,0,0.316
2024-10-06 14:00:00,24.5,61.1,25.8,56.7,420.0,0,0,0.0,26.0,1,0,0.304
2024-10-06 15:00:00,25.1,59.2,25.9,55.3,420.0,0,0,0.0,26.0,1,0,0.249
2024-10-06 16:00:00,27.4,63.0,25.9,54.0,420.0,0,0,0.0,26.0,1,0,0.316
2024-10-06 17:00:00,23.8,57.9,26.0,52.6,420.0,0,0,0.0,26.0,1,0,0.351
2024-10-06 18:00:00,23.9,62.3,26.0,51.4,420.0,0,0,0.0,26.0,1,0,0.238
2024-10-06 19:00:00,22.5,67.1,26.0,50.4,420.0,0,0,0.0,26.0,1,0,0.27
2024-10-06 20:00:00,22.8,67.1,26.0,49.4,420.0,0,0,0.0,26.0,1,0,0.232
2024-10-06 21:00:00,19.1,71.5,25.3,51.6,420.0,0,0,0.0,26.0,0,0,0.0
2024-10-06 22:00:00,15.5,72.6,24.3,53.7,420.0,0,0,0.0,26.0,0,0,0.0
2024-10-06 23:00:00,19.9,70.7,23.8,55.4,420.0,0,0,0.0,26.0,0,0,0.0
2024-10-07 00:00:00,19.4,73.5,23.4,57.2,420.0,0,0,0.0,26.0,0,0,0.0
2024-10-07 01:00:00,16.8,75.9,22.7,59.1,420.0,0,0,0.0,26.0,0,0,0.0
2024-10-07 02:00:00,21.0,79.8,24.5,58.2,420.0,0,0,0.0,26.0,1,0,0.298
2024-10-07 03:00:00,17.1,73.3,23.7,59.7,420.0,0,0,0.0,26.0,0,0,0.0
2024-10-07 04:00:00,16.4,73.3,23.0,61.1,420.0,0,0,0.0,26.0,0,0,0.0
2024-10-07 05:00:00,17.9,75.3,22.5,62.5,420.0,0,0,0.0,26.0,0,0,0.0
2024-10-07 06:00:00,15.8,73.9,21.8,63.6,420.0,0,0,0.0,26.0,0,0,0.0
2024-10-07 07:00:00,17.2,72.5,21.3,64.5,420.0,0,0,0.0,26.0,0,0,0.0
2024-10-07 08:00:00,18.4,70.2,21.1,65.1,4976.0,41,1,0.683,26.0,0,0,0.0
2024-10-07 09:00:00,22.1,67.8,24.5,63.7,4064.0,41,1,0.683,26.0,1,0,0.324
2024-10-07 10:00:00,21.7,66.5,25.1,62.3,4580.0,44,1,0.733,26.0,1,0,0.303
2024-10-07 11:00:00,24.5,60.7,25.5,60.7,4477.0,44,1,0.733,26.0,1,0,0.333
2024-10-07 12:00:00,24.9,66.3,25.7,59.4,420.0,0,0,0.0,26.0,1,0,0.32
2024-10-07 13:00:00,26.2,61.2,25.8,57.9,420.0,0,0,0.0,26.0,1,0,0.341
2024-10-07 14:00:00,26.8,61.6,25.9,56.5,2976.0,23,1,0.383,26.0,1,0,0.328
2024-10-07 15:00:00,27.1,53.9,26.0,55.0,2464.0,23,1,0.383,26.0,1,0,0.29
2024-10-07 16:00:00,23.5,63.3,26.0,53.7,5000.0,54,1,0.9,26.0,1,0,0.302
2024-10-07 17:00:00,23.1,62.3,26.0,52.5,5000.0,54,1,0.9,26.0,1,0,0.279
2024-10-07 18:00:00,24.0,59.4,26.0,51.2,420.0,0,0,0.0,26.0,1,0,-0.163
2024-10-07 19:00:00,24.0,64.6,26.0,50.1,420.0,0,0,0.0,26.0,1,0,-0.162
2024-10-07 20:00:00,25.5,64.1,26.0,49.0,420.0,0,0,0.0,26.0,1,0,0.006
2024-10-07 21:00:00,23.2,69.1,26.0,48.1,420.0,0,0,0.0,26.0,1,0,-0.252
2024-10-07 22:00:00,18.7,72.5,25.3,50.5,420.0,0,0,0.0,26.0,0,0,0.0
2024-10-07 23:00:00,19.3,72.1,24.7,52.7,420.0,0,0,0.0,26.0,0,0,0.0
2024-10-08 00:00:00,17.9,71.9,24.0,54.6,420.0,0,0,0.0,26.0,0,0,0.0
2024-10-08 01:00:00,15.4,77.2,23.1,56.9,420.0,0,0,0.0,26.0,0,0,0.0
2024-10-08 02:00:00,15.8,75.5,22.4,58.7,420.0,0,0,0.0,26.0,0,0,0.0
2024-10-08 03:00:00,16.4,76.8,21.8,60.5,420.0,0,0,0.0,26.0,0,0,0.0
2024-10-08 04:00:00,14.0,79.6,21.0,62.5,420.0,0,0,0.0,26.0,0,0,0.0
2024-10-08 05:00:00,16.9,74.3,20.6,63.6,420.0,0,0,0.0,26.0,0,0,0.0
2024-10-08 06:00:00,18.1,74.4,20.3,64.7,420.0,0,0,0.0,26.0,0,0,0.0
2024-10-08 07:00:00,19.7,73.6,20.2,65.6,420.0,0,0,0.0,26.0,0,0,0.0
2024-10-08 08:00:00,20.8,74.1,24.5,64.4,2642.0,20,1,0.333,26.0,1,0,0.301
2024-10-08 09:00:00,22.3,67.5,25.1,63.0,2198.0,20,1,0.333,26.0,1,0,0.298
2024-10-08 10:00:00,20.6,70.9,25.5,61.7,3509.0,31,1,0.517,26.0,1,0,0.332
2024-10-08 11:00:00,23.1,62.6,25.7,60.2,3247.0,31,1,0.517,26.0,1,0,0.292
2024-10-08 12:00:00,21.9,63.4,25.8,58.8,420.0,0,0,0.0,26.0,1,0,0.278
2024-10-08 13:00:00,25.6,56.5,25.9,57.2,420.0,0,0,0.0,26.0,1,0,0.279
2024-10-08 14:00:00,26.5,58.8,25.9,55.8,2753.0,21,1,0.35,26.0,1,0,0.316
2024-10-08 15:00:00,30.0,58.3,26.0,54.4,2287.0,21,1,0.35,26.0,1,0,0.266
2024-10-08 16:00:00,25.2,57.6,26.0,53.0,5000.0,50,1,0.833,26.0,1,0,0.295
2024-10-08 17:00:00,27.2,60.0,26.0,51.7,5000.0,50,1,0.833,26.0,1,0,2.294
2024-10-08 18:00:00,23.4,64.5,26.0,50.6,420.0,0,0,0.0,26.0,1,0,-0.229
2024-10-08 19:00:00,21.4,65.9,26.0,49.5,420.0,0,0,0.0,26.0,1,0,-0.453
2024-10-08 20:00:00,25.0,67.6,26.0,48.6,420.0,0,0,0.0,26.0,1,0,-0.05
2024-10-08 21:00:00,22.0,70.6,26.0,47.7,420.0,0,0,0.0,26.0,1,0,-0.386
2024-10-08 22:00:00,22.3,73.7,26.0,47.0,420.0,0,0,0.0,26.0,1,0,-0.352
2024-10-08 23:00:00,19.2,74.7,25.3,49.8,420.0,0,0,0.0,26.0,0,0,0.0
2024-10-09 00:00:00,16.1,76.0,24.4,52.4,420.0,0,0,0.0,26.0,0,0,0.0
2024-10-09 01:00:00,15.2,73.8,23.4,54.5,420.0,0,0,0.0,26.0,0,0,0.0
2024-10-09 02:00:00,11.5,76.9,22.2,56.8,420.0,0,0,0.0,26.0,0,0,0.0
2024-10-09 03:00:00,15.0,79.3,21.5,59.0,420.0,0,0,0.0,26.0,0,0,0.0
2024-10-09 04:00:00,16.8,79.1,21.0,61.0,420.0,0,0,0.0,26.0,0,0,0.0
2024-10-09 05:00:00,15.0,78.0,20.4,62.7,420.0,0,0,0.0,26.0,0,0,0.0
2024-10-09 06:00:00,20.6,75.9,24.5,61.6,420.0,0,0,0.0,26.0,1,0,0.307
2024-10-09 07:00:00,19.7,72.5,24.0,62.7,420.0,0,0,0.0,26.0,0,0,0.0
2024-10-09 08:00:00,18.9,72.4,23.5,63.7,5000.0,56,1,0.933,26.0,0,0,0.0
2024-10-09 09:00:00,18.7,66.7,23.1,64.0,5000.0,56,1,0.933,26.0,0,0,0.0
2024-10-09 10:00:00,19.6,63.8,22.7,64.0,5000.0,47,1,0.783,26.0,0,0,0.0
2024-10-09 11:00:00,24.5,65.5,24.5,62.5,4726.0,47,1,0.783,26.0,1,0,0.298
2024-10-09 12:00:00,24.6,62.9,25.1,61.0,420.0,0,0,0.0,26.0,1,0,0.299
2024-10-09 13:00:00,22.5,60.0,25.5,59.5,420.0,0,0,0.0,26.0,1,0,0.275
2024-10-09 14:00:00,24.8,58.3,25.7,58.0,3864.0,31,1,0.517,26.0,1,0,0.279
2024-10-09 15:00:00,26.9,57.4,25.8,56.4,3176.0,31,1,0.517,26.0,1,0,0.295
2024-10-09 16:00:00,24.9,54.0,25.9,54.9,5000.0,55,1,0.917,26.0,1,0,0.307
2024-10-09 17:00:00,24.9,57.8,26.0,53.5,5000.0,55,1,0.917,26.0,1,0,0.323
2024-10-09 18:00:00,24.7,59.5,26.0,52.1,420.0,0,0,0.0,26.0,1,0,0.302
2024-10-09 19:00:00,23.7,63.6,26.0,51.0,420.0,0,0,0.0,26.0,1,0,0.332
2024-10-09 20:00:00,24.8,67.4,26.0,50.0,420.0,0,0,0.0,26.0,1,0,0.339
2024-10-09 21:00:00,18.2,64.2,25.2,51.4,420.0,0,0,0.0,26.0,0,0,0.0
2024-10-09 22:00:00,19.8,67.3,24.7,53.0,420.0,0,0,0.0,26.0,0,0,0.0
2024-10-09 23:00:00,14.0,76.0,23.6,55.3,420.0,0,0,0.0,26.0,0,0,0.0
2024-10-10 00:00:00,18.5,75.2,23.1,57.3,420.0,0,0,0.0,26.0,0,0,0.0
2024-10-10 01:00:00,15.8,76.2,22.3,59.2,420.0,0,0,0.0,26.0,0,0,0.0
2024-10-10 02:00:00,15.1,76.3,21.6,60.9,420.0,0,0,0.0,26.0,0,0,0.0
2024-10-10 03:00:00,14.6,80.5,20.9,62.8,420.0,0,0,0.0,26.0,0,0,0.0
2024-10-10 04:00:00,13.8,79.4,20.2,64.5,420.0,0,0,0.0,26.0,0,0,0.0
2024-10-10 05:00:00,16.7,73.5,19.8,65.4,420.0,0,0,0.0,26.0,0,0,0.0
2024-10-10 06:00:00,17.7,75.9,19.6,66.5,420.0,0,0,0.0,26.0,0,0,0.0
2024-10-10 07:00:00,20.6,72.9,24.5,65.1,420.0,0,0,0.0,26.0,1,0,0.319
2024-10-10 08:00:00,18.4,70.2,23.9,65.6,3420.0,27,1,0.45,26.0,0,0,0.0
2024-10-10 09:00:00,23.7,72.0,24.8,64.3,2820.0,27,1,0.45,26.0,1,0,0.329
2024-10-10 10:00:00,23.7,68.3,25.3,63.0,4051.0,37,1,0.617,26.0,1,0,0.276
2024-10-10 11:00:00,24.5,67.5,25.6,61.6,3805.0,37,1,0.617,26.0,1,0,0.272
2024-10-10 12:00:00,23.9,58.3,25.7,60.0,420.0,0,0,0.0,26.0,1,0,0.312
2024-10-10 13:00:00,25.4,58.6,25.8,58.5,420.0,0,0,0.0,26.0,1,0,0.268
2024-10-10 14:00:00,24.2,58.1,25.9,56.9,2753.0,21,1,0.35,26.0,1,0,0.293
2024-10-10 15:00:00,29.7,60.4,26.0,55.5,2287.0,21,1,0.35,26.0,1,0,0.319
2024-10-10 16:00:00,26.4,56.6,26.0,54.1,5000.0,48,1,0.8,26.0,1,0,0.334
2024-10-10 17:00:00,22.6,58.6,26.0,52.7,4837.0,48,1,0.8,26.0,1,0,0.294
2024-10-10 18:00:00,26.7,63.3,26.0,51.5,420.0,0,0,0.0,26.0,1,0,0.132
2024-10-10 19:00:00,24.4,66.2,26.0,50.5,420.0,0,0,0.0,26.0,1,0,-0.118
2024-10-10 20:00:00,21.4,70.1,26.0,49.6,420.0,0,0,0.0,26.0,1,0,-0.454
2024-10-10 21:00:00,20.1,72.2,26.0,48.7,420.0,0,0,0.0,26.0,1,0,-0.599
2024-10-10 22:00:00,20.4,64.7,26.0,47.7,420.0,0,0,0.0,26.0,1,0,-0.565
2024-10-10 23:00:00,17.4,66.6,25.1,49.6,420.0,0,0,0.0,26.0,0,0,0.0
2024-10-11 00:00:00,19.2,73.6,24.5,52.0,420.0,0,0,0.0,26.0,0,0,0.0
2024-10-11 01:00:00,13.3,76.1,23.4,54.4,420.0,0,0,0.0,26.0,0,0,0.0
2024-10-11 02:00:00,15.4,71.3,22.6,56.1,420.0,0,0,0.0,26.0,0,0,0.0
2024-10-11 03:00:00,18.5,76.3,22.2,58.1,420.0,0,0,0.0,26.0,0,0,0.0
2024-10-11 04:00:00,15.7,74.5,21.5,59.8,420.0,0,0,0.0,26.0,0,0,0.0
2024-10-11 05:00:00,14.4,71.0,20.8,60.9,420.0,0,0,0.0,26.0,0,0,0.0
2024-10-11 06:00:00,19.4,72.2,20.6,62.0,420.0,0,0,0.0,26.0,0,0,0.0
2024-10-11 07:00:00,18.5,65.9,20.4,62.4,420.0,0,0,0.0,26.0,0,0,0.0
2024-10-11 08:00:00,17.7,71.9,20.2,63.4,4531.0,37,1,0.617,26.0,0,0,0.0
2024-10-11 09:00:00,21.6,73.3,24.5,62.2,3709.0,37,1,0.617,26.0,1,0,0.308
2024-10-11 10:00:00,24.3,65.2,25.1,60.7,5000.0,58,1,0.967,26.0,1,0,0.274
2024-10-11 11:00:00,24.2,63.1,25.5,59.3,5000.0,58,1,0.967,26.0,1,0,0.296
2024-10-11 12:00:00,27.6,65.8,25.7,58.0,420.0,0,0,0.0,26.0,1,0,0.3
2024-10-11 13:00:00,25.6,61.7,25.8,56.6,420.0,0,0,0.0,26.0,1,0,0.299
2024-10-11 14:00:00,28.0,62.0,25.9,55.3,3753.0,30,1,0.5,26.0,1,0,0.302
2024-10-11 15:00:00,28.3,53.4,26.0,53.7,3087.0,30,1,0.5,26.0,1,0,0.28
2024-10-11 16:00:00,26.5,58.7,26.0,52.4,4664.0,43,1,0.717,26.0,1,0,0.283
2024-10-11 17:00:00,28.0,65.7,26.0,51.3,4349.0,43,1,0.717,26.0,1,0,0.282
2024-10-11 18:00:00,24.6,67.0,26.0,50.2,420.0,0,0,0.0,26.0,1,0,-0.096
2024-10-11 19:00:00,26.2,64.2,26.0,49.2,420.0,0,0,0.0,26.0,1,0,0.073
2024-10-11 20:00:00,26.0,65.8,26.0,48.2,420.0,0,0,0.0,26.0,1,0,0.063
2024-10-11 21:00:00,20.7,70.6,26.0,47.3,420.0,0,0,0.0,26.0,1,0,-0.532
2024-10-11 22:00:00,19.2,70.3,25.3,49.6,420.0,0,0,0.0,26.0,0,0,0.0
2024-10-11 23:00:00,20.6,72.1,25.6,48.8,420.0,0,0,0.0,26.0,1,0,0.321
2024-10-12 00:00:00,14.9,74.8,24.5,51.4,420.0,0,0,0.0,26.0,0,0,0.0
2024-10-12 01:00:00,15.6,77.5,23.6,54.0,420.0,0,0,0.0,26.0,0,0,0.0
2024-10-12 02:00:00,17.2,80.1,22.9,56.6,420.0,0,0,0.0,26.0,0,0,0.0
2024-10-12 03:00:00,17.4,79.3,22.4,58.9,420.0,0,0,0.0,26.0,0,0,0.0
2024-10-12 04:00:00,15.2,78.1,21.7,60.8,420.0,0,0,0.0,26.0,0,0,0.0
2024-10-12 05:00:00,19.6,72.9,21.4,62.0,420.0,0,0,0.0,26.0,0,0,0.0
2024-10-12 06:00:00,20.2,72.0,24.5,60.8,420.0,0,0,0.0,26.0,1,0,0.319
2024-10-12 07:00:00,17.2,72.9,23.8,62.0,420.0,0,0,0.0,26.0,0,0,0.0
2024-10-12 08:00:00,20.8,72.8,24.7,60.9,420.0,0,0,0.0,26.0,1,0,0.294
2024-10-12 09:00:00,19.6,69.3,24.1,61.7,420.0,0,0,0.0,26.0,0,0,0.0
2024-10-12 10:00:00,21.3,61.5,24.9,60.2,420.0,0,0,0.0,26.0,1,0,0.281
2024-10-12 11:00:00,22.1,61.7,25.3,58.7,420.0,0,0,0.0,26.0,1,0,0.318
2024-10-12 12:00:00,25.3,65.8,25.6,57.4,420.0,0,0,0.0,26.0,1,0,0.315
2024-10-12 13:00:00,23.1,62.1,25.8,56.1,420.0,0,0,0.0,26.0,1,0,0.305
2024-10-12 14:00:00,24.1,62.2,25.9,54.8,420.0,0,0,0.0,26.0,1,0,0.342
2024-10-12 15:00:00,25.1,56.8,25.9,53.3,420.0,0,0,0.0,26.0,1,0,0.299
2024-10-12 16:00:00,27.0,58.5,25.9,52.0,420.0,0,0,0.0,26.0,1,0,0.294
2024-10-12 17:00:00,24.9,54.4,26.0,50.6,420.0,0,0,0.0,26.0,1,0,0.29
2024-10-12 18:00:00,26.0,64.8,26.0,49.5,420.0,0,0,0.0,26.0,1,0,0.263
2024-10-12 19:00:00,23.5,59.4,26.0,48.3,420.0,0,0,0.0,26.0,1,0,0.316
2024-10-12 20:00:00,24.1,63.9,26.0,47.3,420.0,0,0,0.0,26.0,1,0,0.297
2024-10-12 21:00:00,20.3,74.9,26.0,46.6,420.0,0,0,0.0,26.0,1,0,0.312
2024-10-12 22:00:00,18.7,72.3,25.2,49.2,420.0,0,0,0.0,26.0,0,0,0.0
2024-10-12 23:00:00,19.3,73.2,24.6,51.6,420.0,0,0,0.0,26.0,0,0,0.0
2024-10-13 00:00:00,17.9,74.8,24.0,53.9,420.0,0,0,0.0,26.0,0,0,0.0
2024-10-13 01:00:00,17.1,74.8,23.3,56.0,420.0,0,0,0.0,26.0,0,0,0.0
2024-10-13 02:00:00,18.4,71.8,22.8,57.6,420.0,0,0,0.0,26.0,0,0,0.0
2024-10-13 03:00:00,17.5,78.5,22.2,59.7,420.0,0,0,0.0,26.0,0,0,0.0
2024-10-13 04:00:00,17.2,79.1,21.7,61.6,420.0,0,0,0.0,26.0,0,0,0.0
2024-10-13 05:00:00,16.5,69.3,21.2,62.4,420.0,0,0,0.0,26.0,0,0,0.0
2024-10-13 06:00:00,17.4,70.7,20.8,63.2,420.0,0,0,0.0,26.0,0,0,0.0
2024-10-13 07:00:00,17.4,68.3,20.5,63.7,420.0,0,0,0.0,26.0,0,0,0.0
2024-10-13 08:00:00,19.0,68.3,20.3,64.2,420.0,0,0,0.0,26.0,0,0,0.0
2024-10-13 09:00:00,17.4,70.1,20.0,64.8,420.0,0,0,0.0,26.0,0,0,0.0
2024-10-13 10:00:00,25.6,67.7,24.5,63.4,420.0,0,0,0.0,26.0,1,0,0.344
2024-10-13 11:00:00,23.2,63.8,25.1,61.9,420.0,0,0,0.0,26.0,1,0,0.291
2024-10-13 12:00:00,23.9,62.6,25.5,60.4,420.0,0,0,0.0,26.0,1,0,0.244
2024-10-13 13:00:00,25.3,58.5,25.7,58.8,420.0,0,0,0.0,26.0,1,0,0.312
2024-10-13 14:00:00,28.4,55.8,25.8,57.2,420.0,0,0,0.0,26.0,1,0,0.304
2024-10-13 15:00:00,27.1,59.7,25.9,55.8,420.0,0,0,0.0,26.0,1,0,0.282
2024-10-13 16:00:00,28.7,61.3,25.9,54.5,420.0,0,0,0.0,26.0,1,0,0.31
2024-10-13 17:00:00,24.8,60.3,26.0,53.2,420.0,0,0,0.0,26.0,1,0,0.319
2024-10-13 18:00:00,24.6,58.9,26.0,51.8,420.0,0,0,0.0,26.0,1,0,0.277
2024-10-13 19:00:00,22.3,58.6,26.0,50.5,420.0,0,0,0.0,26.0,1,0,0.293
2024-10-13 20:00:00,20.9,66.2,26.0,49.5,420.0,0,0,0.0,26.0,1,0,0.335
2024-10-13 21:00:00,21.5,62.1,26.0,48.4,420.0,0,0,0.0,26.0,1,0,0.283
2024-10-13 22:00:00,19.5,71.8,25.3,50.7,420.0,0,0,0.0,26.0,0,0,0.0
2024-10-13 23:00:00,18.3,70.1,24.6,52.7,420.0,0,0,0.0,26.0,0,0,0.0
2024-10-14 00:00:00,16.8,72.0,23.8,54.6,420.0,0,0,0.0,26.0,0,0,0.0
2024-10-14 01:00:00,15.7,75.4,23.0,56.7,420.0,0,0,0.0,26.0,0,0,0.0
2024-10-14 02:00:00,19.6,73.5,22.7,58.4,420.0,0,0,0.0,26.0,0,0,0.0
2024-10-14 03:00:00,15.5,75.8,21.9,60.1,420.0,0,0,0.0,26.0,0,0,0.0
2024-10-14 04:00:00,15.1,79.0,21.2,62.0,420.0,0,0,0.0,26.0,0,0,0.0
2024-10-14 05:00:00,13.1,73.3,20.4,63.1,420.0,0,0,0.0,26.0,0,0,0.0
2024-10-14 06:00:00,18.7,72.8,20.2,64.1,420.0,0,0,0.0,26.0,0,0,0.0
2024-10-14 07:00:00,17.3,73.3,19.9,65.0,420.0,0,0,0.0,26.0,0,0,0.0
2024-10-14 08:00:00,21.1,70.7,24.5,63.7,5000.0,51,1,0.85,26.0,1,0,0.302
2024-10-14 09:00:00,19.8,69.4,24.1,64.3,5000.0,51,1,0.85,26.0,0,0,0.0
2024-10-14 10:00:00,21.7,68.2,24.8,62.9,2060.0,23,1,0.383,26.0,1,0,0.237
2024-10-14 11:00:00,25.7,56.2,25.3,61.2,2648.0,23,1,0.383,26.0,1,0,0.264
2024-10-14 12:00:00,24.7,57.1,25.6,59.5,420.0,0,0,0.0,26.0,1,0,0.304
2024-10-14 13:00:00,29.0,59.7,25.8,58.1,420.0,0,0,0.0,26.0,1,0,0.329
2024-10-14 14:00:00,26.9,60.2,25.9,56.6,5000.0,49,1,0.817,26.0,1,0,0.267
2024-10-14 15:00:00,24.8,57.2,25.9,55.1,4948.0,49,1,0.817,26.0,1,0,0.302
2024-10-14 16:00:00,28.2,63.1,26.0,53.9,2070.0,23,1,0.383,26.0,1,0,0.291
2024-10-14 17:00:00,28.2,61.2,26.0,52.6,2646.0,23,1,0.383,26.0,1,0,0.323
2024-10-14 18:00:00,25.0,61.5,26.0,51.4,420.0,0,0,0.0,26.0,1,0,-0.05
2024-10-14 19:00:00,23.1,60.9,26.0,50.1,420.0,0,0,0.0,26.0,1,0,-0.263
2024-10-14 20:00:00,22.4,63.6,26.0,49.1,420.0,0,0,0.0,26.0,1,0,-0.341
2024-10-14 21:00:00,21.7,68.5,26.0,48.1,420.0,0,0,0.0,26.0,1,0,-0.419
2024-10-14 22:00:00,20.1,75.1,26.0,47.4,420.0,0,0,0.0,26.0,1,0,-0.599
2024-10-14 23:00:00,18.4,74.3,25.2,50.1,420.0,0,0,0.0,26.0,0,0,0.0
2024-10-15 00:00:00,20.5,77.6,25.5,49.5,420.0,0,0,0.0,26.0,1,0,0.271
2024-10-15 01:00:00,18.4,74.0,24.8,51.9,420.0,0,0,0.0,26.0,0,0,0.0
2024-10-15 02:00:00,16.5,71.8,24.0,53.9,420.0,0,0,0.0,26.0,0,0,0.0
2024-10-15 03:00:00,16.7,76.8,23.2,56.2,420.0,0,0,0.0,26.0,0,0,0.0
2024-10-15 04:00:00,16.2,78.8,22.5,58.4,420.0,0,0,0.0,26.0,0,0,0.0
2024-10-15 05:00:00,14.9,79.8,21.7,60.6,420.0,0,0,0.0,26.0,0,0,0.0
2024-10-15 06:00:00,18.8,73.4,21.4,61.9,420.0,0,0,0.0,26.0,0,0,0.0
2024-10-15 07:00:00,18.3,73.4,21.1,63.0,420.0,0,0,0.0,26.0,0,0,0.0
2024-10-15 08:00:00,22.0,70.4,24.5,61.7,3198.0,25,1,0.417,26.0,1,0,0.31
2024-10-15 09:00:00,21.2,68.1,25.1,60.4,2642.0,25,1,0.417,26.0,1,0,0.284
2024-10-15 10:00:00,25.0,64.8,25.5,59.1,5000.0,54,1,0.9,26.0,1,0,0.305
2024-10-15 11:00:00,23.5,68.4,25.7,57.8,5000.0,54,1,0.9,26.0,1,0,0.302
2024-10-15 12:00:00,24.8,65.8,25.8,56.6,420.0,0,0,0.0,26.0,1,0,0.294
2024-10-15 13:00:00,24.0,60.5,25.9,55.2,420.0,0,0,0.0,26.0,1,0,0.311
2024-10-15 14:00:00,28.1,58.2,26.0,53.8,4198.0,34,1,0.567,26.0,1,0,0.301
2024-10-15 15:00:00,25.8,60.8,26.0,52.5,3442.0,34,1,0.567,26.0,1,0,0.297
2024-10-15 16:00:00,24.3,59.0,26.0,51.2,2482.0,24,1,0.4,26.0,1,0,0.291
2024-10-15 17:00:00,25.5,61.2,26.0,50.0,2674.0,24,1,0.4,26.0,1,0,1.078
2024-10-15 18:00:00,26.5,67.0,26.0,49.0,420.0,0,0,0.0,26.0,1,0,0.12
2024-10-15 19:00:00,22.2,64.3,26.0,48.0,420.0,0,0,0.0,26.0,1,0,-0.363
2024-10-15 20:00:00,23.3,70.5,26.0,47.1,420.0,0,0,0.0,26.0,1,0,-0.24
2024-10-15 21:00:00,22.1,68.9,26.0,46.3,420.0,0,0,0.0,26.0,1,0,-0.374
2024-10-15 22:00:00,20.7,72.1,26.0,45.6,420.0,0,0,0.0,26.0,1,0,-0.531
2024-10-15 23:00:00,17.1,72.6,25.1,48.3,420.0,0,0,0.0,26.0,0,0,0.0
2024-10-16 00:00:00,19.7,73.0,24.5,50.7,420.0,0,0,0.0,26.0,0,0,0.0
2024-10-16 01:00:00,16.9,74.2,23.8,53.1,420.0,0,0,0.0,26.0,0,0,0.0
2024-10-16 02:00:00,12.7,75.8,22.6,55.4,420.0,0,0,0.0,26.0,0,0,0.0
2024-10-16 03:00:00,16.5,74.5,22.0,57.3,420.0,0,0,0.0,26.0,0,0,0.0
2024-10-16 04:00:00,14.4,73.1,21.3,58.9,420.0,0,0,0.0,26.0,0,0,0.0
2024-10-16 05:00:00,17.8,80.8,20.9,61.1,420.0,0,0,0.0,26.0,0,0,0.0
2024-10-16 06:00:00,19.5,69.6,20.8,61.9,420.0,0,0,0.0,26.0,0,0,0.0
2024-10-16 07:00:00,19.8,70.0,20.7,62.7,420.0,0,0,0.0,26.0,0,0,0.0
2024-10-16 08:00:00,18.8,68.7,20.5,63.3,2642.0,20,1,0.333,26.0,0,0,0.0
2024-10-16 09:00:00,22.1,70.9,24.5,62.0,2198.0,20,1,0.333,26.0,1,0,0.276
2024-10-16 10:00:00,22.1,65.7,25.1,60.7,4064.0,36,1,0.6,26.0,1,0,0.292
2024-10-16 11:00:00,24.2,65.7,25.5,59.3,3691.0,36,1,0.6,26.0,1,0,0.275
2024-10-16 12:00:00,26.3,58.5,25.7,57.8,420.0,0,0,0.0,26.0,1,0,0.299
2024-10-16 13:00:00,25.4,57.9,25.8,56.3,420.0,0,0,0.0,26.0,1,0,0.286
2024-10-16 14:00:00,25.8,59.6,25.9,54.9,5000.0,49,1,0.817,26.0,1,0,0.318
2024-10-16 15:00:00,25.9,57.6,26.0,53.5,4948.0,49,1,0.817,26.0,1,0,0.316
2024-10-16 16:00:00,23.6,54.0,26.0,52.0,4181.0,42,1,0.7,26.0,1,0,0.278
2024-10-16 17:00:00,25.1,59.8,26.0,50.7,4334.0,42,1,0.7,26.0,1,0,0.3
2024-10-16 18:00:00,23.5,66.3,26.0,49.7,420.0,0,0,0.0,26.0,1,0,-0.219
2024-10-16 19:00:00,22.2,68.3,26.0,48.7,420.0,0,0,0.0,26.0,1,0,-0.364
2024-10-16 20:00:00,24.7,60.1,26.0,47.6,420.0,0,0,0.0,26.0,1,0,-0.084
2024-10-16 21:00:00,21.1,66.8,26.0,46.7,420.0,0,0,0.0,26.0,1,0,-0.487
2024-10-16 22:00:00,15.3,65.7,24.9,48.6,420.0,0,0,0.0,26.0,0,0,0.0
2024-10-16 23:00:00,19.7,78.1,24.4,51.5,420.0,0,0,0.0,26.0,0,0,0.0
2024-10-17 00:00:00,18.8,74.6,23.8,53.8,420.0,0,0,0.0,26.0,0,0,0.0
2024-10-17 01:00:00,16.6,80.0,23.1,56.4,420.0,0,0,0.0,26.0,0,0,0.0
2024-10-17 02:00:00,19.4,74.0,22.7,58.2,420.0,0,0,0.0,26.0,0,0,0.0
2024-10-17 03:00:00,13.0,69.7,21.7,59.3,420.0,0,0,0.0,26.0,0,0,0.0
2024-10-17 04:00:00,18.2,75.6,21.4,61.0,420.0,0,0,0.0,26.0,0,0,0.0
2024-10-17 05:00:00,16.9,69.6,20.9,61.8,420.0,0,0,0.0,26.0,0,0,0.0
2024-10-17 06:00:00,16.3,72.8,20.4,62.9,420.0,0,0,0.0,26.0,0,0,0.0
2024-10-17 07:00:00,18.8,70.8,20.3,63.7,420.0,0,0,0.0,26.0,0,0,0.0
2024-10-17 08:00:00,18.1,67.7,20.1,64.1,3198.0,25,1,0.417,26.0,0,0,0.0
2024-10-17 09:00:00,22.8,68.7,24.5,62.8,2642.0,25,1,0.417,26.0,1,0,0.315
2024-10-17 10:00:00,23.2,63.2,25.1,61.3,5000.0,47,1,0.783,26.0,1,0,0.296
2024-10-17 11:00:00,19.1,62.4,24.5,61.4,5000.0,47,1,0.783,26.0,0,0,0.0
2024-10-17 12:00:00,23.2,63.4,25.1,59.9,420.0,0,0,0.0,26.0,1,0,0.283
2024-10-17 13:00:00,30.3,63.2,25.5,58.5,420.0,0,0,0.0,26.0,1,0,0.274
2024-10-17 14:00:00,29.9,62.0,25.7,57.1,4087.0,33,1,0.55,26.0,1,0,0.321
2024-10-17 15:00:00,25.1,61.0,25.8,55.8,3353.0,33,1,0.55,26.0,1,0,0.322
2024-10-17 16:00:00,28.5,65.8,25.9,54.6,3944.0,37,1,0.617,26.0,1,0,0.295
2024-10-17 17:00:00,24.5,61.8,26.0,53.3,3826.0,37,1,0.617,26.0,1,0,0.318
2024-10-17 18:00:00,22.4,64.8,26.0,52.1,420.0,0,0,0.0,26.0,1,0,0.229
2024-10-17 19:00:00,25.8,64.1,26.0,51.0,420.0,0,0,0.0,26.0,1,0,0.332
2024-10-17 20:00:00,21.3,67.0,26.0,50.0,420.0,0,0,0.0,26.0,1,0,0.296
2024-10-17 21:00:00,21.6,68.2,26.0,49.0,420.0,0,0,0.0,26.0,1,0,0.303
2024-10-17 22:00:00,20.0,69.5,25.4,51.1,420.0,0,0,0.0,26.0,0,0,0.0
2024-10-17 23:00:00,20.0,74.2,24.8,53.4,420.0,0,0,0.0,26.0,0,0,0.0
2024-10-18 00:00:00,16.0,70.6,23.9,55.1,420.0,0,0,0.0,26.0,0,0,0.0
2024-10-18 01:00:00,16.3,77.1,23.2,57.3,420.0,0,0,0.0,26.0,0,0,0.0
2024-10-18 02:00:00,16.4,73.8,22.5,58.9,420.0,0,0,0.0,26.0,0,0,0.0
2024-10-18 03:00:00,16.4,75.0,21.9,60.6,420.0,0,0,0.0,26.0,0,0,0.0
2024-10-18 04:00:00,17.5,76.7,21.4,62.2,420.0,0,0,0.0,26.0,0,0,0.0
2024-10-18 05:00:00,16.2,75.6,20.9,63.5,420.0,0,0,0.0,26.0,0,0,0.0
2024-10-18 06:00:00,19.4,71.9,20.7,64.3,420.0,0,0,0.0,26.0,0,0,0.0
2024-10-18 07:00:00,19.1,71.8,20.6,65.1,420.0,0,0,0.0,26.0,0,0,0.0
2024-10-18 08:00:00,20.3,68.1,24.5,63.7,5000.0,43,1,0.717,26.0,1,0,0.292
2024-10-18 09:00:00,21.2,71.3,25.1,62.4,4282.0,43,1,0.717,26.0,1,0,0.333
2024-10-18 10:00:00,20.9,61.9,25.5,60.9,4648.0,45,1,0.75,26.0,1,0,0.275
2024-10-18 11:00:00,21.6,60.5,25.7,59.4,4574.0,45,1,0.75,26.0,1,0,0.335
2024-10-18 12:00:00,25.4,58.1,25.8,57.8,420.0,0,0,0.0,26.0,1,0,0.31
2024-10-18 13:00:00,24.9,62.9,25.9,56.5,420.0,0,0,0.0,26.0,1,0,0.315
2024-10-18 14:00:00,26.5,59.1,26.0,55.1,4420.0,36,1,0.6,26.0,1,0,0.292
2024-10-18 15:00:00,26.3,60.3,26.0,53.7,3620.0,36,1,0.6,26.0,1,0,0.269
2024-10-18 16:00:00,25.5,59.6,26.0,52.4,2224.0,22,1,0.367,26.0,1,0,0.322
2024-10-18 17:00:00,28.7,63.5,26.0,51.2,2504.0,22,1,0.367,26.0,1,0,1.402
2024-10-18 18:00:00,28.3,60.9,26.0,50.0,420.0,0,0,0.0,26.0,1,0,0.355
2024-10-18 19:00:00,23.4,60.0,26.0,48.8,420.0,0,0,0.0,26.0,1,0,-0.229
2024-10-18 20:00:00,21.1,71.6,26.0,48.0,420.0,0,0,0.0,26.0,1,0,-0.487
2024-10-18 21:00:00,20.2,73.8,26.0,47.3,420.0,0,0,0.0,26.0,1,0,-0.587
2024-10-18 22:00:00,17.8,66.9,25.2,49.2,420.0,0,0,0.0,26.0,0,0,0.0
2024-10-18 23:00:00,18.0,71.8,24.4,51.5,420.0,0,0,0.0,26.0,0,0,0.0
2024-10-19 00:00:00,18.8,75.0,23.9,53.9,420.0,0,0,0.0,26.0,0,0,0.0
2024-10-19 01:00:00,16.0,74.5,23.1,55.9,420.0,0,0,0.0,26.0,0,0,0.0
2024-10-19 02:00:00,15.7,73.0,22.3,57.6,420.0,0,0,0.0,26.0,0,0,0.0
2024-10-19 03:00:00,14.7,79.1,21.5,59.8,420.0,0,0,0.0,26.0,0,0,0.0
2024-10-19 04:00:00,13.4,80.6,20.7,61.9,420.0,0,0,0.0,26.0,0,0,0.0
2024-10-19 05:00:00,16.2,72.6,20.3,62.9,420.0,0,0,0.0,26.0,0,0,0.0
2024-10-19 06:00:00,18.6,78.1,20.1,64.4,420.0,0,0,0.0,26.0,0,0,0.0
2024-10-19 07:00:00,20.2,73.5,24.5,63.2,420.0,0,0,0.0,26.0,1,0,0.295
2024-10-19 08:00:00,21.3,64.9,25.1,61.8,420.0,0,0,0.0,26.0,1,0,0.29
2024-10-19 09:00:00,20.2,65.3,25.5,60.4,420.0,0,0,0.0,26.0,1,0,0.333
2024-10-19 10:00:00,24.1,64.8,25.7,59.0,420.0,0,0,0.0,26.0,1,0,0.346
2024-10-19 11:00:00,24.8,65.6,25.8,57.7,420.0,0,0,0.0,26.0,1,0,0.3
2024-10-19 12:00:00,23.2,60.6,25.9,56.3,420.0,0,0,0.0,26.0,1,0,0.282
2024-10-19 13:00:00,27.3,58.7,25.9,54.9,420.0,0,0,0.0,26.0,1,0,0.319
2024-10-19 14:00:00,26.0,57.9,26.0,53.5,420.0,0,0,0.0,26.0,1,0,0.294
2024-10-19 15:00:00,25.5,59.9,26.0,52.1,420.0,0,0,0.0,26.0,1,0,0.314
2024-10-19 16:00:00,24.7,57.4,26.0,50.8,420.0,0,0,0.0,26.0,1,0,0.294
2024-10-19 17:00:00,25.8,58.5,26.0,49.5,420.0,0,0,0.0,26.0,1,0,0.338
2024-10-19 18:00:00,23.3,59.5,26.0,48.3,420.0,0,0,0.0,26.0,1,0,0.283
2024-10-19 19:00:00,23.4,66.8,26.0,47.4,420.0,0,0,0.0,26.0,1,0,0.312
2024-10-19 20:00:00,24.6,63.8,26.0,46.4,420.0,0,0,0.0,26.0,1,0,0.288
2024-10-19 21:00:00,24.2,65.0,26.0,45.4,420.0,0,0,0.0,26.0,1,0,0.293
2024-10-19 22:00:00,21.3,67.9,26.0,44.6,420.0,0,0,0.0,26.0,1,0,0.29
2024-10-19 23:00:00,17.2,69.8,25.1,47.1,420.0,0,0,0.0,26.0,0,0,0.0
2024-10-20 00:00:00,17.4,75.4,24.3,50.0,420.0,0,0,0.0,26.0,0,0,0.0
2024-10-20 01:00:00,17.7,72.1,23.6,52.2,420.0,0,0,0.0,26.0,0,0,0.0
2024-10-20 02:00:00,14.7,73.0,22.7,54.3,420.0,0,0,0.0,26.0,0,0,0.0
2024-10-20 03:00:00,15.8,75.4,22.0,56.4,420.0,0,0,0.0,26.0,0,0,0.0
2024-10-20 04:00:00,14.7,76.5,21.3,58.4,420.0,0,0,0.0,26.0,0,0,0.0
2024-10-20 05:00:00,20.1,73.4,24.5,57.3,420.0,0,0,0.0,26.0,1,0,0.318
2024-10-20 06:00:00,16.8,75.3,23.7,59.1,420.0,0,0,0.0,26.0,0,0,0.0
2024-10-20 07:00:00,17.7,74.0,23.1,60.6,420.0,0,0,0.0,26.0,0,0,0.0
2024-10-20 08:00:00,18.6,75.6,22.7,62.1,420.0,0,0,0.0,26.0,0,0,0.0
2024-10-20 09:00:00,21.5,66.1,24.5,60.7,420.0,0,0,0.0,26.0,1,0,0.322
2024-10-20 10:00:00,21.4,64.4,25.1,59.3,420.0,0,0,0.0,26.0,1,0,0.313
2024-10-20 11:00:00,25.6,60.2,25.5,57.9,420.0,0,0,0.0,26.0,1,0,0.297
2024-10-20 12:00:00,23.5,60.7,25.7,56.5,420.0,0,0,0.0,26.0,1,0,0.303
2024-10-20 13:00:00,25.3,60.3,25.8,55.1,420.0,0,0,0.0,26.0,1,0,0.322
2024-10-20 14:00:00,23.6,59.1,25.9,53.7,420.0,0,0,0.0,26.0,1,0,0.322
2024-10-20 15:00:00,25.9,58.1,25.9,52.3,420.0,0,0,0.0,26.0,1,0,0.235
2024-10-20 16:00:00,26.9,63.0,26.0,51.1,420.0,0,0,0.0,26.0,1,0,0.293
2024-10-20 17:00:00,25.2,61.8,26.0,50.0,420.0,0,0,0.0,26.0,1,0,0.295
2024-10-20 18:00:00,21.3,61.1,26.0,48.8,420.0,0,0,0.0,26.0,1,0,0.316
2024-10-20 19:00:00,25.0,62.7,26.0,47.7,420.0,0,0,0.0,26.0,1,0,0.298
2024-10-20 20:00:00,21.2,72.8,26.0,47.0,420.0,0,0,0.0,26.0,1,0,0.317
2024-10-20 21:00:00,23.7,69.4,26.0,46.1,420.0,0,0,0.0,26.0,1,0,0.274
2024-10-20 22:00:00,21.4,63.4,26.0,45.2,420.0,0,0,0.0,26.0,1,0,0.306
2024-10-20 23:00:00,17.3,70.6,25.1,47.7,420.0,0,0,0.0,26.0,0,0,0.0
2024-10-21 00:00:00,17.1,72.2,24.3,50.2,420.0,0,0,0.0,26.0,0,0,0.0
2024-10-21 01:00:00,12.8,76.1,23.1,52.7,420.0,0,0,0.0,26.0,0,0,0.0
2024-10-21 02:00:00,17.0,80.5,22.5,55.5,420.0,0,0,0.0,26.0,0,0,0.0
2024-10-21 03:00:00,14.8,73.4,21.7,57.3,420.0,0,0,0.0,26.0,0,0,0.0
2024-10-21 04:00:00,12.2,74.8,20.8,59.1,420.0,0,0,0.0,26.0,0,0,0.0
2024-10-21 05:00:00,18.0,73.1,20.5,60.5,420.0,0,0,0.0,26.0,0,0,0.0
2024-10-21 06:00:00,20.7,72.9,24.5,59.3,420.0,0,0,0.0,26.0,1,0,0.322
2024-10-21 07:00:00,18.7,67.9,23.9,60.2,420.0,0,0,0.0,26.0,0,0,0.0
2024-10-21 08:00:00,20.1,64.1,24.8,58.8,3420.0,27,1,0.45,26.0,1,0,0.265
2024-10-21 09:00:00,22.0,70.2,25.3,57.7,2820.0,27,1,0.45,26.0,1,0,0.36
2024-10-21 10:00:00,24.3,62.9,25.6,56.3,4162.0,38,1,0.633,26.0,1,0,0.329
2024-10-21 11:00:00,23.7,65.7,25.8,55.1,3894.0,38,1,0.633,26.0,1,0,0.3
2024-10-21 12:00:00,25.2,59.7,25.9,53.7,420.0,0,0,0.0,26.0,1,0,0.28
2024-10-21 13:00:00,21.7,62.1,25.9,52.5,420.0,0,0,0.0,26.0,1,0,0.296
2024-10-21 14:00:00,25.6,58.6,26.0,51.2,5000.0,59,1,0.983,26.0,1,0,0.302
2024-10-21 15:00:00,27.1,59.9,26.0,49.9,5000.0,59,1,0.983,26.0,1,0,0.311
2024-10-21 16:00:00,23.9,54.5,26.0,48.6,4060.0,41,1,0.683,26.0,1,0,1.597
2024-10-21 17:00:00,23.6,68.3,26.0,47.7,4248.0,41,1,0.683,26.0,1,0,1.337
2024-10-21 18:00:00,25.6,62.9,26.0,46.6,420.0,0,0,0.0,26.0,1,0,0.018
2024-10-21 19:00:00,23.2,63.3,26.0,45.6,420.0,0,0,0.0,26.0,1,0,-0.251
2024-10-21 20:00:00,24.0,64.5,26.0,44.7,420.0,0,0,0.0,26.0,1,0,-0.162
2024-10-21 21:00:00,21.9,67.0,26.0,43.8,420.0,0,0,0.0,26.0,1,0,-0.397
2024-10-21 22:00:00,22.6,72.3,26.0,43.2,420.0,0,0,0.0,26.0,1,0,-0.318
2024-10-21 23:00:00,20.4,70.2,26.0,42.5,420.0,0,0,0.0,26.0,1,0,-0.565
2024-10-22 00:00:00,19.1,72.7,25.3,45.5,420.0,0,0,0.0,26.0,0,0,0.0
2024-10-22 01:00:00,16.8,79.8,24.4,49.0,420.0,0,0,0.0,26.0,0,0,0.0
2024-10-22 02:00:00,14.6,76.3,23.4,51.7,420.0,0,0,0.0,26.0,0,0,0.0
2024-10-22 03:00:00,16.7,77.6,22.8,54.3,420.0,0,0,0.0,26.0,0,0,0.0
2024-10-22 04:00:00,15.5,82.0,22.0,57.1,420.0,0,0,0.0,26.0,0,0,0.0
2024-10-22 05:00:00,14.7,79.3,21.3,59.3,420.0,0,0,0.0,26.0,0,0,0.0
2024-10-22 06:00:00,19.3,79.4,21.1,61.3,420.0,0,0,0.0,26.0,0,0,0.0
2024-10-22 07:00:00,16.1,69.4,20.6,62.1,420.0,0,0,0.0,26.0,0,0,0.0
2024-10-22 08:00:00,21.9,64.4,24.5,60.7,5000.0,55,1,0.917,26.0,1,0,0.269
2024-10-22 09:00:00,18.6,66.5,23.9,61.3,5000.0,55,1,0.917,26.0,0,0,0.0
2024-10-22 10:00:00,22.6,70.7,24.8,60.0,3948.0,40,1,0.667,26.0,1,0,0.29
2024-10-22 11:00:00,23.2,62.2,25.3,58.6,4159.0,40,1,0.667,26.0,1,0,0.309
2024-10-22 12:00:00,25.0,63.8,25.6,57.3,420.0,0,0,0.0,26.0,1,0,0.317
2024-10-22 13:00:00,26.0,60.5,25.7,55.9,420.0,0,0,0.0,26.0,1,0,0.282
2024-10-22 14:00:00,22.9,57.5,25.9,54.4,5000.0,59,1,0.983,26.0,1,0,0.289
2024-10-22 15:00:00,28.1,60.6,25.9,53.1,5000.0,59,1,0.983,26.0,1,0,0.335
2024-10-22 16:00:00,25.3,63.6,26.0,51.9,3171.0,33,1,0.55,26.0,1,0,0.328
2024-10-22 17:00:00,23.6,60.4,26.0,50.7,3537.0,33,1,0.55,26.0,1,0,0.305
2024-10-22 18:00:00,24.7,61.0,26.0,49.5,420.0,0,0,0.0,26.0,1,0,-0.083
2024-10-22 19:00:00,23.7,63.4,26.0,48.4,420.0,0,0,0.0,26.0,1,0,-0.195
2024-10-22 20:00:00,20.2,66.5,26.0,47.4,420.0,0,0,0.0,26.0,1,0,-0.587
2024-10-22 21:00:00,19.0,68.5,25.3,49.5,420.0,0,0,0.0,26.0,0,0,0.0
2024-10-22 22:00:00,21.8,69.2,25.6,48.6,420.0,0,0,0.0,26.0,1,0,0.246
2024-10-22 23:00:00,16.7,71.6,24.7,50.9,420.0,0,0,0.0,26.0,0,0,0.0
2024-10-23 00:00:00,16.2,75.4,23.8,53.4,420.0,0,0,0.0,26.0,0,0,0.0
2024-10-23 01:00:00,16.4,80.1,23.1,56.0,420.0,0,0,0.0,26.0,0,0,0.0
2024-10-23 02:00:00,17.9,75.3,22.5,58.0,420.0,0,0,0.0,26.0,0,0,0.0
2024-10-23 03:00:00,17.1,74.8,22.0,59.7,420.0,0,0,0.0,26.0,0,0,0.0
2024-10-23 04:00:00,16.2,74.6,21.4,61.1,420.0,0,0,0.0,26.0,0,0,0.0
2024-10-23 05:00:00,17.8,79.2,21.0,63.0,420.0,0,0,0.0,26.0,0,0,0.0
2024-10-23 06:00:00,18.7,76.4,20.8,64.3,420.0,0,0,0.0,26.0,0,0,0.0
2024-10-23 07:00:00,19.9,73.7,20.7,65.2,420.0,0,0,0.0,26.0,0,0,0.0
2024-10-23 08:00:00,18.0,75.2,20.5,66.2,5000.0,52,1,0.867,26.0,0,0,0.0
2024-10-23 09:00:00,23.7,67.3,24.5,64.8,5000.0,52,1,0.867,26.0,1,0,0.36
2024-10-23 10:00:00,21.7,67.8,25.1,63.4,3615.0,37,1,0.617,26.0,1,0,0.3
2024-10-23 11:00:00,24.3,63.4,25.5,61.9,3892.0,37,1,0.617,26.0,1,0,0.292
2024-10-23 12:00:00,22.7,63.3,25.7,60.4,420.0,0,0,0.0,26.0,1,0,0.287
2024-10-23 13:00:00,26.2,63.2,25.8,59.0,420.0,0,0,0.0,26.0,1,0,0.309
2024-10-23 14:00:00,26.4,59.5,25.9,57.5,4976.0,41,1,0.683,26.0,1,0,0.309
2024-10-23 15:00:00,27.5,60.2,26.0,56.1,4064.0,41,1,0.683,26.0,1,0,0.323
2024-10-23 16:00:00,25.1,59.7,26.0,54.7,4358.0,42,1,0.7,26.0,1,0,0.278
2024-10-23 17:00:00,22.7,60.5,26.0,53.4,4299.0,42,1,0.7,26.0,1,0,0.293
2024-10-23 18:00:00,25.6,63.4,26.0,52.2,420.0,0,0,0.0,26.0,1,0,0.019
2024-10-23 19:00:00,25.8,63.2,26.0,51.0,420.0,0,0,0.0,26.0,1,0,0.04
2024-10-23 20:00:00,23.0,68.3,26.0,50.0,420.0,0,0,0.0,26.0,1,0,-0.274
2024-10-23 21:00:00,24.5,68.4,26.0,49.1,420.0,0,0,0.0,26.0,1,0,-0.106
2024-10-23 22:00:00,18.1,72.6,25.2,51.4,420.0,0,0,0.0,26.0,0,0,0.0
2024-10-23 23:00:00,21.3,71.0,25.5,50.5,420.0,0,0,0.0,26.0,1,0,0.296
2024-10-24 00:00:00,18.7,77.3,24.8,53.2,420.0,0,0,0.0,26.0,0,0,0.0
2024-10-24 01:00:00,18.2,75.3,24.2,55.4,420.0,0,0,0.0,26.0,0,0,0.0
2024-10-24 02:00:00,15.1,75.5,23.2,57.4,420.0,0,0,0.0,26.0,0,0,0.0
2024-10-24 03:00:00,16.7,78.7,22.6,59.5,420.0,0,0,0.0,26.0,0,0,0.0
2024-10-24 04:00:00,16.7,74.6,22.0,61.0,420.0,0,0,0.0,26.0,0,0,0.0
2024-10-24 05:00:00,17.5,77.5,21.5,62.7,420.0,0,0,0.0,26.0,0,0,0.0
2024-10-24 06:00:00,18.0,71.1,21.2,63.5,420.0,0,0,0.0,26.0,0,0,0.0
2024-10-24 07:00:00,18.2,74.8,20.9,64.7,420.0,0,0,0.0,26.0,0,0,0.0
2024-10-24 08:00:00,17.6,63.8,20.6,64.6,5000.0,59,1,0.983,26.0,0,0,0.0
2024-10-24 09:00:00,23.3,69.5,24.5,63.2,5000.0,59,1,0.983,26.0,1,0,0.277
2024-10-24 10:00:00,23.2,62.7,25.1,61.7,2060.0,23,1,0.383,26.0,1,0,0.312
2024-10-24 11:00:00,24.6,64.8,25.5,60.3,2648.0,23,1,0.383,26.0,1,0,0.325
2024-10-24 12:00:00,22.2,66.6,25.7,59.0,420.0,0,0,0.0,26.0,1,0,0.321
2024-10-24 13:00:00,25.6,59.9,25.8,57.5,420.0,0,0,0.0,26.0,1,0,0.294
2024-10-24 14:00:00,25.3,54.2,25.9,55.9,4864.0,40,1,0.667,26.0,1,0,0.309
2024-10-24 15:00:00,26.9,60.8,26.0,54.6,3976.0,40,1,0.667,26.0,1,0,0.34
2024-10-24 16:00:00,25.5,64.1,26.0,53.3,3153.0,31,1,0.517,26.0,1,0,0.326
2024-10-24 17:00:00,23.3,59.3,26.0,52.0,3318.0,31,1,0.517,26.0,1,0,0.281
2024-10-24 18:00:00,23.3,61.5,26.0,50.8,420.0,0,0,0.0,26.0,1,0,-0.241
2024-10-24 19:00:00,23.6,65.3,26.0,49.7,420.0,0,0,0.0,26.0,1,0,-0.207
2024-10-24 20:00:00,21.8,63.3,26.0,48.7,420.0,0,0,0.0,26.0,1,0,-0.408
2024-10-24 21:00:00,23.5,75.2,26.0,47.9,420.0,0,0,0.0,26.0,1,0,-0.218
2024-10-24 22:00:00,19.9,67.8,25.4,49.9,420.0,0,0,0.0,26.0,0,0,0.0
2024-10-24 23:00:00,20.7,67.7,25.6,49.0,420.0,0,0,0.0,26.0,1,0,0.239
2024-10-25 00:00:00,17.0,71.6,24.7,51.2,420.0,0,0,0.0,26.0,0,0,0.0
2024-10-25 01:00:00,14.9,74.1,23.7,53.5,420.0,0,0,0.0,26.0,0,0,0.0
2024-10-25 02:00:00,14.9,75.8,22.9,55.7,420.0,0,0,0.0,26.0,0,0,0.0
2024-10-25 03:00:00,16.0,74.1,22.2,57.6,420.0,0,0,0.0,26.0,0,0,0.0
2024-10-25 04:00:00,15.6,75.0,21.5,59.3,420.0,0,0,0.0,26.0,0,0,0.0
2024-10-25 05:00:00,17.9,74.5,21.1,60.8,420.0,0,0,0.0,26.0,0,0,0.0
2024-10-25 06:00:00,18.7,75.4,20.9,62.3,420.0,0,0,0.0,26.0,0,0,0.0
2024-10-25 07:00:00,19.4,76.2,20.7,63.7,420.0,0,0,0.0,26.0,0,0,0.0
2024-10-25 08:00:00,18.0,68.7,20.5,64.2,5000.0,56,1,0.933,26.0,0,0,0.0
2024-10-25 09:00:00,23.6,67.2,24.5,62.8,5000.0,56,1,0.933,26.0,1,0,0.307
2024-10-25 10:00:00,18.1,65.3,23.9,63.0,5000.0,36,1,0.6,26.0,0,0,0.0
2024-10-25 11:00:00,23.7,56.1,24.7,61.3,3504.0,36,1,0.6,26.0,1,0,0.319
2024-10-25 12:00:00,26.5,60.2,25.2,59.8,420.0,0,0,0.0,26.0,1,0,0.274
2024-10-25 13:00:00,25.8,60.4,25.5,58.3,420.0,0,0,0.0,26.0,1,0,0.3
2024-10-25 14:00:00,23.9,57.1,25.7,56.8,4309.0,35,1,0.583,26.0,1,0,0.294
2024-10-25 15:00:00,24.6,63.3,25.9,55.5,3531.0,35,1,0.583,26.0,1,0,0.303
2024-10-25 16:00:00,25.6,58.7,25.9,54.1,2687.0,26,1,0.433,26.0,1,0,0.287
2024-10-25 17:00:00,23.9,64.7,26.0,52.9,2856.0,26,1,0.433,26.0,1,0,0.331
2024-10-25 18:00:00,26.7,65.9,26.0,51.8,420.0,0,0,0.0,26.0,1,0,0.304
2024-10-25 19:00:00,24.2,64.9,26.0,50.7,420.0,0,0,0.0,26.0,1,0,0.279
2024-10-25 20:00:00,20.5,65.2,26.0,49.6,420.0,0,0,0.0,26.0,1,0,0.322
2024-10-25 21:00:00,20.0,62.5,25.4,50.9,420.0,0,0,0.0,26.0,0,0,0.0
2024-10-25 22:00:00,21.3,68.0,25.6,49.9,420.0,0,0,0.0,26.0,1,0,0.27
2024-10-25 23:00:00,20.3,74.6,25.8,49.1,420.0,0,0,0.0,26.0,1,0,0.331
2024-10-26 00:00:00,18.3,75.5,25.0,51.8,420.0,0,0,0.0,26.0,0,0,0.0
2024-10-26 01:00:00,15.7,80.5,24.1,54.7,420.0,0,0,0.0,26.0,0,0,0.0
2024-10-26 02:00:00,16.2,76.6,23.3,56.8,420.0,0,0,0.0,26.0,0,0,0.0
2024-10-26 03:00:00,15.0,73.2,22.4,58.5,420.0,0,0,0.0,26.0,0,0,0.0
2024-10-26 04:00:00,16.9,76.4,21.9,60.3,420.0,0,0,0.0,26.0,0,0,0.0
2024-10-26 05:00:00,15.5,70.6,21.2,61.3,420.0,0,0,0.0,26.0,0,0,0.0
2024-10-26 06:00:00,15.6,77.2,20.7,62.9,420.0,0,0,0.0,26.0,0,0,0.0
2024-10-26 07:00:00,17.6,71.0,20.3,63.7,420.0,0,0,0.0,26.0,0,0,0.0
2024-10-26 08:00:00,21.9,66.7,24.5,62.3,420.0,0,0,0.0,26.0,1,0,0.324
2024-10-26 09:00:00,19.9,65.7,24.0,62.6,420.0,0,0,0.0,26.0,0,0,0.0
2024-10-26 10:00:00,24.7,71.9,24.8,61.4,420.0,0,0,0.0,26.0,1,0,0.333
2024-10-26 11:00:00,24.6,66.4,25.3,60.1,420.0,0,0,0.0,26.0,1,0,0.296
2024-10-26 12:00:00,23.7,68.2,25.6,58.8,420.0,0,0,0.0,26.0,1,0,0.288
2024-10-26 13:00:00,25.7,63.6,25.7,57.5,420.0,0,0,0.0,26.0,1,0,0.302
2024-10-26 14:00:00,25.7,59.5,25.8,56.0,420.0,0,0,0.0,26.0,1,0,0.298
2024-10-26 15:00:00,28.5,61.6,25.9,54.7,420.0,0,0,0.0,26.0,1,0,0.284
2024-10-26 16:00:00,28.0,61.0,26.0,53.4,420.0,0,0,0.0,26.0,1,0,0.287
2024-10-26 17:00:00,24.1,59.3,26.0,52.0,420.0,0,0,0.0,26.0,1,0,0.291
2024-10-26 18:00:00,24.7,60.5,26.0,50.8,420.0,0,0,0.0,26.0,1,0,0.272
2024-10-26 19:00:00,21.8,67.6,26.0,49.8,420.0,0,0,0.0,26.0,1,0,0.316
2024-10-26 20:00:00,21.5,66.3,26.0,48.8,420.0,0,0,0.0,26.0,1,0,0.299
2024-10-26 21:00:00,21.4,66.2,26.0,47.8,420.0,0,0,0.0,26.0,1,0,0.293
2024-10-26 22:00:00,21.9,66.7,26.0,46.9,420.0,0,0,0.0,26.0,1,0,0.273
2024-10-26 23:00:00,18.9,72.7,25.3,49.5,420.0,0,0,0.0,26.0,0,0,0.0
2024-10-27 00:00:00,17.4,69.8,24.5,51.5,420.0,0,0,0.0,26.0,0,0,0.0
2024-10-27 01:00:00,18.0,77.2,23.8,54.1,420.0,0,0,0.0,26.0,0,0,0.0
2024-10-27 02:00:00,15.2,77.8,22.9,56.4,420.0,0,0,0.0,26.0,0,0,0.0
2024-10-27 03:00:00,16.6,72.2,22.3,58.0,420.0,0,0,0.0,26.0,0,0,0.0
2024-10-27 04:00:00,14.9,79.1,21.5,60.1,420.0,0,0,0.0,26.0,0,0,0.0
2024-10-27 05:00:00,17.1,73.2,21.1,61.4,420.0,0,0,0.0,26.0,0,0,0.0
2024-10-27 06:00:00,16.2,72.1,20.6,62.5,420.0,0,0,0.0,26.0,0,0,0.0
2024-10-27 07:00:00,17.8,69.5,20.3,63.2,420.0,0,0,0.0,26.0,0,0,0.0
2024-10-27 08:00:00,17.1,73.5,20.0,64.2,420.0,0,0,0.0,26.0,0,0,0.0
2024-10-27 09:00:00,22.5,64.2,24.5,62.7,420.0,0,0,0.0,26.0,1,0,0.272
2024-10-27 10:00:00,22.5,63.2,25.1,61.2,420.0,0,0,0.0,26.0,1,0,0.346
2024-10-27 11:00:00,23.1,63.0,25.5,59.8,420.0,0,0,0.0,26.0,1,0,0.285
2024-10-27 12:00:00,23.9,68.4,25.7,58.6,420.0,0,0,0.0,26.0,1,0,0.315
2024-10-27 13:00:00,24.7,58.6,25.8,57.1,420.0,0,0,0.0,26.0,1,0,0.304
2024-10-27 14:00:00,24.7,63.4,25.9,55.7,420.0,0,0,0.0,26.0,1,0,0.233
2024-10-27 15:00:00,23.5,57.7,25.9,54.3,420.0,0,0,0.0,26.0,1,0,0.343
2024-10-27 16:00:00,28.0,61.0,26.0,53.0,420.0,0,0,0.0,26.0,1,0,0.316
2024-10-27 17:00:00,25.6,67.5,26.0,51.9,420.0,0,0,0.0,26.0,1,0,0.282
2024-10-27 18:00:00,24.9,60.2,26.0,50.7,420.0,0,0,0.0,26.0,1,0,0.299
2024-10-27 19:00:00,23.1,60.6,26.0,49.5,420.0,0,0,0.0,26.0,1,0,0.272
2024-10-27 20:00:00,24.2,67.7,26.0,48.5,420.0,0,0,0.0,26.0,1,0,0.344
2024-10-27 21:00:00,22.7,71.6,26.0,47.7,420.0,0,0,0.0,26.0,1,0,0.278
2024-10-27 22:00:00,19.1,67.2,25.3,49.7,420.0,0,0,0.0,26.0,0,0,0.0
2024-10-27 23:00:00,18.4,69.4,24.6,51.6,420.0,0,0,0.0,26.0,0,0,0.0
2024-10-28 00:00:00,17.7,77.1,23.9,54.2,420.0,0,0,0.0,26.0,0,0,0.0
2024-10-28 01:00:00,16.4,75.4,23.1,56.3,420.0,0,0,0.0,26.0,0,0,0.0
2024-10-28 02:00:00,16.0,78.1,22.4,58.5,420.0,0,0,0.0,26.0,0,0,0.0
2024-10-28 03:00:00,15.0,69.4,21.7,59.6,420.0,0,0,0.0,26.0,0,0,0.0
2024-10-28 04:00:00,16.9,78.7,21.2,61.5,420.0,0,0,0.0,26.0,0,0,0.0
2024-10-28 05:00:00,17.3,73.0,20.8,62.6,420.0,0,0,0.0,26.0,0,0,0.0
2024-10-28 06:00:00,15.8,75.1,20.3,63.9,420.0,0,0,0.0,26.0,0,0,0.0
2024-10-28 07:00:00,18.7,71.6,20.1,64.7,420.0,0,0,0.0,26.0,0,0,0.0
2024-10-28 08:00:00,22.4,67.2,24.5,63.2,2864.0,22,1,0.367,26.0,1,0,0.287
2024-10-28 09:00:00,23.7,68.1,25.1,61.9,2376.0,22,1,0.367,26.0,1,0,0.282
2024-10-28 10:00:00,19.5,65.4,24.6,62.2,4953.0,32,1,0.533,26.0,0,0,0.0
2024-10-28 11:00:00,24.9,62.9,25.2,60.8,3069.0,32,1,0.533,26.0,1,0,0.302
2024-10-28 12:00:00,22.3,61.8,25.5,59.3,420.0,0,0,0.0,26.0,1,0,0.333
2024-10-28 13:00:00,24.0,62.5,25.7,57.9,420.0,0,0,0.0,26.0,1,0,0.343
2024-10-28 14:00:00,27.0,57.1,25.8,56.4,5000.0,59,1,0.983,26.0,1,0,0.29
2024-10-28 15:00:00,24.9,62.3,25.9,55.0,5000.0,59,1,0.983,26.0,1,0,0.309
2024-10-28 16:00:00,24.5,57.0,26.0,53.6,5000.0,58,1,0.967,26.0,1,0,0.302
2024-10-28 17:00:00,23.6,62.1,26.0,52.4,5000.0,58,1,0.967,26.0,1,0,0.276
2024-10-28 18:00:00,25.0,60.3,26.0,51.1,420.0,0,0,0.0,26.0,1,0,-0.05
2024-10-28 19:00:00,23.5,68.6,26.0,50.1,420.0,0,0,0.0,26.0,1,0,-0.218
2024-10-28 20:00:00,20.8,60.1,26.0,48.9,420.0,0,0,0.0,26.0,1,0,-0.52
2024-10-28 21:00:00,21.7,67.7,26.0,48.0,420.0,0,0,0.0,26.0,1,0,-0.419
2024-10-28 22:00:00,18.6,72.0,25.3,50.4,420.0,0,0,0.0,26.0,0,0,0.0
2024-10-28 23:00:00,19.8,65.4,24.7,51.9,420.0,0,0,0.0,26.0,0,0,0.0
2024-10-29 00:00:00,16.5,80.6,23.9,54.8,420.0,0,0,0.0,26.0,0,0,0.0
2024-10-29 01:00:00,17.5,77.0,23.2,57.0,420.0,0,0,0.0,26.0,0,0,0.0
2024-10-29 02:00:00,17.9,75.8,22.7,58.9,420.0,0,0,0.0,26.0,0,0,0.0
2024-10-29 03:00:00,17.2,78.2,22.1,60.8,420.0,0,0,0.0,26.0,0,0,0.0
2024-10-29 04:00:00,17.0,74.8,21.6,62.2,420.0,0,0,0.0,26.0,0,0,0.0
2024-10-29 05:00:00,16.9,73.2,21.1,63.3,420.0,0,0,0.0,26.0,0,0,0.0
2024-10-29 06:00:00,17.5,70.2,20.8,64.0,420.0,0,0,0.0,26.0,0,0,0.0
2024-10-29 07:00:00,17.3,71.2,20.4,64.7,420.0,0,0,0.0,26.0,0,0,0.0
2024-10-29 08:00:00,18.3,68.6,20.2,65.1,3087.0,24,1,0.4,26.0,0,0,0.0
2024-10-29 09:00:00,20.8,69.2,24.5,63.7,2553.0,24,1,0.4,26.0,1,0,0.358
2024-10-29 10:00:00,23.7,64.5,25.1,62.2,5000.0,46,1,0.767,26.0,1,0,0.333
2024-10-29 11:00:00,25.5,66.8,25.5,60.9,4615.0,46,1,0.767,26.0,1,0,0.305
2024-10-29 12:00:00,25.3,62.8,25.7,59.4,420.0,0,0,0.0,26.0,1,0,0.338
2024-10-29 13:00:00,25.8,64.6,25.8,58.1,420.0,0,0,0.0,26.0,1,0,0.329
2024-10-29 14:00:00,27.7,64.3,25.9,56.8,4198.0,34,1,0.567,26.0,1,0,0.302
2024-10-29 15:00:00,26.1,61.7,26.0,55.4,3442.0,34,1,0.567,26.0,1,0,0.308
2024-10-29 16:00:00,27.8,58.4,26.0,54.0,5000.0,48,1,0.8,26.0,1,0,0.336
2024-10-29 17:00:00,24.9,61.1,26.0,52.7,4837.0,48,1,0.8,26.0,1,0,0.277
2024-10-29 18:00:00,25.9,65.1,26.0,51.6,420.0,0,0,0.0,26.0,1,0,0.056
2024-10-29 19:00:00,23.2,59.5,26.0,50.3,420.0,0,0,0.0,26.0,1,0,-0.252
2024-10-29 20:00:00,22.7,63.2,26.0,49.2,420.0,0,0,0.0,26.0,1,0,-0.308
2024-10-29 21:00:00,18.8,64.2,25.3,50.7,420.0,0,0,0.0,26.0,0,0,0.0
2024-10-29 22:00:00,20.2,74.2,25.6,49.9,420.0,0,0,0.0,26.0,1,0,0.295
2024-10-29 23:00:00,18.6,72.6,24.9,52.2,420.0,0,0,0.0,26.0,0,0,0.0
2024-10-30 00:00:00,19.2,69.0,24.3,53.9,420.0,0,0,0.0,26.0,0,0,0.0
2024-10-30 01:00:00,17.5,74.9,23.6,56.0,420.0,0,0,0.0,26.0,0,0,0.0
2024-10-30 02:00:00,17.0,74.3,22.9,57.8,420.0,0,0,0.0,26.0,0,0,0.0
2024-10-30 03:00:00,14.8,76.4,22.1,59.7,420.0,0,0,0.0,26.0,0,0,0.0
2024-10-30 04:00:00,18.6,78.3,21.7,61.5,420.0,0,0,0.0,26.0,0,0,0.0
2024-10-30 05:00:00,15.9,70.9,21.2,62.5,420.0,0,0,0.0,26.0,0,0,0.0
2024-10-30 06:00:00,14.9,77.6,20.5,64.0,420.0,0,0,0.0,26.0,0,0,0.0
2024-10-30 07:00:00,17.1,71.0,20.2,64.7,420.0,0,0,0.0,26.0,0,0,0.0
2024-10-30 08:00:00,21.7,65.2,24.5,63.2,5000.0,59,1,0.983,26.0,1,0,0.337
2024-10-30 09:00:00,23.2,67.2,25.1,61.8,5000.0,59,1,0.983,26.0,1,0,0.3
2024-10-30 10:00:00,20.6,65.2,25.5,60.4,2171.0,24,1,0.4,26.0,1,0,0.308
2024-10-30 11:00:00,22.4,65.3,25.7,59.1,2737.0,24,1,0.4,26.0,1,0,0.299
2024-10-30 12:00:00,23.6,56.6,25.8,57.5,420.0,0,0,0.0,26.0,1,0,0.287
2024-10-30 13:00:00,25.0,57.0,25.9,56.0,420.0,0,0,0.0,26.0,1,0,0.294
2024-10-30 14:00:00,26.1,56.7,25.9,54.5,4309.0,35,1,0.583,26.0,1,0,0.333
2024-10-30 15:00:00,25.3,60.5,26.0,53.2,3531.0,35,1,0.583,26.0,1,0,0.244
2024-10-30 16:00:00,25.5,61.0,26.0,51.9,4687.0,44,1,0.733,26.0,1,0,0.27
2024-10-30 17:00:00,26.4,57.6,26.0,50.6,4456.0,44,1,0.733,26.0,1,0,1.692
2024-10-30 18:00:00,24.4,52.4,26.0,49.1,420.0,0,0,0.0,26.0,1,0,-0.117
2024-10-30 19:00:00,23.9,63.1,26.0,48.1,420.0,0,0,0.0,26.0,1,0,-0.173
2024-10-30 20:00:00,20.8,66.9,26.0,47.1,420.0,0,0,0.0,26.0,1,0,-0.52
2024-10-30 21:00:00,22.8,66.6,26.0,46.2,420.0,0,0,0.0,26.0,1,0,-0.296
2024-10-30 22:00:00,18.3,70.6,25.2,48.6,420.0,0,0,0.0,26.0,0,0,0.0
2024-10-30 23:00:00,16.5,70.0,24.3,50.8,420.0,0,0,0.0,26.0,0,0,0.0
2024-10-31 00:00:00,19.3,73.8,23.8,53.1,420.0,0,0,0.0,26.0,0,0,0.0
2024-10-31 01:00:00,13.9,69.5,22.8,54.7,420.0,0,0,0.0,26.0,0,0,0.0
2024-10-31 02:00:00,16.4,78.3,22.2,57.1,420.0,0,0,0.0,26.0,0,0,0.0
2024-10-31 03:00:00,13.6,77.3,21.3,59.1,420.0,0,0,0.0,26.0,0,0,0.0
2024-10-31 04:00:00,18.2,81.4,21.0,61.3,420.0,0,0,0.0,26.0,0,0,0.0
2024-10-31 05:00:00,17.2,76.4,20.6,62.8,420.0,0,0,0.0,26.0,0,0,0.0
2024-10-31 06:00:00,14.3,80.0,20.0,64.6,420.0,0,0,0.0,26.0,0,0,0.0
2024-10-31 07:00:00,17.6,69.2,19.7,65.0,420.0,0,0,0.0,26.0,0,0,0.0
2024-10-31 08:00:00,19.3,74.6,19.7,66.0,3198.0,25,1,0.417,26.0,0,0,0.0
2024-10-31 09:00:00,24.3,68.4,24.5,64.6,2642.0,25,1,0.417,26.0,1,0,0.274
2024-10-31 10:00:00,23.8,66.1,25.1,63.1,5000.0,59,1,0.983,26.0,1,0,0.336
2024-10-31 11:00:00,21.9,68.4,25.5,61.8,5000.0,59,1,0.983,26.0,1,0,0.33
2024-10-31 12:00:00,23.6,66.9,25.7,60.4,420.0,0,0,0.0,26.0,1,0,0.314
2024-10-31 13:00:00,27.3,62.9,25.8,59.0,420.0,0,0,0.0,26.0,1,0,0.285
2024-10-31 14:00:00,28.6,67.0,25.9,57.7,4087.0,33,1,0.55,26.0,1,0,0.332
2024-10-31 15:00:00,25.7,57.6,26.0,56.2,3353.0,33,1,0.55,26.0,1,0,0.262
2024-10-31 16:00:00,23.0,67.0,26.0,55.0,2722.0,26,1,0.433,26.0,1,0,0.351
2024-10-31 17:00:00,24.7,64.5,26.0,53.8,2848.0,26,1,0.433,26.0,1,0,0.284
2024-10-31 18:00:00,23.4,67.0,26.0,52.7,420.0,0,0,0.0,26.0,1,0,-0.229
2024-10-31 19:00:00,22.4,60.4,26.0,51.5,420.0,0,0,0.0,26.0,1,0,-0.341
2024-10-31 20:00:00,22.0,64.3,26.0,50.3,420.0,0,0,0.0,26.0,1,0,-0.386
2024-10-31 21:00:00,21.9,67.8,26.0,49.4,420.0,0,0,0.0,26.0,1,0,-0.397
2024-10-31 22:00:00,20.6,69.2,26.0,48.5,420.0,0,0,0.0,26.0,1,0,-0.543
2024-10-31 23:00:00,17.5,70.2,25.1,50.6,420.0,0,0,0.0,26.0,0,0,0.0
2024-11-01 00:00:00,14.5,74.3,24.1,53.0,420.0,0,0,0.0,26.0,0,0,0.0
2024-11-01 01:00:00,7.7,73.4,22.4,55.0,420.0,0,0,0.0,26.0,0,0,0.0
2024-11-01 02:00:00,10.3,81.3,21.2,57.7,420.0,0,0,0.0,26.0,0,0,0.0
2024-11-01 03:00:00,11.5,73.2,20.2,59.2,420.0,0,0,0.0,26.0,0,0,0.0
2024-11-01 04:00:00,13.8,75.6,19.5,60.9,420.0,0,0,0.0,26.0,0,0,0.0
2024-11-01 05:00:00,12.5,71.5,18.8,61.9,420.0,0,0,0.0,26.0,0,0,0.0
2024-11-01 06:00:00,7.9,69.4,17.7,62.7,420.0,0,0,0.0,26.0,0,0,0.0
2024-11-01 07:00:00,7.6,78.3,16.7,64.2,420.0,0,0,0.0,26.0,0,0,0.0
2024-11-01 08:00:00,14.0,67.3,16.4,64.5,5000.0,49,1,0.817,26.0,0,0,0.0
2024-11-01 09:00:00,15.7,68.6,16.4,64.9,5000.0,49,1,0.817,26.0,0,0,0.0
2024-11-01 10:00:00,17.2,69.6,16.5,65.4,5000.0,45,1,0.75,26.0,0,0,0.0
2024-11-01 11:00:00,17.1,61.4,16.6,65.0,5000.0,45,1,0.75,26.0,0,0,0.0
2024-11-01 12:00:00,19.8,64.8,16.9,65.0,2710.0,0,0,0.0,26.0,0,0,0.0
2024-11-01 13:00:00,19.5,67.6,17.2,65.2,1565.0,0,0,0.0,26.0,0,0,0.0
2024-11-01 14:00:00,19.2,57.6,17.4,64.5,5000.0,60,1,1.0,26.0,0,0,0.0
2024-11-01 15:00:00,20.6,58.0,24.5,62.8,5000.0,60,1,1.0,26.0,1,0,0.294
2024-11-01 16:00:00,20.6,57.8,25.1,61.1,1837.0,21,1,0.35,26.0,1,0,0.29
2024-11-01 17:00:00,18.7,66.7,24.5,61.7,3462.0,21,1,0.35,26.0,0,0,0.0
2024-11-01 18:00:00,17.9,59.9,23.8,61.5,1941.0,0,0,0.0,26.0,0,0,0.0
2024-11-01 19:00:00,19.3,60.8,23.3,61.4,1181.0,0,0,0.0,26.0,0,0,0.0
2024-11-01 20:00:00,15.3,67.7,22.5,62.1,800.0,0,0,0.0,26.0,0,0,0.0
2024-11-01 21:00:00,16.4,71.7,21.9,63.0,610.0,0,0,0.0,26.0,0,0,0.0
2024-11-01 22:00:00,12.6,71.9,21.0,63.9,515.0,0,0,0.0,26.0,0,0,0.0
2024-11-01 23:00:00,11.8,70.2,20.0,64.5,468.0,0,0,0.0,26.0,0,0,0.0
2024-11-02 00:00:00,13.3,72.0,19.4,65.3,444.0,0,0,0.0,26.0,0,0,0.0
2024-11-02 01:00:00,11.1,75.4,18.5,66.3,432.0,0,0,0.0,26.0,0,0,0.0
2024-11-02 02:00:00,8.6,78.6,17.5,67.5,426.0,0,0,0.0,26.0,0,0,0.0
2024-11-02 03:00:00,10.8,70.0,16.8,67.8,423.0,0,0,0.0,26.0,0,0,0.0
2024-11-02 04:00:00,10.6,73.4,16.2,68.3,421.0,0,0,0.0,26.0,0,0,0.0
2024-11-02 05:00:00,12.3,70.6,15.8,68.6,421.0,0,0,0.0,26.0,0,0,0.0
2024-11-02 06:00:00,10.9,74.7,15.3,69.2,420.0,0,0,0.0,26.0,0,0,0.0
2024-11-02 07:00:00,12.6,74.3,15.0,69.7,420.0,0,0,0.0,26.0,0,0,0.0
2024-11-02 08:00:00,11.4,75.0,14.7,70.2,420.0,0,0,0.0,26.0,0,0,0.0
2024-11-02 09:00:00,15.8,72.1,14.8,70.4,420.0,0,0,0.0,26.0,0,0,0.0
2024-11-02 10:00:00,17.6,65.9,15.1,70.0,420.0,0,0,0.0,26.0,0,0,0.0
2024-11-02 11:00:00,15.6,62.3,15.1,69.2,420.0,0,0,0.0,26.0,0,0,0.0
2024-11-02 12:00:00,20.9,66.5,24.5,67.6,420.0,0,0,0.0,26.0,1,0,0.274
2024-11-02 13:00:00,18.4,52.6,23.9,66.1,420.0,0,0,0.0,26.0,0,0,0.0
2024-11-02 14:00:00,19.5,59.4,23.4,65.4,420.0,0,0,0.0,26.0,0,0,0.0
2024-11-02 15:00:00,19.6,61.6,23.0,65.1,420.0,0,0,0.0,26.0,0,0,0.0
2024-11-02 16:00:00,21.1,63.2,24.5,63.5,420.0,0,0,0.0,26.0,1,0,0.346
2024-11-02 17:00:00,20.0,55.7,24.0,62.7,420.0,0,0,0.0,26.0,0,0,0.0
2024-11-02 18:00:00,18.0,69.3,23.4,63.4,420.0,0,0,0.0,26.0,0,0,0.0
2024-11-02 19:00:00,18.1,65.1,22.9,63.6,420.0,0,0,0.0,26.0,0,0,0.0
2024-11-02 20:00:00,16.8,67.2,22.3,63.9,420.0,0,0,0.0,26.0,0,0,0.0
2024-11-02 21:00:00,11.4,67.3,21.2,64.3,420.0,0,0,0.0,26.0,0,0,0.0
2024-11-02 22:00:00,13.6,73.9,20.4,65.2,420.0,0,0,0.0,26.0,0,0,0.0
2024-11-02 23:00:00,12.6,67.1,19.6,65.4,420.0,0,0,0.0,26.0,0,0,0.0
2024-11-03 00:00:00,12.1,71.2,18.8,66.0,420.0,0,0,0.0,26.0,0,0,0.0
2024-11-03 01:00:00,8.8,72.4,17.8,66.6,420.0,0,0,0.0,26.0,0,0,0.0
2024-11-03 02:00:00,11.0,79.5,17.1,67.9,420.0,0,0,0.0,26.0,0,0,0.0
2024-11-03 03:00:00,10.7,77.9,16.5,68.9,420.0,0,0,0.0,26.0,0,0,0.0
2024-11-03 04:00:00,10.9,76.0,15.9,69.6,420.0,0,0,0.0,26.0,0,0,0.0
2024-11-03 05:00:00,11.7,67.7,15.5,69.4,420.0,0,0,0.0,26.0,0,0,0.0
2024-11-03 06:00:00,11.6,70.5,15.1,69.5,420.0,0,0,0.0,26.0,0,0,0.0
2024-11-03 07:00:00,14.2,71.6,15.0,69.7,420.0,0,0,0.0,26.0,0,0,0.0
2024-11-03 08:00:00,13.8,65.6,14.9,69.3,420.0,0,0,0.0,26.0,0,0,0.0
2024-11-03 09:00:00,16.5,69.9,15.0,69.4,420.0,0,0,0.0,26.0,0,0,0.0
2024-11-03 10:00:00,17.1,63.5,15.3,68.8,420.0,0,0,0.0,26.0,0,0,0.0
2024-11-03 11:00:00,16.3,64.7,15.4,68.4,420.0,0,0,0.0,26.0,0,0,0.0
2024-11-03 12:00:00,17.5,63.6,15.6,67.9,420.0,0,0,0.0,26.0,0,0,0.0
2024-11-03 13:00:00,16.1,59.6,15.6,67.1,420.0,0,0,0.0,26.0,0,0,0.0
2024-11-03 14:00:00,22.5,61.6,24.5,65.4,420.0,0,0,0.0,26.0,1,0,0.319
2024-11-03 15:00:00,20.3,66.0,25.1,63.9,420.0,0,0,0.0,26.0,1,0,0.329
2024-11-03 16:00:00,16.3,57.8,24.2,63.3,420.0,0,0,0.0,26.0,0,0,0.0
2024-11-03 17:00:00,18.7,63.6,23.6,63.3,420.0,0,0,0.0,26.0,0,0,0.0
2024-11-03 18:00:00,19.8,59.7,23.3,63.0,420.0,0,0,0.0,26.0,0,0,0.0
2024-11-03 19:00:00,19.0,62.8,22.8,63.0,420.0,0,0,0.0,26.0,0,0,0.0
2024-11-03 20:00:00,18.1,62.8,22.3,62.9,420.0,0,0,0.0,26.0,0,0,0.0
2024-11-03 21:00:00,14.8,66.5,21.6,63.3,420.0,0,0,0.0,26.0,0,0,0.0
2024-11-03 22:00:00,15.3,68.5,20.9,63.8,420.0,0,0,0.0,26.0,0,0,0.0
2024-11-03 23:00:00,12.4,73.5,20.1,64.8,420.0,0,0,0.0,26.0,0,0,0.0
2024-11-04 00:00:00,12.3,76.3,19.3,65.9,420.0,0,0,0.0,26.0,0,0,0.0
2024-11-04 01:00:00,11.0,73.7,18.4,66.7,420.0,0,0,0.0,26.0,0,0,0.0
2024-11-04 02:00:00,9.6,75.8,17.5,67.6,420.0,0,0,0.0,26.0,0,0,0.0
2024-11-04 03:00:00,10.4,75.6,16.8,68.4,420.0,0,0,0.0,26.0,0,0,0.0
2024-11-04 04:00:00,10.2,71.2,16.2,68.7,420.0,0,0,0.0,26.0,0,0,0.0
2024-11-04 05:00:00,11.7,75.5,15.7,69.4,420.0,0,0,0.0,26.0,0,0,0.0
2024-11-04 06:00:00,13.0,73.7,15.4,69.8,420.0,0,0,0.0,26.0,0,0,0.0
2024-11-04 07:00:00,9.9,70.9,14.9,69.9,420.0,0,0,0.0,26.0,0,0,0.0
2024-11-04 08:00:00,13.4,72.3,14.8,70.2,5000.0,56,1,0.933,26.0,0,0,0.0
2024-11-04 09:00:00,11.9,68.1,14.5,70.0,5000.0,56,1,0.933,26.0,0,0,0.0
2024-11-04 10:00:00,17.1,63.9,14.8,69.3,5000.0,22,1,0.367,26.0,0,0,0.0
2024-11-04 11:00:00,17.6,62.1,15.1,68.6,5000.0,22,1,0.367,26.0,0,0,0.0
2024-11-04 12:00:00,17.4,61.1,15.3,67.9,2710.0,0,0,0.0,26.0,0,0,0.0
2024-11-04 13:00:00,18.3,63.1,15.6,67.4,1565.0,0,0,0.0,26.0,0,0,0.0
2024-11-04 14:00:00,18.7,57.6,16.0,66.4,3881.0,26,1,0.433,26.0,0,0,0.0
2024-11-04 15:00:00,22.7,62.9,24.5,64.8,2617.0,26,1,0.433,26.0,1,0,0.271
2024-11-04 16:00:00,17.0,58.0,23.8,64.1,5000.0,40,1,0.667,26.0,0,0,0.0
2024-11-04 17:00:00,19.7,62.0,23.4,63.9,5000.0,40,1,0.667,26.0,0,0,0.0
2024-11-04 18:00:00,16.3,65.8,22.7,64.1,2710.0,0,0,0.0,26.0,0,0,0.0
2024-11-04 19:00:00,18.7,65.4,22.3,64.2,1565.0,0,0,0.0,26.0,0,0,0.0
2024-11-04 20:00:00,18.3,67.3,21.9,64.5,992.0,0,0,0.0,26.0,0,0,0.0
2024-11-04 21:00:00,15.7,72.7,21.2,65.4,706.0,0,0,0.0,26.0,0,0,0.0
2024-11-04 22:00:00,15.4,67.5,20.6,65.6,563.0,0,0,0.0,26.0,0,0,0.0
2024-11-04 23:00:00,13.4,70.0,19.9,66.0,492.0,0,0,0.0,26.0,0,0,0.0
2024-11-05 00:00:00,12.2,75.1,19.1,66.9,456.0,0,0,0.0,26.0,0,0,0.0
2024-11-05 01:00:00,8.6,74.6,18.1,67.7,438.0,0,0,0.0,26.0,0,0,0.0
2024-11-05 02:00:00,10.6,74.4,17.3,68.4,429.0,0,0,0.0,26.0,0,0,0.0
2024-11-05 03:00:00,10.5,78.4,16.6,69.4,424.0,0,0,0.0,26.0,0,0,0.0
2024-11-05 04:00:00,10.1,76.4,15.9,70.1,422.0,0,0,0.0,26.0,0,0,0.0
2024-11-05 05:00:00,12.7,76.3,15.6,70.7,421.0,0,0,0.0,26.0,0,0,0.0
2024-11-05 06:00:00,11.8,70.8,15.2,70.7,421.0,0,0,0.0,26.0,0,0,0.0
2024-11-05 07:00:00,13.5,73.0,15.1,70.9,420.0,0,0,0.0,26.0,0,0,0.0
2024-11-05 08:00:00,15.6,70.2,15.1,70.9,5000.0,45,1,0.75,26.0,0,0,0.0
2024-11-05 09:00:00,12.3,62.9,14.9,70.1,5000.0,45,1,0.75,26.0,0,0,0.0
2024-11-05 10:00:00,17.4,64.2,15.2,69.5,5000.0,28,1,0.467,26.0,0,0,0.0
2024-11-05 11:00:00,18.2,64.3,15.5,69.0,5000.0,28,1,0.467,26.0,0,0,0.0
2024-11-05 12:00:00,18.3,62.1,15.8,68.3,2710.0,0,0,0.0,26.0,0,0,0.0
2024-11-05 13:00:00,18.0,61.0,16.0,67.5,1565.0,0,0,0.0,26.0,0,0,0.0
2024-11-05 14:00:00,19.0,59.2,16.3,66.7,5000.0,40,1,0.667,26.0,0,0,0.0
2024-11-05 15:00:00,19.5,59.3,16.7,66.0,5000.0,40,1,0.667,26.0,0,0,0.0
2024-11-05 16:00:00,21.2,59.9,24.5,64.3,4171.0,42,1,0.7,26.0,1,0,0.304
2024-11-05 17:00:00,20.9,65.7,25.1,62.8,4337.0,42,1,0.7,26.0,1,0,0.313
2024-11-05 18:00:00,19.8,63.9,24.6,62.9,2378.0,0,0,0.0,26.0,0,0,0.0
2024-11-05 19:00:00,18.0,66.6,23.9,63.3,1399.0,0,0,0.0,26.0,0,0,0.0
2024-11-05 20:00:00,16.4,68.9,23.1,63.9,910.0,0,0,0.0,26.0,0,0,0.0
2024-11-05 21:00:00,15.9,66.9,22.4,64.2,665.0,0,0,0.0,26.0,0,0,0.0
2024-11-05 22:00:00,15.0,70.3,21.7,64.8,542.0,0,0,0.0,26.0,0,0,0.0
2024-11-05 23:00:00,12.3,70.6,20.7,65.4,481.0,0,0,0.0,26.0,0,0,0.0
2024-11-06 00:00:00,11.7,76.6,19.8,66.5,451.0,0,0,0.0,26.0,0,0,0.0
2024-11-06 01:00:00,12.0,76.0,19.0,67.4,435.0,0,0,0.0,26.0,0,0,0.0
2024-11-06 02:00:00,11.1,79.5,18.2,68.6,428.0,0,0,0.0,26.0,0,0,0.0
2024-11-06 03:00:00,9.8,72.7,17.3,69.0,424.0,0,0,0.0,26.0,0,0,0.0
2024-11-06 04:00:00,12.1,74.1,16.8,69.6,422.0,0,0,0.0,26.0,0,0,0.0
2024-11-06 05:00:00,9.6,69.5,16.1,69.5,421.0,0,0,0.0,26.0,0,0,0.0
2024-11-06 06:00:00,12.3,68.8,15.7,69.5,420.0,0,0,0.0,26.0,0,0,0.0
2024-11-06 07:00:00,11.4,73.8,15.3,69.9,420.0,0,0,0.0,26.0,0,0,0.0
2024-11-06 08:00:00,14.8,68.1,15.3,69.7,5000.0,56,1,0.933,26.0,0,0,0.0
2024-11-06 09:00:00,14.8,65.4,15.2,69.3,5000.0,56,1,0.933,26.0,0,0,0.0
2024-11-06 10:00:00,15.5,66.7,15.3,69.0,5000.0,43,1,0.717,26.0,0,0,0.0
2024-11-06 11:00:00,16.7,63.3,15.5,68.5,5000.0,43,1,0.717,26.0,0,0,0.0
2024-11-06 12:00:00,16.3,65.7,15.6,68.2,2710.0,0,0,0.0,26.0,0,0,0.0
2024-11-06 13:00:00,20.1,63.5,24.5,66.5,420.0,0,0,0.0,26.0,1,0,0.306
2024-11-06 14:00:00,21.8,57.8,25.1,64.8,5000.0,49,1,0.817,26.0,1,0,0.272
2024-11-06 15:00:00,19.5,54.3,24.6,63.7,5000.0,49,1,0.817,26.0,0,0,0.0
2024-11-06 16:00:00,24.5,59.8,25.2,62.1,1837.0,21,1,0.35,26.0,1,0,0.326
2024-11-06 17:00:00,20.9,57.4,25.5,60.5,2470.0,21,1,0.35,26.0,1,0,0.303
2024-11-06 18:00:00,20.0,67.9,24.9,61.2,1445.0,0,0,0.0,26.0,0,0,0.0
2024-11-06 19:00:00,17.4,61.0,24.2,61.2,932.0,0,0,0.0,26.0,0,0,0.0
2024-11-06 20:00:00,16.1,59.2,23.4,61.0,676.0,0,0,0.0,26.0,0,0,0.0
2024-11-06 21:00:00,14.9,70.5,22.5,61.9,548.0,0,0,0.0,26.0,0,0,0.0
2024-11-06 22:00:00,13.7,69.2,21.6,62.7,484.0,0,0,0.0,26.0,0,0,0.0
2024-11-06 23:00:00,13.3,73.8,20.8,63.8,452.0,0,0,0.0,26.0,0,0,0.0
2024-11-07 00:00:00,9.0,73.9,19.6,64.8,436.0,0,0,0.0,26.0,0,0,0.0
2024-11-07 01:00:00,14.3,70.9,19.0,65.4,428.0,0,0,0.0,26.0,0,0,0.0
2024-11-07 02:00:00,10.0,81.6,18.1,67.0,424.0,0,0,0.0,26.0,0,0,0.0
2024-11-07 03:00:00,11.7,74.5,17.5,67.8,422.0,0,0,0.0,26.0,0,0,0.0
2024-11-07 04:00:00,10.5,75.7,16.8,68.6,421.0,0,0,0.0,26.0,0,0,0.0
2024-11-07 05:00:00,9.5,74.7,16.0,69.2,421.0,0,0,0.0,26.0,0,0,0.0
2024-11-07 06:00:00,11.0,74.0,15.5,69.7,420.0,0,0,0.0,26.0,0,0,0.0
2024-11-07 07:00:00,11.4,68.2,15.1,69.5,420.0,0,0,0.0,26.0,0,0,0.0
2024-11-07 08:00:00,13.6,75.2,15.0,70.1,4420.0,36,1,0.6,26.0,0,0,0.0
2024-11-07 09:00:00,15.1,67.0,15.0,69.8,5000.0,36,1,0.6,26.0,0,0,0.0
2024-11-07 10:00:00,17.4,65.5,15.3,69.3,5000.0,36,1,0.6,26.0,0,0,0.0
2024-11-07 11:00:00,20.3,64.0,24.5,67.7,3504.0,36,1,0.6,26.0,1,0,0.277
2024-11-07 12:00:00,19.6,60.1,24.0,66.9,1962.0,0,0,0.0,26.0,0,0,0.0
2024-11-07 13:00:00,20.1,61.9,24.8,65.3,420.0,0,0,0.0,26.0,1,0,0.255
2024-11-07 14:00:00,19.7,58.8,24.3,64.6,4309.0,35,1,0.583,26.0,0,0,0.0
2024-11-07 15:00:00,19.0,60.8,23.8,64.2,5000.0,35,1,0.583,26.0,0,0,0.0
2024-11-07 16:00:00,20.8,59.9,24.7,62.6,1837.0,21,1,0.35,26.0,1,0,0.315
2024-11-07 17:00:00,19.8,61.0,24.2,62.5,3462.0,21,1,0.35,26.0,0,0,0.0
2024-11-07 18:00:00,18.7,61.7,23.6,62.4,1941.0,0,0,0.0,26.0,0,0,0.0
2024-11-07 19:00:00,17.5,72.1,23.0,63.4,1181.0,0,0,0.0,26.0,0,0,0.0
2024-11-07 20:00:00,16.8,67.9,22.4,63.8,800.0,0,0,0.0,26.0,0,0,0.0
2024-11-07 21:00:00,15.7,67.2,21.7,64.1,610.0,0,0,0.0,26.0,0,0,0.0
2024-11-07 22:00:00,15.6,69.2,21.1,64.7,515.0,0,0,0.0,26.0,0,0,0.0
2024-11-07 23:00:00,14.1,71.0,20.4,65.3,468.0,0,0,0.0,26.0,0,0,0.0
2024-11-08 00:00:00,10.0,74.8,19.3,66.2,444.0,0,0,0.0,26.0,0,0,0.0
2024-11-08 01:00:00,9.0,76.5,18.3,67.3,432.0,0,0,0.0,26.0,0,0,0.0
2024-11-08 02:00:00,8.4,74.8,17.3,68.0,426.0,0,0,0.0,26.0,0,0,0.0
2024-11-08 03:00:00,7.9,84.5,16.3,69.7,423.0,0,0,0.0,26.0,0,0,0.0
2024-11-08 04:00:00,7.7,75.8,15.4,70.3,421.0,0,0,0.0,26.0,0,0,0.0
2024-11-08 05:00:00,12.4,78.0,15.1,71.1,421.0,0,0,0.0,26.0,0,0,0.0
2024-11-08 06:00:00,12.7,72.7,14.9,71.2,420.0,0,0,0.0,26.0,0,0,0.0
2024-11-08 07:00:00,14.5,74.7,14.9,71.6,420.0,0,0,0.0,26.0,0,0,0.0
2024-11-08 08:00:00,14.0,70.8,14.8,71.5,2976.0,23,1,0.383,26.0,0,0,0.0
2024-11-08 09:00:00,14.5,65.3,14.8,70.9,4253.0,23,1,0.383,26.0,0,0,0.0
2024-11-08 10:00:00,18.1,69.9,15.1,70.8,5000.0,30,1,0.5,26.0,0,0,0.0
2024-11-08 11:00:00,16.2,63.5,15.3,70.0,5000.0,30,1,0.5,26.0,0,0,0.0
2024-11-08 12:00:00,18.3,62.2,15.6,69.3,2710.0,0,0,0.0,26.0,0,0,0.0
2024-11-08 13:00:00,19.4,63.9,16.0,68.7,1565.0,0,0,0.0,26.0,0,0,0.0
2024-11-08 14:00:00,18.7,57.7,16.3,67.6,5000.0,58,1,0.967,26.0,0,0,0.0
2024-11-08 15:00:00,21.9,58.6,24.5,65.9,5000.0,58,1,0.967,26.0,1,0,0.359
2024-11-08 16:00:00,17.9,58.8,23.8,65.1,4932.0,20,1,0.333,26.0,0,0,0.0
2024-11-08 17:00:00,18.8,65.7,23.3,65.2,4898.0,20,1,0.333,26.0,0,0,0.0
2024-11-08 18:00:00,19.9,65.8,23.0,65.3,2659.0,0,0,0.0,26.0,0,0,0.0
2024-11-08 19:00:00,18.7,66.8,22.6,65.4,1540.0,0,0,0.0,26.0,0,0,0.0
2024-11-08 20:00:00,15.3,65.3,21.8,65.4,980.0,0,0,0.0,26.0,0,0,0.0
2024-11-08 21:00:00,13.5,67.4,21.0,65.6,700.0,0,0,0.0,26.0,0,0,0.0
2024-11-08 22:00:00,14.7,70.5,20.3,66.1,560.0,0,0,0.0,26.0,0,0,0.0
2024-11-08 23:00:00,14.5,68.6,19.8,66.3,490.0,0,0,0.0,26.0,0,0,0.0
2024-11-09 00:00:00,12.2,69.9,19.0,66.7,455.0,0,0,0.0,26.0,0,0,0.0
2024-11-09 01:00:00,10.8,77.1,18.2,67.7,437.0,0,0,0.0,26.0,0,0,0.0
2024-11-09 02:00:00,9.8,77.4,17.3,68.7,429.0,0,0,0.0,26.0,0,0,0.0
2024-11-09 03:00:00,8.6,71.0,16.4,68.9,424.0,0,0,0.0,26.0,0,0,0.0
2024-11-09 04:00:00,11.0,81.0,15.9,70.1,422.0,0,0,0.0,26.0,0,0,0.0
2024-11-09 05:00:00,9.2,78.6,15.2,71.0,421.0,0,0,0.0,26.0,0,0,0.0
2024-11-09 06:00:00,11.5,69.6,14.8,70.8,421.0,0,0,0.0,26.0,0,0,0.0
2024-11-09 07:00:00,10.8,72.0,14.4,71.0,420.0,0,0,0.0,26.0,0,0,0.0
2024-11-09 08:00:00,13.1,66.1,14.3,70.5,420.0,0,0,0.0,26.0,0,0,0.0
2024-11-09 09:00:00,12.5,65.5,14.1,70.0,420.0,0,0,0.0,26.0,0,0,0.0
2024-11-09 10:00:00,16.6,65.9,14.4,69.6,420.0,0,0,0.0,26.0,0,0,0.0
2024-11-09 11:00:00,16.7,64.6,14.6,69.1,420.0,0,0,0.0,26.0,0,0,0.0
2024-11-09 12:00:00,20.1,63.5,24.5,67.4,420.0,0,0,0.0,26.0,1,0,0.276
2024-11-09 13:00:00,19.1,63.9,24.0,67.1,420.0,0,0,0.0,26.0,0,0,0.0
2024-11-09 14:00:00,18.4,59.6,23.4,66.3,420.0,0,0,0.0,26.0,0,0,0.0
2024-11-09 15:00:00,19.7,56.3,23.0,65.3,420.0,0,0,0.0,26.0,0,0,0.0
2024-11-09 16:00:00,19.2,54.0,22.6,64.2,420.0,0,0,0.0,26.0,0,0,0.0
2024-11-09 17:00:00,22.2,58.3,24.5,62.5,420.0,0,0,0.0,26.0,1,0,0.304
2024-11-09 18:00:00,20.9,62.5,25.1,61.0,420.0,0,0,0.0,26.0,1,0,0.327
2024-11-09 19:00:00,18.3,62.5,24.4,61.2,420.0,0,0,0.0,26.0,0,0,0.0
2024-11-09 20:00:00,16.6,67.9,23.6,61.8,420.0,0,0,0.0,26.0,0,0,0.0
2024-11-09 21:00:00,16.0,70.3,22.8,62.7,420.0,0,0,0.0,26.0,0,0,0.0
2024-11-09 22:00:00,13.2,68.6,21.9,63.3,420.0,0,0,0.0,26.0,0,0,0.0
2024-11-09 23:00:00,10.1,73.6,20.7,64.3,420.0,0,0,0.0,26.0,0,0,0.0
2024-11-10 00:00:00,13.1,78.5,19.9,65.7,420.0,0,0,0.0,26.0,0,0,0.0
2024-11-10 01:00:00,11.1,72.6,19.0,66.4,420.0,0,0,0.0,26.0,0,0,0.0
2024-11-10 02:00:00,7.6,78.9,17.9,67.7,420.0,0,0,0.0,26.0,0,0,0.0
2024-11-10 03:00:00,7.3,75.0,16.8,68.4,420.0,0,0,0.0,26.0,0,0,0.0
2024-11-10 04:00:00,9.8,75.5,16.1,69.1,420.0,0,0,0.0,26.0,0,0,0.0
2024-11-10 05:00:00,10.7,75.3,15.5,69.7,420.0,0,0,0.0,26.0,0,0,0.0
2024-11-10 06:00:00,7.8,73.7,14.7,70.1,420.0,0,0,0.0,26.0,0,0,0.0
2024-11-10 07:00:00,9.2,74.2,14.2,70.5,420.0,0,0,0.0,26.0,0,0,0.0
2024-11-10 08:00:00,12.9,63.6,14.1,69.8,420.0,0,0,0.0,26.0,0,0,0.0
2024-11-10 09:00:00,13.8,66.3,14.0,69.5,420.0,0,0,0.0,26.0,0,0,0.0
2024-11-10 10:00:00,18.1,66.5,14.4,69.2,420.0,0,0,0.0,26.0,0,0,0.0
2024-11-10 11:00:00,18.0,67.5,14.8,69.0,420.0,0,0,0.0,26.0,0,0,0.0
2024-11-10 12:00:00,18.4,64.6,15.2,68.6,420.0,0,0,0.0,26.0,0,0,0.0
2024-11-10 13:00:00,20.4,57.2,24.5,66.7,420.0,0,0,0.0,26.0,1,0,0.27
2024-11-10 14:00:00,22.0,56.0,25.1,64.9,420.0,0,0,0.0,26.0,1,0,0.288
2024-11-10 15:00:00,21.4,55.4,25.5,63.1,420.0,0,0,0.0,26.0,1,0,0.279
2024-11-10 16:00:00,20.7,65.9,25.7,61.7,420.0,0,0,0.0,26.0,1,0,0.324
2024-11-10 17:00:00,19.0,60.3,25.0,61.6,420.0,0,0,0.0,26.0,0,0,0.0
2024-11-10 18:00:00,19.5,61.4,24.4,61.6,420.0,0,0,0.0,26.0,0,0,0.0
2024-11-10 19:00:00,20.2,64.6,25.1,60.1,420.0,0,0,0.0,26.0,1,0,0.332
2024-11-10 20:00:00,15.8,64.3,24.1,60.6,420.0,0,0,0.0,26.0,0,0,0.0
2024-11-10 21:00:00,13.6,66.1,23.0,61.1,420.0,0,0,0.0,26.0,0,0,0.0
2024-11-10 22:00:00,13.2,68.6,22.0,61.9,420.0,0,0,0.0,26.0,0,0,0.0
2024-11-10 23:00:00,11.5,78.3,21.0,63.5,420.0,0,0,0.0,26.0,0,0,0.0
2024-11-11 00:00:00,9.9,74.1,19.9,64.6,420.0,0,0,0.0,26.0,0,0,0.0
2024-11-11 01:00:00,11.6,76.8,19.0,65.8,420.0,0,0,0.0,26.0,0,0,0.0
2024-11-11 02:00:00,10.1,75.0,18.1,66.7,420.0,0,0,0.0,26.0,0,0,0.0
2024-11-11 03:00:00,10.7,76.8,17.4,67.7,420.0,0,0,0.0,26.0,0,0,0.0
2024-11-11 04:00:00,9.8,71.0,16.6,68.0,420.0,0,0,0.0,26.0,0,0,0.0
2024-11-11 05:00:00,10.0,71.5,15.9,68.4,420.0,0,0,0.0,26.0,0,0,0.0
2024-11-11 06:00:00,10.5,73.8,15.4,68.9,420.0,0,0,0.0,26.0,0,0,0.0
2024-11-11 07:00:00,13.0,77.3,15.1,69.8,420.0,0,0,0.0,26.0,0,0,0.0
2024-11-11 08:00:00,12.9,72.4,14.9,70.0,3642.0,29,1,0.483,26.0,0,0,0.0
2024-11-11 09:00:00,15.5,71.9,15.0,70.2,5000.0,29,1,0.483,26.0,0,0,0.0
2024-11-11 10:00:00,17.2,62.9,15.3,69.5,5000.0,50,1,0.833,26.0,0,0,0.0
2024-11-11 11:00:00,14.9,64.9,15.3,69.0,5000.0,50,1,0.833,26.0,0,0,0.0
2024-11-11 12:00:00,17.7,59.4,15.5,68.1,2710.0,0,0,0.0,26.0,0,0,0.0
2024-11-11 13:00:00,17.4,61.6,15.7,67.4,1565.0,0,0,0.0,26.0,0,0,0.0
2024-11-11 14:00:00,22.1,59.0,24.5,65.7,3524.0,30,1,0.5,26.0,1,0,0.304
2024-11-11 15:00:00,20.9,59.7,25.1,64.0,3132.0,30,1,0.5,26.0,1,0,0.28
2024-11-11 16:00:00,17.9,62.5,24.4,63.8,5000.0,39,1,0.65,26.0,0,0,0.0
2024-11-11 17:00:00,17.7,61.1,23.7,63.6,5000.0,39,1,0.65,26.0,0,0,0.0
2024-11-11 18:00:00,18.0,65.0,23.2,63.7,2710.0,0,0,0.0,26.0,0,0,0.0
2024-11-11 19:00:00,15.9,65.2,22.4,63.9,1565.0,0,0,0.0,26.0,0,0,0.0
2024-11-11 20:00:00,15.0,64.4,21.7,63.9,992.0,0,0,0.0,26.0,0,0,0.0
2024-11-11 21:00:00,9.5,74.3,20.4,65.0,706.0,0,0,0.0,26.0,0,0,0.0
2024-11-11 22:00:00,14.5,67.8,19.8,65.2,563.0,0,0,0.0,26.0,0,0,0.0
2024-11-11 23:00:00,10.8,70.5,18.9,65.8,492.0,0,0,0.0,26.0,0,0,0.0
2024-11-12 00:00:00,12.5,68.0,18.3,66.0,456.0,0,0,0.0,26.0,0,0,0.0
2024-11-12 01:00:00,10.5,80.2,17.5,67.4,438.0,0,0,0.0,26.0,0,0,0.0
2024-11-12 02:00:00,8.5,76.0,16.6,68.3,429.0,0,0,0.0,26.0,0,0,0.0
2024-11-12 03:00:00,13.3,77.9,16.2,69.2,424.0,0,0,0.0,26.0,0,0,0.0
2024-11-12 04:00:00,10.4,77.2,15.6,70.0,422.0,0,0,0.0,26.0,0,0,0.0
2024-11-12 05:00:00,10.1,78.8,15.1,70.9,421.0,0,0,0.0,26.0,0,0,0.0
2024-11-12 06:00:00,10.9,67.8,14.7,70.6,421.0,0,0,0.0,26.0,0,0,0.0
2024-11-12 07:00:00,11.9,69.1,14.4,70.4,420.0,0,0,0.0,26.0,0,0,0.0
2024-11-12 08:00:00,13.3,69.3,14.3,70.3,4976.0,41,1,0.683,26.0,0,0,0.0
2024-11-12 09:00:00,16.8,70.1,14.6,70.3,5000.0,41,1,0.683,26.0,0,0,0.0
2024-11-12 10:00:00,16.7,65.9,14.8,69.9,5000.0,59,1,0.983,26.0,0,0,0.0
2024-11-12 11:00:00,15.9,57.5,15.0,68.6,5000.0,59,1,0.983,26.0,0,0,0.0
2024-11-12 12:00:00,18.7,64.7,15.4,68.2,2710.0,0,0,0.0,26.0,0,0,0.0
2024-11-12 13:00:00,19.2,59.5,15.7,67.4,1565.0,0,0,0.0,26.0,0,0,0.0
2024-11-12 14:00:00,20.5,60.0,24.5,65.6,5000.0,60,1,1.0,26.0,1,0,0.289
2024-11-12 15:00:00,22.5,63.7,25.1,64.1,5000.0,60,1,1.0,26.0,1,0,0.285
2024-11-12 16:00:00,21.3,62.5,25.5,62.5,2726.0,29,1,0.483,26.0,1,0,0.277
2024-11-12 17:00:00,17.4,63.1,24.7,62.6,4795.0,29,1,0.483,26.0,0,0,0.0
2024-11-12 18:00:00,19.1,64.2,24.1,62.8,2608.0,0,0,0.0,26.0,0,0,0.0
2024-11-12 19:00:00,18.2,65.4,23.5,63.0,1514.0,0,0,0.0,26.0,0,0,0.0
2024-11-12 20:00:00,20.3,65.7,24.5,61.6,420.0,0,0,0.0,26.0,1,0,0.298
2024-11-12 21:00:00,16.4,66.6,23.7,62.1,420.0,0,0,0.0,26.0,0,0,0.0
2024-11-12 22:00:00,14.9,72.9,22.8,63.2,420.0,0,0,0.0,26.0,0,0,0.0
2024-11-12 23:00:00,13.0,77.0,21.8,64.6,420.0,0,0,0.0,26.0,0,0,0.0
2024-11-13 00:00:00,10.1,72.2,20.6,65.3,420.0,0,0,0.0,26.0,0,0,0.0
2024-11-13 01:00:00,11.0,77.6,19.6,66.6,420.0,0,0,0.0,26.0,0,0,0.0
2024-11-13 02:00:00,10.4,79.6,18.7,67.9,420.0,0,0,0.0,26.0,0,0,0.0
2024-11-13 03:00:00,9.0,72.6,17.7,68.3,420.0,0,0,0.0,26.0,0,0,0.0
2024-11-13 04:00:00,10.6,75.5,17.0,69.0,420.0,0,0,0.0,26.0,0,0,0.0
2024-11-13 05:00:00,11.5,74.8,16.4,69.6,420.0,0,0,0.0,26.0,0,0,0.0
2024-11-13 06:00:00,11.0,73.4,15.9,70.0,420.0,0,0,0.0,26.0,0,0,0.0
2024-11-13 07:00:00,12.5,71.1,15.5,70.1,420.0,0,0,0.0,26.0,0,0,0.0
2024-11-13 08:00:00,13.4,68.9,15.4,70.0,5000.0,48,1,0.8,26.0,0,0,0.0
2024-11-13 09:00:00,16.3,68.6,15.5,69.9,5000.0,48,1,0.8,26.0,0,0,0.0
2024-11-13 10:00:00,19.7,66.4,15.9,69.5,5000.0,43,1,0.717,26.0,0,0,0.0
2024-11-13 11:00:00,16.7,72.0,16.0,69.8,5000.0,43,1,0.717,26.0,0,0,0.0
2024-11-13 12:00:00,19.2,65.3,16.4,69.3,2710.0,0,0,0.0,26.0,0,0,0.0
2024-11-13 13:00:00,20.2,62.9,24.5,67.6,420.0,0,0,0.0,26.0,1,0,0.314
2024-11-13 14:00:00,20.6,57.0,25.1,65.8,5000.0,53,1,0.883,26.0,1,0,0.312
2024-11-13 15:00:00,20.6,56.0,25.5,64.0,5000.0,53,1,0.883,26.0,1,0,0.3
2024-11-13 16:00:00,19.6,58.1,24.9,63.4,5000.0,55,1,0.917,26.0,0,0,0.0
2024-11-13 17:00:00,19.9,62.1,24.4,63.3,5000.0,55,1,0.917,26.0,0,0,0.0
2024-11-13 18:00:00,19.3,63.2,23.9,63.3,2710.0,0,0,0.0,26.0,0,0,0.0
2024-11-13 19:00:00,16.6,63.2,23.2,63.3,1565.0,0,0,0.0,26.0,0,0,0.0
2024-11-13 20:00:00,17.7,69.1,22.6,63.9,992.0,0,0,0.0,26.0,0,0,0.0
2024-11-13 21:00:00,13.3,63.4,21.7,63.8,706.0,0,0,0.0,26.0,0,0,0.0
2024-11-13 22:00:00,12.6,73.2,20.8,64.7,563.0,0,0,0.0,26.0,0,0,0.0
2024-11-13 23:00:00,14.3,69.2,20.1,65.2,492.0,0,0,0.0,26.0,0,0,0.0
2024-11-14 00:00:00,11.9,79.2,19.3,66.6,456.0,0,0,0.0,26.0,0,0,0.0
2024-11-14 01:00:00,11.3,79.2,18.5,67.9,438.0,0,0,0.0,26.0,0,0,0.0
2024-11-14 02:00:00,11.7,73.0,17.8,68.4,429.0,0,0,0.0,26.0,0,0,0.0
2024-11-14 03:00:00,9.7,76.1,17.0,69.1,424.0,0,0,0.0,26.0,0,0,0.0
2024-11-14 04:00:00,10.3,78.5,16.3,70.1,422.0,0,0,0.0,26.0,0,0,0.0
2024-11-14 05:00:00,11.3,66.1,15.8,69.7,421.0,0,0,0.0,26.0,0,0,0.0
2024-11-14 06:00:00,9.5,67.1,15.1,69.4,421.0,0,0,0.0,26.0,0,0,0.0
2024-11-14 07:00:00,12.8,72.7,14.9,69.7,420.0,0,0,0.0,26.0,0,0,0.0
2024-11-14 08:00:00,14.1,67.2,14.8,69.5,3642.0,29,1,0.483,26.0,0,0,0.0
2024-11-14 09:00:00,16.0,70.1,15.0,69.6,5000.0,29,1,0.483,26.0,0,0,0.0
2024-11-14 10:00:00,14.4,61.5,14.9,68.7,5000.0,31,1,0.517,26.0,0,0,0.0
2024-11-14 11:00:00,17.5,69.4,15.2,68.8,5000.0,31,1,0.517,26.0,0,0,0.0
2024-11-14 12:00:00,21.1,64.0,24.5,67.2,420.0,0,0,0.0,26.0,1,0,0.301
2024-11-14 13:00:00,18.2,63.7,23.9,66.8,420.0,0,0,0.0,26.0,0,0,0.0
2024-11-14 14:00:00,19.2,58.0,23.4,65.9,3864.0,31,1,0.517,26.0,0,0,0.0
2024-11-14 15:00:00,16.8,60.3,22.8,65.4,5000.0,31,1,0.517,26.0,0,0,0.0
2024-11-14 16:00:00,18.9,60.6,22.4,64.9,5000.0,49,1,0.817,26.0,0,0,0.0
2024-11-14 17:00:00,15.9,61.6,21.8,64.6,5000.0,49,1,0.817,26.0,0,0,0.0
2024-11-14 18:00:00,14.9,65.6,21.1,64.7,2710.0,0,0,0.0,26.0,0,0,0.0
2024-11-14 19:00:00,18.3,63.2,20.8,64.5,1565.0,0,0,0.0,26.0,0,0,0.0
2024-11-14 20:00:00,17.1,63.0,20.4,64.4,992.0,0,0,0.0,26.0,0,0,0.0
2024-11-14 21:00:00,15.1,70.4,19.9,65.0,706.0,0,0,0.0,26.0,0,0,0.0
2024-11-14 22:00:00,9.1,68.7,18.8,65.3,563.0,0,0,0.0,26.0,0,0,0.0
2024-11-14 23:00:00,12.5,71.4,18.1,66.0,492.0,0,0,0.0,26.0,0,0,0.0
2024-11-15 00:00:00,13.7,70.3,17.7,66.4,456.0,0,0,0.0,26.0,0,0,0.0
2024-11-15 01:00:00,9.7,69.2,16.9,66.7,438.0,0,0,0.0,26.0,0,0,0.0
2024-11-15 02:00:00,12.4,75.0,16.4,67.5,429.0,0,0,0.0,26.0,0,0,0.0
2024-11-15 03:00:00,9.3,75.8,15.7,68.3,424.0,0,0,0.0,26.0,0,0,0.0
2024-11-15 04:00:00,11.1,76.8,15.2,69.2,422.0,0,0,0.0,26.0,0,0,0.0
2024-11-15 05:00:00,14.6,76.3,15.2,69.9,421.0,0,0,0.0,26.0,0,0,0.0
2024-11-15 06:00:00,10.8,72.0,14.7,70.1,421.0,0,0,0.0,26.0,0,0,0.0
2024-11-15 07:00:00,11.9,67.5,14.4,69.8,420.0,0,0,0.0,26.0,0,0,0.0
2024-11-15 08:00:00,13.8,72.4,14.4,70.1,5000.0,48,1,0.8,26.0,0,0,0.0
2024-11-15 09:00:00,14.1,65.6,14.4,69.6,5000.0,48,1,0.8,26.0,0,0,0.0
2024-11-15 10:00:00,18.6,61.6,14.9,68.8,5000.0,41,1,0.683,26.0,0,0,0.0
2024-11-15 11:00:00,14.4,60.5,14.8,68.0,5000.0,41,1,0.683,26.0,0,0,0.0
2024-11-15 12:00:00,16.2,63.5,15.0,67.6,2710.0,0,0,0.0,26.0,0,0,0.0
2024-11-15 13:00:00,18.8,60.4,15.4,66.8,1565.0,0,0,0.0,26.0,0,0,0.0
2024-11-15 14:00:00,21.6,58.2,24.5,65.1,2858.0,24,1,0.4,26.0,1,0,0.298
2024-11-15 15:00:00,21.2,64.5,25.1,63.6,2599.0,24,1,0.4,26.0,1,0,0.269
2024-11-15 16:00:00,19.1,62.5,24.5,63.5,4954.0,31,1,0.517,26.0,0,0,0.0
2024-11-15 17:00:00,19.0,63.8,24.0,63.5,5000.0,31,1,0.517,26.0,0,0,0.0
2024-11-15 18:00:00,16.2,57.4,23.2,62.9,2710.0,0,0,0.0,26.0,0,0,0.0
2024-11-15 19:00:00,16.9,61.3,22.6,62.7,1565.0,0,0,0.0,26.0,0,0,0.0
2024-11-15 20:00:00,15.5,65.3,21.8,63.0,992.0,0,0,0.0,26.0,0,0,0.0
2024-11-15 21:00:00,16.1,66.8,21.3,63.4,706.0,0,0,0.0,26.0,0,0,0.0
2024-11-15 22:00:00,12.5,69.0,20.4,63.9,563.0,0,0,0.0,26.0,0,0,0.0
2024-11-15 23:00:00,11.3,69.2,19.4,64.5,492.0,0,0,0.0,26.0,0,0,0.0
2024-11-16 00:00:00,9.0,73.9,18.4,65.4,456.0,0,0,0.0,26.0,0,0,0.0
2024-11-16 01:00:00,9.8,77.8,17.5,66.6,438.0,0,0,0.0,26.0,0,0,0.0
2024-11-16 02:00:00,8.0,74.1,16.5,67.4,429.0,0,0,0.0,26.0,0,0,0.0
2024-11-16 03:00:00,12.7,73.2,16.2,68.0,424.0,0,0,0.0,26.0,0,0,0.0
2024-11-16 04:00:00,9.8,72.1,15.5,68.4,422.0,0,0,0.0,26.0,0,0,0.0
2024-11-16 05:00:00,8.6,79.6,14.8,69.5,421.0,0,0,0.0,26.0,0,0,0.0
2024-11-16 06:00:00,11.7,74.1,14.5,70.0,421.0,0,0,0.0,26.0,0,0,0.0
2024-11-16 07:00:00,10.0,73.1,14.0,70.3,420.0,0,0,0.0,26.0,0,0,0.0
2024-11-16 08:00:00,15.4,73.5,14.2,70.6,420.0,0,0,0.0,26.0,0,0,0.0
2024-11-16 09:00:00,16.0,64.6,14.4,70.0,420.0,0,0,0.0,26.0,0,0,0.0
2024-11-16 10:00:00,16.8,67.9,14.6,69.8,420.0,0,0,0.0,26.0,0,0,0.0
2024-11-16 11:00:00,14.8,60.6,14.6,68.9,420.0,0,0,0.0,26.0,0,0,0.0
2024-11-16 12:00:00,19.9,65.0,15.2,68.5,420.0,0,0,0.0,26.0,0,0,0.0
2024-11-16 13:00:00,17.0,63.5,15.4,68.0,420.0,0,0,0.0,26.0,0,0,0.0
2024-11-16 14:00:00,20.0,62.6,15.8,67.4,420.0,0,0,0.0,26.0,0,0,0.0
2024-11-16 15:00:00,19.0,61.9,16.2,66.9,420.0,0,0,0.0,26.0,0,0,0.0
2024-11-16 16:00:00,21.1,59.2,24.5,65.2,420.0,0,0,0.0,26.0,1,0,0.304
2024-11-16 17:00:00,19.4,59.1,24.0,64.6,420.0,0,0,0.0,26.0,0,0,0.0
2024-11-16 18:00:00,21.0,62.0,24.8,63.0,420.0,0,0,0.0,26.0,1,0,0.286
2024-11-16 19:00:00,16.1,61.9,23.9,62.9,420.0,0,0,0.0,26.0,0,0,0.0
2024-11-16 20:00:00,16.5,68.2,23.2,63.4,420.0,0,0,0.0,26.0,0,0,0.0
2024-11-16 21:00:00,13.0,73.5,22.1,64.4,420.0,0,0,0.0,26.0,0,0,0.0
2024-11-16 22:00:00,14.2,71.5,21.3,65.1,420.0,0,0,0.0,26.0,0,0,0.0
2024-11-16 23:00:00,12.4,72.1,20.4,65.8,420.0,0,0,0.0,26.0,0,0,0.0
2024-11-17 00:00:00,11.2,76.7,19.5,66.9,420.0,0,0,0.0,26.0,0,0,0.0
2024-11-17 01:00:00,10.7,77.2,18.6,67.9,420.0,0,0,0.0,26.0,0,0,0.0
2024-11-17 02:00:00,9.5,76.3,17.7,68.8,420.0,0,0,0.0,26.0,0,0,0.0
2024-11-17 03:00:00,8.8,79.6,16.8,69.9,420.0,0,0,0.0,26.0,0,0,0.0
2024-11-17 04:00:00,8.9,74.8,16.0,70.4,420.0,0,0,0.0,26.0,0,0,0.0
2024-11-17 05:00:00,10.2,73.9,15.4,70.7,420.0,0,0,0.0,26.0,0,0,0.0
2024-11-17 06:00:00,12.5,72.7,15.1,70.9,420.0,0,0,0.0,26.0,0,0,0.0
2024-11-17 07:00:00,14.6,69.5,15.0,70.8,420.0,0,0,0.0,26.0,0,0,0.0
2024-11-17 08:00:00,14.0,67.7,14.9,70.5,420.0,0,0,0.0,26.0,0,0,0.0
2024-11-17 09:00:00,15.6,68.0,15.0,70.2,420.0,0,0,0.0,26.0,0,0,0.0
2024-11-17 10:00:00,16.1,69.5,15.1,70.1,420.0,0,0,0.0,26.0,0,0,0.0
2024-11-17 11:00:00,16.5,65.8,15.3,69.7,420.0,0,0,0.0,26.0,0,0,0.0
2024-11-17 12:00:00,17.4,62.7,15.5,69.0,420.0,0,0,0.0,26.0,0,0,0.0
2024-11-17 13:00:00,17.5,59.1,15.7,68.0,420.0,0,0,0.0,26.0,0,0,0.0
2024-11-17 14:00:00,19.7,65.7,16.1,67.8,420.0,0,0,0.0,26.0,0,0,0.0
2024-11-17 15:00:00,20.2,65.0,24.5,66.2,420.0,0,0,0.0,26.0,1,0,0.268
2024-11-17 16:00:00,20.2,59.1,25.1,64.5,420.0,0,0,0.0,26.0,1,0,0.309
2024-11-17 17:00:00,21.6,62.4,25.5,62.9,420.0,0,0,0.0,26.0,1,0,0.285
2024-11-17 18:00:00,17.6,63.8,24.7,63.0,420.0,0,0,0.0,26.0,0,0,0.0
2024-11-17 19:00:00,17.1,58.0,23.9,62.5,420.0,0,0,0.0,26.0,0,0,0.0
2024-11-17 20:00:00,17.7,69.2,23.3,63.2,420.0,0,0,0.0,26.0,0,0,0.0
2024-11-17 21:00:00,17.8,69.3,22.7,63.8,420.0,0,0,0.0,26.0,0,0,0.0
2024-11-17 22:00:00,13.3,72.6,21.8,64.7,420.0,0,0,0.0,26.0,0,0,0.0
2024-11-17 23:00:00,13.8,76.9,20.9,65.9,420.0,0,0,0.0,26.0,0,0,0.0
2024-11-18 00:00:00,11.4,73.2,20.0,66.6,420.0,0,0,0.0,26.0,0,0,0.0
2024-11-18 01:00:00,9.6,76.5,18.9,67.6,420.0,0,0,0.0,26.0,0,0,0.0
2024-11-18 02:00:00,7.8,78.1,17.8,68.7,420.0,0,0,0.0,26.0,0,0,0.0
2024-11-18 03:00:00,10.9,77.8,17.1,69.6,420.0,0,0,0.0,26.0,0,0,0.0
2024-11-18 04:00:00,10.4,80.3,16.4,70.6,420.0,0,0,0.0,26.0,0,0,0.0
2024-11-18 05:00:00,12.0,73.1,16.0,70.9,420.0,0,0,0.0,26.0,0,0,0.0
2024-11-18 06:00:00,10.6,71.0,15.4,70.9,420.0,0,0,0.0,26.0,0,0,0.0
2024-11-18 07:00:00,13.3,69.0,15.2,70.7,420.0,0,0,0.0,26.0,0,0,0.0
2024-11-18 08:00:00,15.3,74.0,15.2,71.0,3976.0,32,1,0.533,26.0,0,0,0.0
2024-11-18 09:00:00,13.7,67.4,15.1,70.7,5000.0,32,1,0.533,26.0,0,0,0.0
2024-11-18 10:00:00,16.3,68.6,15.2,70.5,5000.0,21,1,0.35,26.0,0,0,0.0
2024-11-18 11:00:00,19.9,58.9,15.7,69.3,5000.0,21,1,0.35,26.0,0,0,0.0
2024-11-18 12:00:00,18.1,61.5,16.0,68.5,2710.0,0,0,0.0,26.0,0,0,0.0
2024-11-18 13:00:00,17.2,59.6,16.1,67.6,1565.0,0,0,0.0,26.0,0,0,0.0
2024-11-18 14:00:00,20.5,59.4,24.5,65.9,4969.0,43,1,0.717,26.0,1,0,0.305
2024-11-18 15:00:00,17.7,68.6,23.8,66.2,5000.0,43,1,0.717,26.0,0,0,0.0
2024-11-18 16:00:00,20.2,60.6,24.7,64.5,4948.0,49,1,0.817,26.0,1,0,0.32
2024-11-18 17:00:00,17.7,61.9,24.0,64.2,5000.0,49,1,0.817,26.0,0,0,0.0
2024-11-18 18:00:00,18.3,56.7,23.5,63.5,2710.0,0,0,0.0,26.0,0,0,0.0
2024-11-18 19:00:00,15.9,66.4,22.7,63.8,1565.0,0,0,0.0,26.0,0,0,0.0
2024-11-18 20:00:00,19.2,67.0,22.3,64.1,992.0,0,0,0.0,26.0,0,0,0.0
2024-11-18 21:00:00,16.7,67.5,21.8,64.4,706.0,0,0,0.0,26.0,0,0,0.0
2024-11-18 22:00:00,13.6,73.3,20.9,65.3,563.0,0,0,0.0,26.0,0,0,0.0
2024-11-18 23:00:00,15.0,75.9,20.3,66.4,492.0,0,0,0.0,26.0,0,0,0.0
2024-11-19 00:00:00,9.9,73.5,19.3,67.1,456.0,0,0,0.0,26.0,0,0,0.0
2024-11-19 01:00:00,11.1,74.1,18.4,67.8,438.0,0,0,0.0,26.0,0,0,0.0
2024-11-19 02:00:00,10.8,78.2,17.7,68.8,429.0,0,0,0.0,26.0,0,0,0.0
2024-11-19 03:00:00,11.5,81.1,17.0,70.1,424.0,0,0,0.0,26.0,0,0,0.0
2024-11-19 04:00:00,9.7,71.6,16.3,70.2,422.0,0,0,0.0,26.0,0,0,0.0
2024-11-19 05:00:00,11.2,80.6,15.8,71.3,421.0,0,0,0.0,26.0,0,0,0.0
2024-11-19 06:00:00,10.7,75.7,15.3,71.7,421.0,0,0,0.0,26.0,0,0,0.0
2024-11-19 07:00:00,13.5,72.6,15.1,71.8,420.0,0,0,0.0,26.0,0,0,0.0
2024-11-19 08:00:00,13.7,67.3,15.0,71.3,5000.0,54,1,0.9,26.0,0,0,0.0
2024-11-19 09:00:00,11.6,64.7,14.7,70.7,5000.0,54,1,0.9,26.0,0,0,0.0
2024-11-19 10:00:00,15.7,69.2,14.8,70.5,5000.0,59,1,0.983,26.0,0,0,0.0
2024-11-19 11:00:00,17.3,62.4,15.1,69.7,5000.0,59,1,0.983,26.0,0,0,0.0
2024-11-19 12:00:00,17.2,64.3,15.3,69.2,2710.0,0,0,0.0,26.0,0,0,0.0
2024-11-19 13:00:00,21.4,64.3,24.5,67.5,420.0,0,0,0.0,26.0,1,0,0.277
2024-11-19 14:00:00,20.7,55.8,25.1,65.7,4309.0,35,1,0.583,26.0,1,0,0.302
2024-11-19 15:00:00,19.5,65.8,24.6,65.7,5000.0,35,1,0.583,26.0,0,0,0.0
2024-11-19 16:00:00,21.5,55.7,25.2,63.9,5000.0,52,1,0.867,26.0,1,0,0.257
2024-11-19 17:00:00,19.2,62.2,24.6,63.7,5000.0,52,1,0.867,26.0,0,0,0.0
2024-11-19 18:00:00,17.4,55.4,23.9,62.9,2710.0,0,0,0.0,26.0,0,0,0.0
2024-11-19 19:00:00,17.6,61.6,23.2,62.8,1565.0,0,0,0.0,26.0,0,0,0.0
2024-11-19 20:00:00,15.1,64.9,22.4,63.0,992.0,0,0,0.0,26.0,0,0,0.0
2024-11-19 21:00:00,14.8,68.0,21.6,63.5,706.0,0,0,0.0,26.0,0,0,0.0
2024-11-19 22:00:00,12.4,69.4,20.7,64.1,563.0,0,0,0.0,26.0,0,0,0.0
2024-11-19 23:00:00,9.9,72.9,19.6,65.0,492.0,0,0,0.0,26.0,0,0,0.0
2024-11-20 00:00:00,7.2,72.8,18.3,65.7,456.0,0,0,0.0,26.0,0,0,0.0
2024-11-20 01:00:00,12.0,71.8,17.7,66.3,438.0,0,0,0.0,26.0,0,0,0.0
2024-11-20 02:00:00,11.2,79.2,17.0,67.6,429.0,0,0,0.0,26.0,0,0,0.0
2024-11-20 03:00:00,5.0,75.5,15.8,68.4,424.0,0,0,0.0,26.0,0,0,0.0
2024-11-20 04:00:00,5.9,75.4,14.8,69.1,422.0,0,0,0.0,26.0,0,0,0.0
2024-11-20 05:00:00,10.7,67.5,14.4,69.0,421.0,0,0,0.0,26.0,0,0,0.0
2024-11-20 06:00:00,14.4,74.5,14.4,69.5,421.0,0,0,0.0,26.0,0,0,0.0
2024-11-20 07:00:00,11.2,76.4,14.1,70.2,420.0,0,0,0.0,26.0,0,0,0.0
2024-11-20 08:00:00,11.0,66.4,13.8,69.8,5000.0,48,1,0.8,26.0,0,0,0.0
2024-11-20 09:00:00,11.6,73.4,13.6,70.2,5000.0,48,1,0.8,26.0,0,0,0.0
2024-11-20 10:00:00,16.8,67.9,13.9,69.9,5000.0,23,1,0.383,26.0,0,0,0.0
2024-11-20 11:00:00,18.0,65.7,14.4,69.5,5000.0,23,1,0.383,26.0,0,0,0.0
2024-11-20 12:00:00,18.7,63.2,14.8,68.9,2710.0,0,0,0.0,26.0,0,0,0.0
2024-11-20 13:00:00,19.5,59.2,15.3,67.9,1565.0,0,0,0.0,26.0,0,0,0.0
2024-11-20 14:00:00,19.8,61.1,15.8,67.2,5000.0,52,1,0.867,26.0,0,0,0.0
2024-11-20 15:00:00,20.2,55.6,24.5,65.4,5000.0,52,1,0.867,26.0,1,0,0.337
2024-11-20 16:00:00,17.8,63.5,23.8,65.2,5000.0,46,1,0.767,26.0,0,0,0.0
2024-11-20 17:00:00,18.9,62.8,23.4,65.0,5000.0,46,1,0.767,26.0,0,0,0.0
2024-11-20 18:00:00,16.9,57.9,22.7,64.3,2710.0,0,0,0.0,26.0,0,0,0.0
2024-11-20 19:00:00,16.2,63.3,22.1,64.2,1565.0,0,0,0.0,26.0,0,0,0.0
2024-11-20 20:00:00,15.3,69.8,21.4,64.7,992.0,0,0,0.0,26.0,0,0,0.0
2024-11-20 21:00:00,15.3,73.5,20.8,65.6,706.0,0,0,0.0,26.0,0,0,0.0
2024-11-20 22:00:00,14.3,62.8,20.1,65.3,563.0,0,0,0.0,26.0,0,0,0.0
2024-11-20 23:00:00,14.1,67.5,19.5,65.5,492.0,0,0,0.0,26.0,0,0,0.0
2024-11-21 00:00:00,11.8,71.3,18.7,66.1,456.0,0,0,0.0,26.0,0,0,0.0
2024-11-21 01:00:00,13.9,79.2,18.2,67.4,438.0,0,0,0.0,26.0,0,0,0.0
2024-11-21 02:00:00,9.1,75.3,17.3,68.2,429.0,0,0,0.0,26.0,0,0,0.0
2024-11-21 03:00:00,10.4,78.6,16.6,69.3,424.0,0,0,0.0,26.0,0,0,0.0
2024-11-21 04:00:00,10.2,72.7,15.9,69.6,422.0,0,0,0.0,26.0,0,0,0.0
2024-11-21 05:00:00,9.6,74.9,15.3,70.1,421.0,0,0,0.0,26.0,0,0,0.0
2024-11-21 06:00:00,13.3,74.9,15.1,70.6,421.0,0,0,0.0,26.0,0,0,0.0
2024-11-21 07:00:00,11.3,73.9,14.7,70.9,420.0,0,0,0.0,26.0,0,0,0.0
2024-11-21 08:00:00,13.1,72.7,14.6,71.1,5000.0,44,1,0.733,26.0,0,0,0.0
2024-11-21 09:00:00,18.8,66.9,15.0,70.7,5000.0,44,1,0.733,26.0,0,0,0.0
2024-11-21 10:00:00,17.5,63.7,15.3,70.0,5000.0,35,1,0.583,26.0,0,0,0.0
2024-11-21 11:00:00,17.3,64.1,15.5,69.4,5000.0,35,1,0.583,26.0,0,0,0.0
2024-11-21 12:00:00,18.2,69.7,15.8,69.4,2710.0,0,0,0.0,26.0,0,0,0.0
2024-11-21 13:00:00,18.9,62.8,16.1,68.8,1565.0,0,0,0.0,26.0,0,0,0.0
2024-11-21 14:00:00,16.9,61.6,16.2,68.1,3548.0,23,1,0.383,26.0,0,0,0.0
2024-11-21 15:00:00,21.7,58.4,24.5,66.3,2350.0,23,1,0.383,26.0,1,0,0.267
2024-11-21 16:00:00,16.1,60.2,23.7,65.7,5000.0,40,1,0.667,26.0,0,0,0.0
2024-11-21 17:00:00,19.4,63.2,23.3,65.4,5000.0,40,1,0.667,26.0,0,0,0.0
2024-11-21 18:00:00,21.6,61.2,24.5,63.8,420.0,0,0,0.0,26.0,1,0,0.288
2024-11-21 19:00:00,16.2,60.5,23.7,63.5,420.0,0,0,0.0,26.0,0,0,0.0
2024-11-21 20:00:00,16.6,67.4,22.9,63.8,420.0,0,0,0.0,26.0,0,0,0.0
2024-11-21 21:00:00,14.2,70.3,22.1,64.5,420.0,0,0,0.0,26.0,0,0,0.0
2024-11-21 22:00:00,14.4,70.2,21.3,65.1,420.0,0,0,0.0,26.0,0,0,0.0
2024-11-21 23:00:00,11.1,70.6,20.2,65.6,420.0,0,0,0.0,26.0,0,0,0.0
2024-11-22 00:00:00,7.8,74.4,19.0,66.5,420.0,0,0,0.0,26.0,0,0,0.0
2024-11-22 01:00:00,10.7,75.5,18.1,67.4,420.0,0,0,0.0,26.0,0,0,0.0
2024-11-22 02:00:00,10.9,76.9,17.4,68.3,420.0,0,0,0.0,26.0,0,0,0.0
2024-11-22 03:00:00,9.8,76.1,16.6,69.1,420.0,0,0,0.0,26.0,0,0,0.0
2024-11-22 04:00:00,8.1,74.0,15.8,69.6,420.0,0,0,0.0,26.0,0,0,0.0
2024-11-22 05:00:00,10.7,72.7,15.3,69.9,420.0,0,0,0.0,26.0,0,0,0.0
2024-11-22 06:00:00,12.8,71.7,15.0,70.1,420.0,0,0,0.0,26.0,0,0,0.0
2024-11-22 07:00:00,12.8,72.3,14.8,70.3,420.0,0,0,0.0,26.0,0,0,0.0
2024-11-22 08:00:00,14.8,72.8,14.8,70.6,5000.0,60,1,1.0,26.0,0,0,0.0
2024-11-22 09:00:00,16.0,61.7,15.0,69.7,5000.0,60,1,1.0,26.0,0,0,0.0
2024-11-22 10:00:00,18.1,70.5,15.3,69.8,5000.0,32,1,0.533,26.0,0,0,0.0
2024-11-22 11:00:00,16.8,64.7,15.5,69.3,5000.0,32,1,0.533,26.0,0,0,0.0
2024-11-22 12:00:00,17.2,56.5,15.7,68.0,2710.0,0,0,0.0,26.0,0,0,0.0
2024-11-22 13:00:00,18.2,59.5,15.9,67.1,1565.0,0,0,0.0,26.0,0,0,0.0
2024-11-22 14:00:00,19.3,57.4,16.3,66.2,5000.0,59,1,0.983,26.0,0,0,0.0
2024-11-22 15:00:00,18.9,60.0,16.6,65.5,5000.0,59,1,0.983,26.0,0,0,0.0
2024-11-22 16:00:00,18.7,61.9,16.8,65.2,5000.0,58,1,0.967,26.0,0,0,0.0
2024-11-22 17:00:00,20.4,68.2,24.5,63.8,5000.0,58,1,0.967,26.0,1,0,0.332
2024-11-22 18:00:00,20.2,63.1,25.1,62.2,420.0,0,0,0.0,26.0,1,0,0.294
2024-11-22 19:00:00,16.6,64.9,24.2,62.5,420.0,0,0,0.0,26.0,0,0,0.0
2024-11-22 20:00:00,16.8,64.4,23.5,62.7,420.0,0,0,0.0,26.0,0,0,0.0
2024-11-22 21:00:00,16.2,63.8,22.7,62.8,420.0,0,0,0.0,26.0,0,0,0.0
2024-11-22 22:00:00,13.3,71.7,21.8,63.7,420.0,0,0,0.0,26.0,0,0,0.0
2024-11-22 23:00:00,12.1,71.4,20.8,64.5,420.0,0,0,0.0,26.0,0,0,0.0
2024-11-23 00:00:00,11.3,71.2,19.8,65.1,420.0,0,0,0.0,26.0,0,0,0.0
2024-11-23 01:00:00,12.4,71.9,19.1,65.8,420.0,0,0,0.0,26.0,0,0,0.0
2024-11-23 02:00:00,10.6,77.0,18.2,66.9,420.0,0,0,0.0,26.0,0,0,0.0
2024-11-23 03:00:00,8.6,76.2,17.2,67.9,420.0,0,0,0.0,26.0,0,0,0.0
2024-11-23 04:00:00,8.8,79.9,16.4,69.1,420.0,0,0,0.0,26.0,0,0,0.0
2024-11-23 05:00:00,9.0,73.0,15.6,69.5,420.0,0,0,0.0,26.0,0,0,0.0
2024-11-23 06:00:00,9.6,69.6,15.0,69.5,420.0,0,0,0.0,26.0,0,0,0.0
2024-11-23 07:00:00,14.9,73.6,15.0,69.9,420.0,0,0,0.0,26.0,0,0,0.0
2024-11-23 08:00:00,13.9,68.1,14.9,69.7,420.0,0,0,0.0,26.0,0,0,0.0
2024-11-23 09:00:00,16.4,65.5,15.1,69.3,420.0,0,0,0.0,26.0,0,0,0.0
2024-11-23 10:00:00,17.5,63.3,15.3,68.7,420.0,0,0,0.0,26.0,0,0,0.0
2024-11-23 11:00:00,16.5,66.3,15.4,68.4,420.0,0,0,0.0,26.0,0,0,0.0
2024-11-23 12:00:00,19.8,64.1,15.9,68.0,420.0,0,0,0.0,26.0,0,0,0.0
2024-11-23 13:00:00,17.8,59.7,16.1,67.2,420.0,0,0,0.0,26.0,0,0,0.0
2024-11-23 14:00:00,20.1,57.7,24.5,65.4,420.0,0,0,0.0,26.0,1,0,0.271
2024-11-23 15:00:00,22.1,52.8,25.1,63.5,420.0,0,0,0.0,26.0,1,0,0.317
2024-11-23 16:00:00,18.7,58.7,24.4,63.0,420.0,0,0,0.0,26.0,0,0,0.0
2024-11-23 17:00:00,15.1,56.9,23.5,62.4,420.0,0,0,0.0,26.0,0,0,0.0
2024-11-23 18:00:00,19.5,62.4,23.1,62.4,420.0,0,0,0.0,26.0,0,0,0.0
2024-11-23 19:00:00,19.9,68.6,22.8,63.0,420.0,0,0,0.0,26.0,0,0,0.0
2024-11-23 20:00:00,16.9,66.9,22.2,63.4,420.0,0,0,0.0,26.0,0,0,0.0
2024-11-23 21:00:00,15.1,60.0,21.5,63.1,420.0,0,0,0.0,26.0,0,0,0.0
2024-11-23 22:00:00,11.6,70.4,20.5,63.8,420.0,0,0,0.0,26.0,0,0,0.0
2024-11-23 23:00:00,13.4,72.9,19.7,64.7,420.0,0,0,0.0,26.0,0,0,0.0
2024-11-24 00:00:00,10.1,76.5,18.8,65.9,420.0,0,0,0.0,26.0,0,0,0.0
2024-11-24 01:00:00,12.9,77.7,18.2,67.1,420.0,0,0,0.0,26.0,0,0,0.0
2024-11-24 02:00:00,11.7,74.0,17.5,67.8,420.0,0,0,0.0,26.0,0,0,0.0
2024-11-24 03:00:00,11.6,76.4,16.9,68.6,420.0,0,0,0.0,26.0,0,0,0.0
2024-11-24 04:00:00,10.9,76.8,16.3,69.5,420.0,0,0,0.0,26.0,0,0,0.0
2024-11-24 05:00:00,10.5,72.3,15.7,69.7,420.0,0,0,0.0,26.0,0,0,0.0
2024-11-24 06:00:00,11.3,76.6,15.3,70.4,420.0,0,0,0.0,26.0,0,0,0.0
2024-11-24 07:00:00,11.8,74.7,14.9,70.9,420.0,0,0,0.0,26.0,0,0,0.0
2024-11-24 08:00:00,14.8,69.2,14.9,70.7,420.0,0,0,0.0,26.0,0,0,0.0
2024-11-24 09:00:00,17.1,66.9,15.1,70.3,420.0,0,0,0.0,26.0,0,0,0.0
2024-11-24 10:00:00,18.6,67.2,15.5,70.0,420.0,0,0,0.0,26.0,0,0,0.0
2024-11-24 11:00:00,17.5,61.3,15.7,69.1,420.0,0,0,0.0,26.0,0,0,0.0
2024-11-24 12:00:00,18.4,61.7,16.0,68.4,420.0,0,0,0.0,26.0,0,0,0.0
2024-11-24 13:00:00,17.4,60.4,16.1,67.6,420.0,0,0,0.0,26.0,0,0,0.0
2024-11-24 14:00:00,18.6,62.0,16.4,67.0,420.0,0,0,0.0,26.0,0,0,0.0
2024-11-24 15:00:00,22.0,56.3,24.5,65.2,420.0,0,0,0.0,26.0,1,0,0.317
2024-11-24 16:00:00,22.4,59.9,25.1,63.5,420.0,0,0,0.0,26.0,1,0,0.285
2024-11-24 17:00:00,17.9,63.3,24.4,63.5,420.0,0,0,0.0,26.0,0,0,0.0
2024-11-24 18:00:00,17.9,62.1,23.7,63.4,420.0,0,0,0.0,26.0,0,0,0.0
2024-11-24 19:00:00,16.9,61.5,23.0,63.2,420.0,0,0,0.0,26.0,0,0,0.0
2024-11-24 20:00:00,17.4,65.1,22.5,63.4,420.0,0,0,0.0,26.0,0,0,0.0
2024-11-24 21:00:00,12.8,69.7,21.5,64.0,420.0,0,0,0.0,26.0,0,0,0.0
2024-11-24 22:00:00,11.9,66.6,20.5,64.3,420.0,0,0,0.0,26.0,0,0,0.0
2024-11-24 23:00:00,14.3,68.4,19.9,64.7,420.0,0,0,0.0,26.0,0,0,0.0
2024-11-25 00:00:00,8.0,75.5,18.7,65.8,420.0,0,0,0.0,26.0,0,0,0.0
2024-11-25 01:00:00,10.2,74.3,17.8,66.6,420.0,0,0,0.0,26.0,0,0,0.0
2024-11-25 02:00:00,9.7,76.4,17.0,67.6,420.0,0,0,0.0,26.0,0,0,0.0
2024-11-25 03:00:00,8.9,80.4,16.2,68.9,420.0,0,0,0.0,26.0,0,0,0.0
2024-11-25 04:00:00,8.0,77.1,15.3,69.7,420.0,0,0,0.0,26.0,0,0,0.0
2024-11-25 05:00:00,11.6,72.6,15.0,70.0,420.0,0,0,0.0,26.0,0,0,0.0
2024-11-25 06:00:00,9.9,76.7,14.4,70.7,420.0,0,0,0.0,26.0,0,0,0.0
2024-11-25 07:00:00,11.0,70.2,14.1,70.6,420.0,0,0,0.0,26.0,0,0,0.0
2024-11-25 08:00:00,15.0,70.2,14.2,70.6,5000.0,57,1,0.95,26.0,0,0,0.0
2024-11-25 09:00:00,12.3,73.2,14.1,70.8,5000.0,57,1,0.95,26.0,0,0,0.0
2024-11-25 10:00:00,15.5,64.7,14.2,70.2,5000.0,21,1,0.35,26.0,0,0,0.0
2024-11-25 11:00:00,17.9,65.9,14.6,69.8,5000.0,21,1,0.35,26.0,0,0,0.0
2024-11-25 12:00:00,21.5,57.4,24.5,67.9,420.0,0,0,0.0,26.0,1,0,0.287
2024-11-25 13:00:00,20.6,63.3,25.1,66.3,420.0,0,0,0.0,26.0,1,0,0.29
2024-11-25 14:00:00,19.6,62.6,24.6,65.9,4753.0,39,1,0.65,26.0,0,0,0.0
2024-11-25 15:00:00,21.4,55.9,25.2,64.1,3887.0,39,1,0.65,26.0,1,0,0.295
2024-11-25 16:00:00,22.5,55.6,25.5,62.4,5000.0,60,1,1.0,26.0,1,0,0.255
2024-11-25 17:00:00,17.6,60.3,24.7,62.2,5000.0,60,1,1.0,26.0,0,0,0.0
2024-11-25 18:00:00,21.4,61.4,25.2,60.6,420.0,0,0,0.0,26.0,1,0,0.296
2024-11-25 19:00:00,17.5,68.3,24.5,61.4,420.0,0,0,0.0,26.0,0,0,0.0
2024-11-25 20:00:00,15.8,62.4,23.6,61.5,420.0,0,0,0.0,26.0,0,0,0.0
2024-11-25 21:00:00,14.4,72.1,22.6,62.6,420.0,0,0,0.0,26.0,0,0,0.0
2024-11-25 22:00:00,13.8,75.9,21.7,63.9,420.0,0,0,0.0,26.0,0,0,0.0
2024-11-25 23:00:00,13.6,70.1,20.9,64.5,420.0,0,0,0.0,26.0,0,0,0.0
2024-11-26 00:00:00,11.5,71.1,20.0,65.2,420.0,0,0,0.0,26.0,0,0,0.0
2024-11-26 01:00:00,9.7,88.4,18.9,67.5,420.0,0,0,0.0,26.0,0,0,0.0
2024-11-26 02:00:00,11.7,78.3,18.2,68.6,420.0,0,0,0.0,26.0,0,0,0.0
2024-11-26 03:00:00,9.1,80.7,17.3,69.8,420.0,0,0,0.0,26.0,0,0,0.0
2024-11-26 04:00:00,11.8,81.4,16.7,70.9,420.0,0,0,0.0,26.0,0,0,0.0
2024-11-26 05:00:00,13.4,70.5,16.4,70.9,420.0,0,0,0.0,26.0,0,0,0.0
2024-11-26 06:00:00,9.8,70.6,15.7,70.9,420.0,0,0,0.0,26.0,0,0,0.0
2024-11-26 07:00:00,11.1,73.0,15.2,71.1,420.0,0,0,0.0,26.0,0,0,0.0
2024-11-26 08:00:00,12.9,76.3,15.0,71.6,4198.0,34,1,0.567,26.0,0,0,0.0
2024-11-26 09:00:00,17.9,68.0,15.3,71.2,5000.0,34,1,0.567,26.0,0,0,0.0
2024-11-26 10:00:00,19.2,70.4,15.8,71.2,5000.0,39,1,0.65,26.0,0,0,0.0
2024-11-26 11:00:00,16.8,58.0,15.9,69.8,5000.0,39,1,0.65,26.0,0,0,0.0
2024-11-26 12:00:00,18.2,60.4,16.1,68.9,2710.0,0,0,0.0,26.0,0,0,0.0
2024-11-26 13:00:00,19.6,61.3,16.5,68.1,1565.0,0,0,0.0,26.0,0,0,0.0
2024-11-26 14:00:00,19.9,61.8,16.8,67.5,3548.0,23,1,0.383,26.0,0,0,0.0
2024-11-26 15:00:00,18.2,61.2,17.0,66.9,4540.0,23,1,0.383,26.0,0,0,0.0
2024-11-26 16:00:00,19.2,60.9,17.2,66.3,5000.0,24,1,0.4,26.0,0,0,0.0
2024-11-26 17:00:00,20.8,57.4,24.5,64.5,2171.0,24,1,0.4,26.0,1,0,0.343
2024-11-26 18:00:00,18.1,62.0,23.9,64.3,1295.0,0,0,0.0,26.0,0,0,0.0
2024-11-26 19:00:00,16.7,66.7,23.1,64.5,858.0,0,0,0.0,26.0,0,0,0.0
2024-11-26 20:00:00,15.2,64.3,22.3,64.5,639.0,0,0,0.0,26.0,0,0,0.0
2024-11-26 21:00:00,13.9,71.3,21.5,65.2,529.0,0,0,0.0,26.0,0,0,0.0
2024-11-26 22:00:00,13.0,71.5,20.6,65.8,475.0,0,0,0.0,26.0,0,0,0.0
2024-11-26 23:00:00,15.5,71.8,20.1,66.4,447.0,0,0,0.0,26.0,0,0,0.0
2024-11-27 00:00:00,13.1,78.7,19.4,67.6,434.0,0,0,0.0,26.0,0,0,0.0
2024-11-27 01:00:00,12.2,74.9,18.7,68.4,427.0,0,0,0.0,26.0,0,0,0.0
2024-11-27 02:00:00,11.1,71.9,17.9,68.7,423.0,0,0,0.0,26.0,0,0,0.0
2024-11-27 03:00:00,8.8,74.2,17.0,69.3,422.0,0,0,0.0,26.0,0,0,0.0
2024-11-27 04:00:00,13.5,73.3,16.6,69.7,421.0,0,0,0.0,26.0,0,0,0.0
2024-11-27 05:00:00,9.4,71.8,15.9,69.9,420.0,0,0,0.0,26.0,0,0,0.0
2024-11-27 06:00:00,12.3,74.1,15.5,70.3,420.0,0,0,0.0,26.0,0,0,0.0
2024-11-27 07:00:00,14.1,74.0,15.4,70.7,420.0,0,0,0.0,26.0,0,0,0.0
2024-11-27 08:00:00,11.6,67.6,15.0,70.4,5000.0,46,1,0.767,26.0,0,0,0.0
2024-11-27 09:00:00,17.0,67.4,15.3,70.1,5000.0,46,1,0.767,26.0,0,0,0.0
2024-11-27 10:00:00,18.1,65.5,15.6,69.6,5000.0,48,1,0.8,26.0,0,0,0.0
2024-11-27 11:00:00,16.0,63.1,15.6,69.0,5000.0,48,1,0.8,26.0,0,0,0.0
2024-11-27 12:00:00,17.1,60.6,15.8,68.1,2710.0,0,0,0.0,26.0,0,0,0.0
2024-11-27 13:00:00,19.6,62.6,16.2,67.6,1565.0,0,0,0.0,26.0,0,0,0.0
2024-11-27 14:00:00,17.4,60.2,16.3,66.8,5000.0,41,1,0.683,26.0,0,0,0.0
2024-11-27 15:00:00,19.1,58.1,16.6,66.0,5000.0,41,1,0.683,26.0,0,0,0.0
2024-11-27 16:00:00,20.0,58.6,17.0,65.2,5000.0,48,1,0.8,26.0,0,0,0.0
2024-11-27 17:00:00,21.4,64.6,24.5,63.7,4837.0,48,1,0.8,26.0,1,0,0.278
2024-11-27 18:00:00,20.3,60.9,25.1,62.1,420.0,0,0,0.0,26.0,1,0,0.286
2024-11-27 19:00:00,16.1,64.2,24.2,62.3,420.0,0,0,0.0,26.0,0,0,0.0
2024-11-27 20:00:00,16.1,64.1,23.4,62.5,420.0,0,0,0.0,26.0,0,0,0.0
2024-11-27 21:00:00,13.2,67.9,22.3,63.0,420.0,0,0,0.0,26.0,0,0,0.0
2024-11-27 22:00:00,13.1,72.1,21.4,64.0,420.0,0,0,0.0,26.0,0,0,0.0
2024-11-27 23:00:00,13.5,75.3,20.6,65.1,420.0,0,0,0.0,26.0,0,0,0.0
2024-11-28 00:00:00,9.6,74.9,19.5,66.1,420.0,0,0,0.0,26.0,0,0,0.0
2024-11-28 01:00:00,9.6,71.3,18.5,66.6,420.0,0,0,0.0,26.0,0,0,0.0
2024-11-28 02:00:00,9.5,78.9,17.6,67.8,420.0,0,0,0.0,26.0,0,0,0.0
2024-11-28 03:00:00,9.4,80.7,16.7,69.1,420.0,0,0,0.0,26.0,0,0,0.0
2024-11-28 04:00:00,11.0,74.5,16.2,69.6,420.0,0,0,0.0,26.0,0,0,0.0
2024-11-28 05:00:00,12.4,76.3,15.8,70.3,420.0,0,0,0.0,26.0,0,0,0.0
2024-11-28 06:00:00,10.1,79.2,15.2,71.2,420.0,0,0,0.0,26.0,0,0,0.0
2024-11-28 07:00:00,12.9,72.1,15.0,71.3,420.0,0,0,0.0,26.0,0,0,0.0
2024-11-28 08:00:00,12.4,73.6,14.7,71.5,5000.0,49,1,0.817,26.0,0,0,0.0
2024-11-28 09:00:00,15.8,69.9,14.9,71.4,5000.0,49,1,0.817,26.0,0,0,0.0
2024-11-28 10:00:00,15.5,68.4,15.0,71.1,5000.0,46,1,0.767,26.0,0,0,0.0
2024-11-28 11:00:00,18.9,62.0,15.4,70.2,5000.0,46,1,0.767,26.0,0,0,0.0
2024-11-28 12:00:00,16.4,64.1,15.5,69.6,2710.0,0,0,0.0,26.0,0,0,0.0
2024-11-28 13:00:00,17.0,61.5,15.7,68.7,1565.0,0,0,0.0,26.0,0,0,0.0
2024-11-28 14:00:00,19.2,63.9,16.0,68.3,5000.0,53,1,0.883,26.0,0,0,0.0
2024-11-28 15:00:00,19.4,63.3,16.4,67.8,5000.0,53,1,0.883,26.0,0,0,0.0
2024-11-28 16:00:00,19.1,63.3,16.7,67.3,5000.0,22,1,0.367,26.0,0,0,0.0
2024-11-28 17:00:00,22.4,57.9,24.5,65.5,1948.0,22,1,0.367,26.0,1,0,0.272
2024-11-28 18:00:00,19.0,70.6,23.9,66.0,1184.0,0,0,0.0,26.0,0,0,0.0
2024-11-28 19:00:00,17.6,64.2,23.3,65.9,802.0,0,0,0.0,26.0,0,0,0.0
2024-11-28 20:00:00,17.5,66.1,22.7,65.9,611.0,0,0,0.0,26.0,0,0,0.0
2024-11-28 21:00:00,12.4,71.4,21.7,66.4,516.0,0,0,0.0,26.0,0,0,0.0
2024-11-28 22:00:00,10.7,68.8,20.6,66.7,468.0,0,0,0.0,26.0,0,0,0.0
2024-11-28 23:00:00,14.3,70.9,19.9,67.1,444.0,0,0,0.0,26.0,0,0,0.0
2024-11-29 00:00:00,10.4,76.3,19.0,68.0,432.0,0,0,0.0,26.0,0,0,0.0
2024-11-29 01:00:00,9.4,71.3,18.0,68.3,426.0,0,0,0.0,26.0,0,0,0.0
2024-11-29 02:00:00,10.6,75.2,17.2,69.0,423.0,0,0,0.0,26.0,0,0,0.0
2024-11-29 03:00:00,8.1,77.9,16.3,69.9,421.0,0,0,0.0,26.0,0,0,0.0
2024-11-29 04:00:00,10.9,74.6,15.8,70.4,421.0,0,0,0.0,26.0,0,0,0.0
2024-11-29 05:00:00,10.2,76.3,15.2,71.0,420.0,0,0,0.0,26.0,0,0,0.0
2024-11-29 06:00:00,13.3,72.8,15.0,71.2,420.0,0,0,0.0,26.0,0,0,0.0
2024-11-29 07:00:00,13.5,73.7,14.9,71.4,420.0,0,0,0.0,26.0,0,0,0.0
2024-11-29 08:00:00,15.0,70.2,14.9,71.3,5000.0,59,1,0.983,26.0,0,0,0.0
2024-11-29 09:00:00,13.6,66.6,14.8,70.8,5000.0,59,1,0.983,26.0,0,0,0.0
2024-11-29 10:00:00,16.8,71.4,15.0,70.9,5000.0,57,1,0.95,26.0,0,0,0.0
2024-11-29 11:00:00,16.8,66.4,15.3,70.4,5000.0,57,1,0.95,26.0,0,0,0.0
2024-11-29 12:00:00,18.0,62.7,15.5,69.7,2710.0,0,0,0.0,26.0,0,0,0.0
2024-11-29 13:00:00,21.6,63.4,24.5,68.0,420.0,0,0,0.0,26.0,1,0,0.315
2024-11-29 14:00:00,18.0,58.6,23.9,67.0,2642.0,20,1,0.333,26.0,0,0,0.0
2024-11-29 15:00:00,21.9,60.4,24.7,65.3,2198.0,20,1,0.333,26.0,1,0,0.329
2024-11-29 16:00:00,18.1,57.8,24.1,64.6,5000.0,49,1,0.817,26.0,0,0,0.0
2024-11-29 17:00:00,20.4,64.1,24.9,63.1,4948.0,49,1,0.817,26.0,1,0,0.328
2024-11-29 18:00:00,18.6,69.8,24.2,63.7,2684.0,0,0,0.0,26.0,0,0,0.0
2024-11-29 19:00:00,18.7,63.3,23.7,63.7,1552.0,0,0,0.0,26.0,0,0,0.0
2024-11-29 20:00:00,15.1,63.0,22.8,63.6,986.0,0,0,0.0,26.0,0,0,0.0
2024-11-29 21:00:00,15.5,66.5,22.1,63.9,703.0,0,0,0.0,26.0,0,0,0.0
2024-11-29 22:00:00,16.2,74.5,21.5,65.0,562.0,0,0,0.0,26.0,0,0,0.0
2024-11-29 23:00:00,13.4,68.5,20.6,65.3,491.0,0,0,0.0,26.0,0,0,0.0
2024-11-30 00:00:00,10.5,77.4,19.6,66.5,455.0,0,0,0.0,26.0,0,0,0.0
2024-11-30 01:00:00,9.8,78.3,18.6,67.7,438.0,0,0,0.0,26.0,0,0,0.0
2024-11-30 02:00:00,10.9,75.9,17.8,68.5,429.0,0,0,0.0,26.0,0,0,0.0
2024-11-30 03:00:00,8.9,75.7,16.9,69.2,424.0,0,0,0.0,26.0,0,0,0.0
2024-11-30 04:00:00,10.5,78.8,16.3,70.2,422.0,0,0,0.0,26.0,0,0,0.0
2024-11-30 05:00:00,9.3,74.1,15.6,70.6,421.0,0,0,0.0,26.0,0,0,0.0
2024-11-30 06:00:00,11.5,75.6,15.2,71.1,421.0,0,0,0.0,26.0,0,0,0.0
2024-11-30 07:00:00,11.1,68.1,14.7,70.8,420.0,0,0,0.0,26.0,0,0,0.0
2024-11-30 08:00:00,14.7,65.5,14.7,70.3,420.0,0,0,0.0,26.0,0,0,0.0
2024-11-30 09:00:00,16.9,67.5,15.0,70.0,420.0,0,0,0.0,26.0,0,0,0.0
2024-11-30 10:00:00,14.0,64.5,14.9,69.4,420.0,0,0,0.0,26.0,0,0,0.0
2024-11-30 11:00:00,18.1,62.4,15.2,68.7,420.0,0,0,0.0,26.0,0,0,0.0
2024-11-30 12:00:00,18.6,64.6,15.5,68.3,420.0,0,0,0.0,26.0,0,0,0.0
2024-11-30 13:00:00,19.0,58.3,15.9,67.3,420.0,0,0,0.0,26.0,0,0,0.0
2024-11-30 14:00:00,19.4,64.5,16.3,67.0,420.0,0,0,0.0,26.0,0,0,0.0
2024-11-30 15:00:00,22.5,53.9,24.5,65.1,420.0,0,0,0.0,26.0,1,0,0.27
2024-11-30 16:00:00,21.5,61.0,25.1,63.5,420.0,0,0,0.0,26.0,1,0,0.312
2024-11-30 17:00:00,20.7,59.4,25.5,61.9,420.0,0,0,0.0,26.0,1,0,0.334
2024-11-30 18:00:00,15.9,64.1,24.5,62.1,420.0,0,0,0.0,26.0,0,0,0.0
2024-11-30 19:00:00,16.1,59.8,23.6,61.9,420.0,0,0,0.0,26.0,0,0,0.0
2024-11-30 20:00:00,14.3,67.7,22.7,62.5,420.0,0,0,0.0,26.0,0,0,0.0
2024-11-30 21:00:00,15.2,70.3,21.9,63.2,420.0,0,0,0.0,26.0,0,0,0.0
2024-11-30 22:00:00,14.7,68.8,21.2,63.8,420.0,0,0,0.0,26.0,0,0,0.0
2024-11-30 23:00:00,12.4,70.5,20.3,64.5,420.0,0,0,0.0,26.0,0,0,0.0
2024-12-01 00:00:00,6.1,72.8,18.9,65.3,420.0,0,0,0.0,26.0,0,0,0.0
2024-12-01 01:00:00,6.3,80.2,17.6,66.8,420.0,0,0,0.0,26.0,0,0,0.0
2024-12-01 02:00:00,3.9,81.6,16.2,68.3,420.0,0,0,0.0,26.0,0,0,0.0
2024-12-01 03:00:00,5.2,78.7,15.1,69.3,420.0,0,0,0.0,26.0,0,0,0.0
2024-12-01 04:00:00,2.6,72.3,13.8,69.6,420.0,0,0,0.0,26.0,0,0,0.0
2024-12-01 05:00:00,5.9,79.3,13.0,70.6,420.0,0,0,0.0,26.0,0,0,0.0
2024-12-01 06:00:00,5.5,80.7,12.2,71.6,420.0,0,0,0.0,26.0,0,0,0.0
2024-12-01 07:00:00,8.6,71.3,11.9,71.6,420.0,0,0,0.0,26.0,0,0,0.0
2024-12-01 08:00:00,8.8,79.5,11.6,72.4,420.0,0,0,0.0,26.0,0,0,0.0
2024-12-01 09:00:00,8.1,71.6,11.2,72.3,420.0,0,0,0.0,26.0,0,0,0.0
2024-12-01 10:00:00,10.8,70.1,11.2,72.1,420.0,0,0,0.0,26.0,0,0,0.0
2024-12-01 11:00:00,14.4,64.8,11.5,71.3,420.0,0,0,0.0,26.0,0,0,0.0
2024-12-01 12:00:00,15.2,71.0,11.9,71.3,420.0,0,0,0.0,26.0,0,0,0.0
2024-12-01 13:00:00,14.4,65.4,12.1,70.7,420.0,0,0,0.0,26.0,0,0,0.0
2024-12-01 14:00:00,13.9,62.3,12.3,69.9,420.0,0,0,0.0,26.0,0,0,0.0
2024-12-01 15:00:00,14.7,64.4,12.6,69.3,420.0,0,0,0.0,26.0,0,0,0.0
2024-12-01 16:00:00,16.6,61.9,13.0,68.6,420.0,0,0,0.0,26.0,0,0,0.0
2024-12-01 17:00:00,16.6,67.7,13.3,68.5,420.0,0,0,0.0,26.0,0,0,0.0
2024-12-01 18:00:00,14.8,62.8,13.5,67.9,420.0,0,0,0.0,26.0,0,0,0.0
2024-12-01 19:00:00,11.6,63.6,13.3,67.5,420.0,0,0,0.0,26.0,0,0,0.0
2024-12-01 20:00:00,12.7,64.3,13.2,67.2,420.0,0,0,0.0,26.0,0,0,0.0
2024-12-01 21:00:00,11.0,66.8,13.0,67.1,420.0,0,0,0.0,26.0,0,0,0.0
2024-12-01 22:00:00,9.9,72.1,12.7,67.6,420.0,0,0,0.0,26.0,0,0,0.0
2024-12-01 23:00:00,9.5,77.4,12.4,68.6,420.0,0,0,0.0,26.0,0,0,0.0
2024-12-02 00:00:00,8.6,80.0,12.0,69.7,420.0,0,0,0.0,26.0,0,0,0.0
2024-12-02 01:00:00,5.9,73.5,11.4,70.1,420.0,0,0,0.0,26.0,0,0,0.0
2024-12-02 02:00:00,3.6,71.5,10.6,70.3,420.0,0,0,0.0,26.0,0,0,0.0
2024-12-02 03:00:00,3.4,78.2,9.9,71.1,420.0,0,0,0.0,26.0,0,0,0.0
2024-12-02 04:00:00,4.3,77.2,9.3,71.7,420.0,0,0,0.0,26.0,0,0,0.0
2024-12-02 05:00:00,6.4,76.0,9.0,72.1,420.0,0,0,0.0,26.0,0,0,0.0
2024-12-02 06:00:00,4.8,75.5,8.6,72.4,420.0,0,0,0.0,26.0,0,0,0.0
2024-12-02 07:00:00,6.2,73.2,8.3,72.5,420.0,0,0,0.0,26.0,0,0,0.0
2024-12-02 08:00:00,10.7,71.3,8.6,72.4,5000.0,47,1,0.783,26.0,0,0,0.0
2024-12-02 09:00:00,12.7,74.3,9.0,72.6,5000.0,47,1,0.783,26.0,0,0,0.0
2024-12-02 10:00:00,10.4,64.6,9.2,71.8,5000.0,30,1,0.5,26.0,0,0,0.0
2024-12-02 11:00:00,12.4,69.5,9.6,71.6,5000.0,30,1,0.5,26.0,0,0,0.0
2024-12-02 12:00:00,12.8,67.1,9.9,71.1,2710.0,0,0,0.0,26.0,0,0,0.0
2024-12-02 13:00:00,16.1,60.7,10.5,70.1,1565.0,0,0,0.0,26.0,0,0,0.0
2024-12-02 14:00:00,13.8,64.4,10.9,69.5,4659.0,33,1,0.55,26.0,0,0,0.0
2024-12-02 15:00:00,15.2,59.9,11.3,68.5,5000.0,33,1,0.55,26.0,0,0,0.0
2024-12-02 16:00:00,14.3,62.1,11.7,67.9,5000.0,33,1,0.55,26.0,0,0,0.0
2024-12-02 17:00:00,12.0,65.4,11.7,67.6,5000.0,33,1,0.55,26.0,0,0,0.0
2024-12-02 18:00:00,12.8,56.0,11.8,66.5,2710.0,0,0,0.0,26.0,0,0,0.0
2024-12-02 19:00:00,12.5,63.8,11.9,66.2,1565.0,0,0,0.0,26.0,0,0,0.0
2024-12-02 20:00:00,13.8,66.2,12.1,66.2,992.0,0,0,0.0,26.0,0,0,0.0
2024-12-02 21:00:00,8.4,71.5,11.7,66.7,706.0,0,0,0.0,26.0,0,0,0.0
2024-12-02 22:00:00,7.7,69.7,11.3,67.0,563.0,0,0,0.0,26.0,0,0,0.0
2024-12-02 23:00:00,8.3,70.9,11.0,67.4,492.0,0,0,0.0,26.0,0,0,0.0
2024-12-03 00:00:00,4.3,80.8,10.3,68.8,456.0,0,0,0.0,26.0,0,0,0.0
2024-12-03 01:00:00,6.5,76.1,9.9,69.5,438.0,0,0,0.0,26.0,0,0,0.0
2024-12-03 02:00:00,5.2,79.2,9.5,70.5,429.0,0,0,0.0,26.0,0,0,0.0
2024-12-03 03:00:00,6.5,75.7,9.2,71.0,424.0,0,0,0.0,26.0,0,0,0.0
2024-12-03 04:00:00,5.7,76.2,8.8,71.5,422.0,0,0,0.0,26.0,0,0,0.0
2024-12-03 05:00:00,5.4,77.4,8.5,72.1,421.0,0,0,0.0,26.0,0,0,0.0
2024-12-03 06:00:00,6.5,77.9,8.3,72.7,421.0,0,0,0.0,26.0,0,0,0.0
2024-12-03 07:00:00,8.2,69.5,8.3,72.4,420.0,0,0,0.0,26.0,0,0,0.0
2024-12-03 08:00:00,6.7,71.0,8.1,72.2,3198.0,25,1,0.417,26.0,0,0,0.0
2024-12-03 09:00:00,12.7,67.4,8.6,71.7,4587.0,25,1,0.417,26.0,0,0,0.0
2024-12-03 10:00:00,11.0,66.3,8.9,71.2,5000.0,59,1,0.983,26.0,0,0,0.0
2024-12-03 11:00:00,11.7,66.5,9.2,70.7,5000.0,59,1,0.983,26.0,0,0,0.0
2024-12-03 12:00:00,15.6,65.7,9.9,70.2,2710.0,0,0,0.0,26.0,0,0,0.0
2024-12-03 13:00:00,13.1,71.3,10.2,70.3,1565.0,0,0,0.0,26.0,0,0,0.0
2024-12-03 14:00:00,14.9,60.5,10.7,69.4,5000.0,46,1,0.767,26.0,0,0,0.0
2024-12-03 15:00:00,17.1,60.6,11.4,68.5,5000.0,46,1,0.767,26.0,0,0,0.0
2024-12-03 16:00:00,17.3,59.7,12.0,67.6,5000.0,42,1,0.7,26.0,0,0,0.0
2024-12-03 17:00:00,16.5,63.7,12.5,67.2,5000.0,42,1,0.7,26.0,0,0,0.0
2024-12-03 18:00:00,15.5,70.0,12.8,67.5,2710.0,0,0,0.0,26.0,0,0,0.0
2024-12-03 19:00:00,10.8,69.8,12.6,67.7,1565.0,0,0,0.0,26.0,0,0,0.0
2024-12-03 20:00:00,9.2,64.8,12.2,67.4,992.0,0,0,0.0,26.0,0,0,0.0
2024-12-03 21:00:00,8.8,71.5,11.9,67.8,706.0,0,0,0.0,26.0,0,0,0.0
2024-12-03 22:00:00,8.8,71.6,11.6,68.2,563.0,0,0,0.0,26.0,0,0,0.0
2024-12-03 23:00:00,7.7,75.8,11.2,69.0,492.0,0,0,0.0,26.0,0,0,0.0
2024-12-04 00:00:00,7.5,78.9,10.8,70.0,456.0,0,0,0.0,26.0,0,0,0.0
2024-12-04 01:00:00,8.4,76.9,10.6,70.7,438.0,0,0,0.0,26.0,0,0,0.0
2024-12-04 02:00:00,4.4,79.6,9.9,71.6,429.0,0,0,0.0,26.0,0,0,0.0
2024-12-04 03:00:00,3.3,76.0,9.3,72.0,424.0,0,0,0.0,26.0,0,0,0.0
2024-12-04 04:00:00,6.7,77.4,9.0,72.5,422.0,0,0,0.0,26.0,0,0,0.0
2024-12-04 05:00:00,3.9,72.5,8.5,72.5,421.0,0,0,0.0,26.0,0,0,0.0
2024-12-04 06:00:00,6.5,79.1,8.3,73.2,421.0,0,0,0.0,26.0,0,0,0.0
2024-12-04 07:00:00,9.2,74.3,8.4,73.3,420.0,0,0,0.0,26.0,0,0,0.0
2024-12-04 08:00:00,11.7,71.8,8.7,73.2,4309.0,35,1,0.583,26.0,0,0,0.0
2024-12-04 09:00:00,9.8,62.3,8.9,72.1,5000.0,35,1,0.583,26.0,0,0,0.0
2024-12-04 10:00:00,10.6,70.5,9.1,71.9,5000.0,25,1,0.417,26.0,0,0,0.0
2024-12-04 11:00:00,14.8,63.5,9.7,71.1,5000.0,25,1,0.417,26.0,0,0,0.0
2024-12-04 12:00:00,14.2,67.5,10.1,70.7,2710.0,0,0,0.0,26.0,0,0,0.0
2024-12-04 13:00:00,14.3,56.2,10.6,69.3,1565.0,0,0,0.0,26.0,0,0,0.0
2024-12-04 14:00:00,15.2,64.6,11.1,68.8,5000.0,44,1,0.733,26.0,0,0,0.0
2024-12-04 15:00:00,13.6,61.2,11.3,68.0,5000.0,44,1,0.733,26.0,0,0,0.0
2024-12-04 16:00:00,13.1,54.6,11.6,66.7,5000.0,50,1,0.833,26.0,0,0,0.0
2024-12-04 17:00:00,15.9,63.1,12.0,66.3,5000.0,50,1,0.833,26.0,0,0,0.0
2024-12-04 18:00:00,15.9,66.9,12.4,66.4,2710.0,0,0,0.0,26.0,0,0,0.0
2024-12-04 19:00:00,12.0,65.8,12.4,66.3,1565.0,0,0,0.0,26.0,0,0,0.0
2024-12-04 20:00:00,12.1,70.8,12.4,66.8,992.0,0,0,0.0,26.0,0,0,0.0
2024-12-04 21:00:00,10.5,73.3,12.2,67.4,706.0,0,0,0.0,26.0,0,0,0.0
2024-12-04 22:00:00,8.3,69.1,11.8,67.6,563.0,0,0,0.0,26.0,0,0,0.0
2024-12-04 23:00:00,7.4,74.6,11.3,68.3,492.0,0,0,0.0,26.0,0,0,0.0
2024-12-05 00:00:00,4.7,71.6,10.7,68.6,456.0,0,0,0.0,26.0,0,0,0.0
2024-12-05 01:00:00,6.3,75.7,10.2,69.3,438.0,0,0,0.0,26.0,0,0,0.0
2024-12-05 02:00:00,4.9,76.6,9.7,70.1,429.0,0,0,0.0,26.0,0,0,0.0
2024-12-05 03:00:00,7.3,81.8,9.4,71.2,424.0,0,0,0.0,26.0,0,0,0.0
2024-12-05 04:00:00,3.3,76.1,8.8,71.7,422.0,0,0,0.0,26.0,0,0,0.0
2024-12-05 05:00:00,6.9,78.7,8.6,72.4,421.0,0,0,0.0,26.0,0,0,0.0
2024-12-05 06:00:00,6.4,72.2,8.4,72.4,421.0,0,0,0.0,26.0,0,0,0.0
2024-12-05 07:00:00,6.5,72.4,8.2,72.4,420.0,0,0,0.0,26.0,0,0,0.0
2024-12-05 08:00:00,9.1,77.2,8.3,72.9,5000.0,55,1,0.917,26.0,0,0,0.0
2024-12-05 09:00:00,9.0,66.9,8.4,72.3,5000.0,55,1,0.917,26.0,0,0,0.0
2024-12-05 10:00:00,11.1,71.0,8.7,72.2,5000.0,53,1,0.883,26.0,0,0,0.0
2024-12-05 11:00:00,10.3,70.4,8.9,72.0,5000.0,53,1,0.883,26.0,0,0,0.0
2024-12-05 12:00:00,13.3,62.1,9.4,71.0,2710.0,0,0,0.0,26.0,0,0,0.0
2024-12-05 13:00:00,11.9,65.2,9.6,70.4,1565.0,0,0,0.0,26.0,0,0,0.0
2024-12-05 14:00:00,14.6,62.8,10.2,69.6,5000.0,58,1,0.967,26.0,0,0,0.0
2024-12-05 15:00:00,13.6,61.0,10.6,68.8,5000.0,58,1,0.967,26.0,0,0,0.0
2024-12-05 16:00:00,14.1,62.0,10.9,68.1,5000.0,34,1,0.567,26.0,0,0,0.0
2024-12-05 17:00:00,13.3,58.5,11.2,67.1,5000.0,34,1,0.567,26.0,0,0,0.0
2024-12-05 18:00:00,17.6,60.3,11.9,66.5,2710.0,0,0,0.0,26.0,0,0,0.0
2024-12-05 19:00:00,12.8,60.7,11.9,65.9,1565.0,0,0,0.0,26.0,0,0,0.0
2024-12-05 20:00:00,8.3,68.2,11.6,66.1,992.0,0,0,0.0,26.0,0,0,0.0
2024-12-05 21:00:00,10.3,73.8,11.4,66.9,706.0,0,0,0.0,26.0,0,0,0.0
2024-12-05 22:00:00,9.3,71.6,11.2,67.4,563.0,0,0,0.0,26.0,0,0,0.0
2024-12-05 23:00:00,6.1,78.5,10.7,68.5,492.0,0,0,0.0,26.0,0,0,0.0
2024-12-06 00:00:00,7.9,71.9,10.4,68.8,456.0,0,0,0.0,26.0,0,0,0.0
2024-12-06 01:00:00,5.7,77.4,9.9,69.7,438.0,0,0,0.0,26.0,0,0,0.0
2024-12-06 02:00:00,4.7,80.0,9.4,70.7,429.0,0,0,0.0,26.0,0,0,0.0
2024-12-06 03:00:00,6.2,77.4,9.1,71.4,424.0,0,0,0.0,26.0,0,0,0.0
2024-12-06 04:00:00,4.7,82.2,8.6,72.5,422.0,0,0,0.0,26.0,0,0,0.0
2024-12-06 05:00:00,7.1,77.1,8.5,72.9,421.0,0,0,0.0,26.0,0,0,0.0
2024-12-06 06:00:00,4.0,76.7,8.0,73.3,421.0,0,0,0.0,26.0,0,0,0.0
2024-12-06 07:00:00,8.5,65.7,8.1,72.5,420.0,0,0,0.0,26.0,0,0,0.0
2024-12-06 08:00:00,9.1,70.8,8.2,72.4,5000.0,56,1,0.933,26.0,0,0,0.0
2024-12-06 09:00:00,9.7,67.3,8.4,71.9,5000.0,56,1,0.933,26.0,0,0,0.0
2024-12-06 10:00:00,11.1,72.1,8.7,71.9,5000.0,27,1,0.45,26.0,0,0,0.0
2024-12-06 11:00:00,11.8,68.9,9.0,71.6,5000.0,27,1,0.45,26.0,0,0,0.0
2024-12-06 12:00:00,12.3,66.6,9.4,71.1,2710.0,0,0,0.0,26.0,0,0,0.0
2024-12-06 13:00:00,14.3,64.1,9.9,70.4,1565.0,0,0,0.0,26.0,0,0,0.0
2024-12-06 14:00:00,14.8,64.2,10.4,69.8,5000.0,37,1,0.617,26.0,0,0,0.0
2024-12-06 15:00:00,11.1,57.7,10.5,68.6,5000.0,37,1,0.617,26.0,0,0,0.0
2024-12-06 16:00:00,15.5,56.1,11.0,67.3,5000.0,46,1,0.767,26.0,0,0,0.0
2024-12-06 17:00:00,13.5,62.9,11.3,66.9,5000.0,46,1,0.767,26.0,0,0,0.0
2024-12-06 18:00:00,12.3,62.3,11.4,66.4,2710.0,0,0,0.0,26.0,0,0,0.0
2024-12-06 19:00:00,12.9,69.0,11.6,66.7,1565.0,0,0,0.0,26.0,0,0,0.0
2024-12-06 20:00:00,9.9,66.2,11.4,66.6,992.0,0,0,0.0,26.0,0,0,0.0
2024-12-06 21:00:00,8.9,62.7,11.1,66.2,706.0,0,0,0.0,26.0,0,0,0.0
2024-12-06 22:00:00,8.9,74.9,10.9,67.1,563.0,0,0,0.0,26.0,0,0,0.0
2024-12-06 23:00:00,9.0,71.4,10.7,67.5,492.0,0,0,0.0,26.0,0,0,0.0
2024-12-07 00:00:00,4.6,75.7,10.1,68.3,456.0,0,0,0.0,26.0,0,0,0.0
2024-12-07 01:00:00,6.9,77.4,9.8,69.3,438.0,0,0,0.0,26.0,0,0,0.0
2024-12-07 02:00:00,5.6,81.2,9.4,70.4,429.0,0,0,0.0,26.0,0,0,0.0
2024-12-07 03:00:00,3.9,77.3,8.8,71.1,424.0,0,0,0.0,26.0,0,0,0.0
2024-12-07 04:00:00,7.6,77.1,8.7,71.7,422.0,0,0,0.0,26.0,0,0,0.0
2024-12-07 05:00:00,3.8,74.9,8.2,72.0,421.0,0,0,0.0,26.0,0,0,0.0
2024-12-07 06:00:00,5.1,76.7,7.9,72.5,421.0,0,0,0.0,26.0,0,0,0.0
2024-12-07 07:00:00,6.2,74.8,7.7,72.7,420.0,0,0,0.0,26.0,0,0,0.0
2024-12-07 08:00:00,7.6,65.7,7.7,72.0,420.0,0,0,0.0,26.0,0,0,0.0
2024-12-07 09:00:00,10.5,70.4,8.0,71.9,420.0,0,0,0.0,26.0,0,0,0.0
2024-12-07 10:00:00,12.1,65.9,8.4,71.3,420.0,0,0,0.0,26.0,0,0,0.0
2024-12-07 11:00:00,11.3,67.2,8.7,70.9,420.0,0,0,0.0,26.0,0,0,0.0
2024-12-07 12:00:00,15.8,64.4,9.4,70.2,420.0,0,0,0.0,26.0,0,0,0.0
2024-12-07 13:00:00,15.0,62.1,10.0,69.4,420.0,0,0,0.0,26.0,0,0,0.0
2024-12-07 14:00:00,12.5,65.2,10.2,69.0,420.0,0,0,0.0,26.0,0,0,0.0
2024-12-07 15:00:00,16.4,64.1,10.9,68.5,420.0,0,0,0.0,26.0,0,0,0.0
2024-12-07 16:00:00,14.6,64.1,11.2,68.1,420.0,0,0,0.0,26.0,0,0,0.0
2024-12-07 17:00:00,15.7,67.9,11.7,68.0,420.0,0,0,0.0,26.0,0,0,0.0
2024-12-07 18:00:00,15.0,64.5,12.0,67.7,420.0,0,0,0.0,26.0,0,0,0.0
2024-12-07 19:00:00,10.5,66.5,11.9,67.6,420.0,0,0,0.0,26.0,0,0,0.0
2024-12-07 20:00:00,11.7,70.1,11.9,67.8,420.0,0,0,0.0,26.0,0,0,0.0
2024-12-07 21:00:00,12.0,69.7,11.9,68.0,420.0,0,0,0.0,26.0,0,0,0.0
2024-12-07 22:00:00,11.9,66.8,11.9,67.9,420.0,0,0,0.0,26.0,0,0,0.0
2024-12-07 23:00:00,8.1,71.6,11.5,68.3,420.0,0,0,0.0,26.0,0,0,0.0
2024-12-08 00:00:00,3.6,75.1,10.7,68.9,420.0,0,0,0.0,26.0,0,0,0.0
2024-12-08 01:00:00,3.5,76.4,10.0,69.7,420.0,0,0,0.0,26.0,0,0,0.0
2024-12-08 02:00:00,5.2,81.1,9.5,70.8,420.0,0,0,0.0,26.0,0,0,0.0
2024-12-08 03:00:00,2.7,80.7,8.8,71.8,420.0,0,0,0.0,26.0,0,0,0.0
2024-12-08 04:00:00,5.3,80.8,8.4,72.7,420.0,0,0,0.0,26.0,0,0,0.0
2024-12-08 05:00:00,5.0,72.9,8.1,72.7,420.0,0,0,0.0,26.0,0,0,0.0
2024-12-08 06:00:00,4.6,71.8,7.7,72.6,420.0,0,0,0.0,26.0,0,0,0.0
2024-12-08 07:00:00,8.2,78.4,7.8,73.2,420.0,0,0,0.0,26.0,0,0,0.0
2024-12-08 08:00:00,7.9,74.0,7.8,73.3,420.0,0,0,0.0,26.0,0,0,0.0
2024-12-08 09:00:00,7.7,70.5,7.8,73.0,420.0,0,0,0.0,26.0,0,0,0.0
2024-12-08 10:00:00,12.3,63.6,8.3,72.1,420.0,0,0,0.0,26.0,0,0,0.0
2024-12-08 11:00:00,12.2,68.1,8.7,71.7,420.0,0,0,0.0,26.0,0,0,0.0
2024-12-08 12:00:00,9.1,68.3,8.7,71.3,420.0,0,0,0.0,26.0,0,0,0.0
2024-12-08 13:00:00,14.9,65.2,9.3,70.7,420.0,0,0,0.0,26.0,0,0,0.0
2024-12-08 14:00:00,14.2,57.1,9.8,69.4,420.0,0,0,0.0,26.0,0,0,0.0
2024-12-08 15:00:00,15.8,61.8,10.4,68.6,420.0,0,0,0.0,26.0,0,0,0.0
2024-12-08 16:00:00,14.9,65.5,10.9,68.3,420.0,0,0,0.0,26.0,0,0,0.0
2024-12-08 17:00:00,15.5,68.8,11.4,68.3,420.0,0,0,0.0,26.0,0,0,0.0
2024-12-08 18:00:00,13.8,62.3,11.6,67.7,420.0,0,0,0.0,26.0,0,0,0.0
2024-12-08 19:00:00,12.2,67.2,11.7,67.7,420.0,0,0,0.0,26.0,0,0,0.0
2024-12-08 20:00:00,12.8,63.5,11.8,67.3,420.0,0,0,0.0,26.0,0,0,0.0
2024-12-08 21:00:00,10.0,74.8,11.6,68.0,420.0,0,0,0.0,26.0,0,0,0.0
2024-12-08 22:00:00,8.3,74.9,11.3,68.7,420.0,0,0,0.0,26.0,0,0,0.0
2024-12-08 23:00:00,8.2,76.9,11.0,69.5,420.0,0,0,0.0,26.0,0,0,0.0
2024-12-09 00:00:00,5.2,73.2,10.4,69.9,420.0,0,0,0.0,26.0,0,0,0.0
2024-12-09 01:00:00,5.7,72.3,9.9,70.1,420.0,0,0,0.0,26.0,0,0,0.0
2024-12-09 02:00:00,4.8,78.5,9.4,71.0,420.0,0,0,0.0,26.0,0,0,0.0
2024-12-09 03:00:00,7.7,79.2,9.2,71.8,420.0,0,0,0.0,26.0,0,0,0.0
2024-12-09 04:00:00,6.1,81.2,8.9,72.7,420.0,0,0,0.0,26.0,0,0,0.0
2024-12-09 05:00:00,4.2,76.4,8.4,73.1,420.0,0,0,0.0,26.0,0,0,0.0
2024-12-09 06:00:00,10.1,75.4,8.6,73.3,420.0,0,0,0.0,26.0,0,0,0.0
2024-12-09 07:00:00,9.2,76.9,8.7,73.7,420.0,0,0,0.0,26.0,0,0,0.0
2024-12-09 08:00:00,6.5,73.0,8.5,73.6,3087.0,24,1,0.4,26.0,0,0,0.0
2024-12-09 09:00:00,10.2,71.0,8.7,73.4,4420.0,24,1,0.4,26.0,0,0,0.0
2024-12-09 10:00:00,10.2,64.6,8.8,72.5,5000.0,59,1,0.983,26.0,0,0,0.0
2024-12-09 11:00:00,11.8,65.7,9.2,71.8,5000.0,59,1,0.983,26.0,0,0,0.0
2024-12-09 12:00:00,15.3,69.8,9.8,71.6,2710.0,0,0,0.0,26.0,0,0,0.0
2024-12-09 13:00:00,16.4,65.7,10.5,71.0,1565.0,0,0,0.0,26.0,0,0,0.0
2024-12-09 14:00:00,13.3,61.0,10.8,70.0,3659.0,24,1,0.4,26.0,0,0,0.0
2024-12-09 15:00:00,15.3,60.1,11.3,69.0,4706.0,24,1,0.4,26.0,0,0,0.0
2024-12-09 16:00:00,15.7,64.4,11.7,68.6,5000.0,26,1,0.433,26.0,0,0,0.0
2024-12-09 17:00:00,15.1,66.1,12.1,68.3,5000.0,26,1,0.433,26.0,0,0,0.0
2024-12-09 18:00:00,12.2,67.1,12.1,68.2,2710.0,0,0,0.0,26.0,0,0,0.0
2024-12-09 19:00:00,11.5,63.2,12.0,67.7,1565.0,0,0,0.0,26.0,0,0,0.0
2024-12-09 20:00:00,12.1,71.6,12.0,68.1,992.0,0,0,0.0,26.0,0,0,0.0
2024-12-09 21:00:00,10.7,70.1,11.9,68.3,706.0,0,0,0.0,26.0,0,0,0.0
2024-12-09 22:00:00,9.2,72.5,11.6,68.7,563.0,0,0,0.0,26.0,0,0,0.0
2024-12-09 23:00:00,5.8,70.3,11.0,68.9,492.0,0,0,0.0,26.0,0,0,0.0
2024-12-10 00:00:00,6.3,75.9,10.6,69.6,456.0,0,0,0.0,26.0,0,0,0.0
2024-12-10 01:00:00,5.7,79.0,10.1,70.5,438.0,0,0,0.0,26.0,0,0,0.0
2024-12-10 02:00:00,4.8,79.4,9.5,71.4,429.0,0,0,0.0,26.0,0,0,0.0
2024-12-10 03:00:00,4.8,83.5,9.1,72.6,424.0,0,0,0.0,26.0,0,0,0.0
2024-12-10 04:00:00,5.3,84.7,8.7,73.8,422.0,0,0,0.0,26.0,0,0,0.0
2024-12-10 05:00:00,6.2,76.3,8.4,74.1,421.0,0,0,0.0,26.0,0,0,0.0
2024-12-10 06:00:00,5.1,71.3,8.1,73.8,421.0,0,0,0.0,26.0,0,0,0.0
2024-12-10 07:00:00,6.0,71.4,7.9,73.6,420.0,0,0,0.0,26.0,0,0,0.0
2024-12-10 08:00:00,9.3,70.5,8.0,73.2,3198.0,25,1,0.417,26.0,0,0,0.0
2024-12-10 09:00:00,10.3,73.8,8.3,73.3,4587.0,25,1,0.417,26.0,0,0,0.0
2024-12-10 10:00:00,11.2,74.2,8.6,73.4,5000.0,51,1,0.85,26.0,0,0,0.0
2024-12-10 11:00:00,10.7,65.5,8.9,72.6,5000.0,51,1,0.85,26.0,0,0,0.0
2024-12-10 12:00:00,12.7,67.2,9.3,72.1,2710.0,0,0,0.0,26.0,0,0,0.0
2024-12-10 13:00:00,11.0,58.7,9.4,70.7,1565.0,0,0,0.0,26.0,0,0,0.0
2024-12-10 14:00:00,14.7,66.9,10.0,70.3,5000.0,51,1,0.85,26.0,0,0,0.0
2024-12-10 15:00:00,15.3,57.9,10.6,69.1,5000.0,51,1,0.85,26.0,0,0,0.0
2024-12-10 16:00:00,13.0,67.3,10.8,68.9,5000.0,37,1,0.617,26.0,0,0,0.0
2024-12-10 17:00:00,13.4,60.2,11.1,68.0,5000.0,37,1,0.617,26.0,0,0,0.0
2024-12-10 18:00:00,15.8,67.4,11.6,68.0,2710.0,0,0,0.0,26.0,0,0,0.0
2024-12-10 19:00:00,14.4,63.1,11.9,67.5,1565.0,0,0,0.0,26.0,0,0,0.0
2024-12-10 20:00:00,9.0,68.3,11.6,67.6,992.0,0,0,0.0,26.0,0,0,0.0
2024-12-10 21:00:00,10.5,71.1,11.5,67.9,706.0,0,0,0.0,26.0,0,0,0.0
2024-12-10 22:00:00,10.9,66.9,11.4,67.8,563.0,0,0,0.0,26.0,0,0,0.0
2024-12-10 23:00:00,8.8,70.7,11.2,68.1,492.0,0,0,0.0,26.0,0,0,0.0
2024-12-11 00:00:00,7.7,74.2,10.8,68.7,456.0,0,0,0.0,26.0,0,0,0.0
2024-12-11 01:00:00,4.4,75.1,10.2,69.4,438.0,0,0,0.0,26.0,0,0,0.0
2024-12-11 02:00:00,3.0,77.8,9.4,70.2,429.0,0,0,0.0,26.0,0,0,0.0
2024-12-11 03:00:00,3.8,80.4,8.9,71.2,424.0,0,0,0.0,26.0,0,0,0.0
2024-12-11 04:00:00,6.1,82.8,8.6,72.4,422.0,0,0,0.0,26.0,0,0,0.0
2024-12-11 05:00:00,6.2,78.5,8.3,73.0,421.0,0,0,0.0,26.0,0,0,0.0
2024-12-11 06:00:00,8.6,73.8,8.4,73.1,421.0,0,0,0.0,26.0,0,0,0.0
2024-12-11 07:00:00,5.3,74.6,8.1,73.2,420.0,0,0,0.0,26.0,0,0,0.0
2024-12-11 08:00:00,6.6,79.4,7.9,73.8,4865.0,40,1,0.667,26.0,0,0,0.0
2024-12-11 09:00:00,12.2,76.5,8.4,74.1,5000.0,40,1,0.667,26.0,0,0,0.0
2024-12-11 10:00:00,11.4,69.6,8.7,73.7,5000.0,40,1,0.667,26.0,0,0,0.0
2024-12-11 11:00:00,11.8,68.6,9.1,73.2,5000.0,40,1,0.667,26.0,0,0,0.0
2024-12-11 12:00:00,11.7,56.7,9.3,71.5,2710.0,0,0,0.0,26.0,0,0,0.0
2024-12-11 13:00:00,13.1,58.7,9.7,70.2,1565.0,0,0,0.0,26.0,0,0,0.0
2024-12-11 14:00:00,17.0,67.7,10.5,70.0,3881.0,26,1,0.433,26.0,0,0,0.0
2024-12-11 15:00:00,12.9,65.9,10.7,69.6,5000.0,26,1,0.433,26.0,0,0,0.0
2024-12-11 16:00:00,16.3,57.6,11.3,68.4,5000.0,45,1,0.75,26.0,0,0,0.0
2024-12-11 17:00:00,13.7,61.3,11.6,67.7,5000.0,45,1,0.75,26.0,0,0,0.0
2024-12-11 18:00:00,14.7,60.7,11.9,67.0,2710.0,0,0,0.0,26.0,0,0,0.0
2024-12-11 19:00:00,12.4,63.9,12.0,66.7,1565.0,0,0,0.0,26.0,0,0,0.0
2024-12-11 20:00:00,12.0,67.3,12.0,66.7,992.0,0,0,0.0,26.0,0,0,0.0
2024-12-11 21:00:00,9.2,69.4,11.7,67.0,706.0,0,0,0.0,26.0,0,0,0.0
2024-12-11 22:00:00,11.8,70.8,11.7,67.4,563.0,0,0,0.0,26.0,0,0,0.0
2024-12-11 23:00:00,5.9,75.8,11.1,68.2,492.0,0,0,0.0,26.0,0,0,0.0
2024-12-12 00:00:00,6.2,71.4,10.6,68.5,456.0,0,0,0.0,26.0,0,0,0.0
2024-12-12 01:00:00,9.0,75.9,10.5,69.3,438.0,0,0,0.0,26.0,0,0,0.0
2024-12-12 02:00:00,4.6,78.2,9.9,70.2,429.0,0,0,0.0,26.0,0,0,0.0
2024-12-12 03:00:00,7.6,73.0,9.6,70.4,424.0,0,0,0.0,26.0,0,0,0.0
2024-12-12 04:00:00,5.6,84.0,9.2,71.8,422.0,0,0,0.0,26.0,0,0,0.0
2024-12-12 05:00:00,5.9,73.2,8.9,71.9,421.0,0,0,0.0,26.0,0,0,0.0
2024-12-12 06:00:00,5.5,76.3,8.5,72.4,421.0,0,0,0.0,26.0,0,0,0.0
2024-12-12 07:00:00,9.5,73.0,8.6,72.4,420.0,0,0,0.0,26.0,0,0,0.0
2024-12-12 08:00:00,9.9,67.8,8.8,72.0,5000.0,43,1,0.717,26.0,0,0,0.0
2024-12-12 09:00:00,7.8,68.6,8.7,71.6,5000.0,43,1,0.717,26.0,0,0,0.0
2024-12-12 10:00:00,13.5,68.1,9.2,71.3,5000.0,52,1,0.867,26.0,0,0,0.0
2024-12-12 11:00:00,12.9,66.8,9.6,70.8,5000.0,52,1,0.867,26.0,0,0,0.0
2024-12-12 12:00:00,15.2,62.5,10.2,70.0,2710.0,0,0,0.0,26.0,0,0,0.0
2024-12-12 13:00:00,15.4,60.6,10.7,69.1,1565.0,0,0,0.0,26.0,0,0,0.0
2024-12-12 14:00:00,17.8,59.9,11.5,68.1,3770.0,25,1,0.417,26.0,0,0,0.0
2024-12-12 15:00:00,13.7,63.6,11.7,67.7,4873.0,25,1,0.417,26.0,0,0,0.0
2024-12-12 16:00:00,14.9,63.3,12.1,67.3,5000.0,48,1,0.8,26.0,0,0,0.0
2024-12-12 17:00:00,14.7,59.8,12.4,66.5,5000.0,48,1,0.8,26.0,0,0,0.0
2024-12-12 18:00:00,16.0,67.0,12.7,66.6,2710.0,0,0,0.0,26.0,0,0,0.0
2024-12-12 19:00:00,14.5,64.4,12.9,66.3,1565.0,0,0,0.0,26.0,0,0,0.0
2024-12-12 20:00:00,11.9,68.5,12.8,66.6,992.0,0,0,0.0,26.0,0,0,0.0
2024-12-12 21:00:00,11.7,73.5,12.7,67.3,706.0,0,0,0.0,26.0,0,0,0.0
2024-12-12 22:00:00,9.0,67.5,12.3,67.3,563.0,0,0,0.0,26.0,0,0,0.0
2024-12-12 23:00:00,10.2,75.7,12.1,68.1,492.0,0,0,0.0,26.0,0,0,0.0
2024-12-13 00:00:00,5.6,76.9,11.5,69.0,456.0,0,0,0.0,26.0,0,0,0.0
2024-12-13 01:00:00,3.4,80.1,10.6,70.1,438.0,0,0,0.0,26.0,0,0,0.0
2024-12-13 02:00:00,3.0,77.1,9.9,70.8,429.0,0,0,0.0,26.0,0,0,0.0
2024-12-13 03:00:00,5.4,81.1,9.4,71.8,424.0,0,0,0.0,26.0,0,0,0.0
2024-12-13 04:00:00,5.3,79.6,9.0,72.6,422.0,0,0,0.0,26.0,0,0,0.0
2024-12-13 05:00:00,5.6,76.8,8.6,73.0,421.0,0,0,0.0,26.0,0,0,0.0
2024-12-13 06:00:00,6.6,75.1,8.4,73.2,421.0,0,0,0.0,26.0,0,0,0.0
2024-12-13 07:00:00,5.0,71.7,8.1,73.1,420.0,0,0,0.0,26.0,0,0,0.0
2024-12-13 08:00:00,9.1,71.3,8.2,72.9,2753.0,21,1,0.35,26.0,0,0,0.0
2024-12-13 09:00:00,9.8,69.0,8.4,72.5,3920.0,21,1,0.35,26.0,0,0,0.0
2024-12-13 10:00:00,10.0,66.5,8.6,71.9,4837.0,24,1,0.4,26.0,0,0,0.0
2024-12-13 11:00:00,12.0,66.0,8.9,71.3,5000.0,24,1,0.4,26.0,0,0,0.0
2024-12-13 12:00:00,14.1,63.8,9.5,70.6,2710.0,0,0,0.0,26.0,0,0,0.0
2024-12-13 13:00:00,12.8,58.9,9.8,69.4,1565.0,0,0,0.0,26.0,0,0,0.0
2024-12-13 14:00:00,18.7,58.9,10.7,68.4,3326.0,21,1,0.35,26.0,0,0,0.0
2024-12-13 15:00:00,14.2,63.6,11.1,67.9,4206.0,21,1,0.35,26.0,0,0,0.0
2024-12-13 16:00:00,15.4,63.8,11.6,67.5,5000.0,51,1,0.85,26.0,0,0,0.0
2024-12-13 17:00:00,13.7,63.8,11.8,67.1,5000.0,51,1,0.85,26.0,0,0,0.0
2024-12-13 18:00:00,13.6,63.4,12.0,66.7,2710.0,0,0,0.0,26.0,0,0,0.0
2024-12-13 19:00:00,12.9,69.2,12.1,67.0,1565.0,0,0,0.0,26.0,0,0,0.0
2024-12-13 20:00:00,11.3,67.9,12.0,67.1,992.0,0,0,0.0,26.0,0,0,0.0
2024-12-13 21:00:00,11.6,72.9,12.0,67.7,706.0,0,0,0.0,26.0,0,0,0.0
2024-12-13 22:00:00,11.1,66.8,11.9,67.6,563.0,0,0,0.0,26.0,0,0,0.0
2024-12-13 23:00:00,8.9,75.8,11.6,68.4,492.0,0,0,0.0,26.0,0,0,0.0
2024-12-14 00:00:00,5.1,76.4,10.9,69.2,456.0,0,0,0.0,26.0,0,0,0.0
2024-12-14 01:00:00,7.2,74.4,10.5,69.7,438.0,0,0,0.0,26.0,0,0,0.0
2024-12-14 02:00:00,5.8,80.3,10.1,70.8,429.0,0,0,0.0,26.0,0,0,0.0
2024-12-14 03:00:00,3.4,77.6,9.4,71.5,424.0,0,0,0.0,26.0,0,0,0.0
2024-12-14 04:00:00,5.6,75.3,9.0,71.8,422.0,0,0,0.0,26.0,0,0,0.0
2024-12-14 05:00:00,4.4,76.5,8.5,72.3,421.0,0,0,0.0,26.0,0,0,0.0
2024-12-14 06:00:00,7.7,77.6,8.5,72.8,421.0,0,0,0.0,26.0,0,0,0.0
2024-12-14 07:00:00,6.2,76.0,8.2,73.2,420.0,0,0,0.0,26.0,0,0,0.0
2024-12-14 08:00:00,7.5,67.2,8.2,72.6,420.0,0,0,0.0,26.0,0,0,0.0
2024-12-14 09:00:00,9.4,73.4,8.3,72.6,420.0,0,0,0.0,26.0,0,0,0.0
2024-12-14 10:00:00,12.3,67.9,8.7,72.2,420.0,0,0,0.0,26.0,0,0,0.0
2024-12-14 11:00:00,11.9,64.8,9.0,71.4,420.0,0,0,0.0,26.0,0,0,0.0
2024-12-14 12:00:00,13.7,61.1,9.5,70.4,420.0,0,0,0.0,26.0,0,0,0.0
2024-12-14 13:00:00,13.8,62.4,9.9,69.6,420.0,0,0,0.0,26.0,0,0,0.0
2024-12-14 14:00:00,12.8,59.8,10.2,68.6,420.0,0,0,0.0,26.0,0,0,0.0
2024-12-14 15:00:00,15.6,62.0,10.8,68.0,420.0,0,0,0.0,26.0,0,0,0.0
2024-12-14 16:00:00,14.4,59.5,11.1,67.1,420.0,0,0,0.0,26.0,0,0,0.0
2024-12-14 17:00:00,16.7,60.6,11.7,66.5,420.0,0,0,0.0,26.0,0,0,0.0
2024-12-14 18:00:00,13.9,62.9,11.9,66.1,420.0,0,0,0.0,26.0,0,0,0.0
2024-12-14 19:00:00,12.6,67.4,12.0,66.2,420.0,0,0,0.0,26.0,0,0,0.0
2024-12-14 20:00:00,9.2,67.9,11.7,66.4,420.0,0,0,0.0,26.0,0,0,0.0
2024-12-14 21:00:00,11.8,75.3,11.7,67.3,420.0,0,0,0.0,26.0,0,0,0.0
2024-12-14 22:00:00,8.5,72.2,11.4,67.8,420.0,0,0,0.0,26.0,0,0,0.0
2024-12-14 23:00:00,10.8,77.4,11.3,68.7,420.0,0,0,0.0,26.0,0,0,0.0
2024-12-15 00:00:00,5.5,73.8,10.7,69.2,420.0,0,0,0.0,26.0,0,0,0.0
2024-12-15 01:00:00,7.1,73.9,10.4,69.7,420.0,0,0,0.0,26.0,0,0,0.0
2024-12-15 02:00:00,6.8,78.7,10.0,70.6,420.0,0,0,0.0,26.0,0,0,0.0
2024-12-15 03:00:00,5.8,77.2,9.6,71.3,420.0,0,0,0.0,26.0,0,0,0.0
2024-12-15 04:00:00,4.2,82.1,9.0,72.4,420.0,0,0,0.0,26.0,0,0,0.0
2024-12-15 05:00:00,5.3,75.7,8.7,72.7,420.0,0,0,0.0,26.0,0,0,0.0
2024-12-15 06:00:00,6.3,76.2,8.4,73.0,420.0,0,0,0.0,26.0,0,0,0.0
2024-12-15 07:00:00,6.0,72.3,8.2,73.0,420.0,0,0,0.0,26.0,0,0,0.0
2024-12-15 08:00:00,7.8,74.6,8.1,73.1,420.0,0,0,0.0,26.0,0,0,0.0
2024-12-15 09:00:00,8.7,64.7,8.2,72.3,420.0,0,0,0.0,26.0,0,0,0.0
2024-12-15 10:00:00,8.3,63.5,8.2,71.4,420.0,0,0,0.0,26.0,0,0,0.0
2024-12-15 11:00:00,14.5,66.0,8.9,70.9,420.0,0,0,0.0,26.0,0,0,0.0
2024-12-15 12:00:00,14.3,66.0,9.4,70.4,420.0,0,0,0.0,26.0,0,0,0.0
2024-12-15 13:00:00,14.4,62.8,9.9,69.6,420.0,0,0,0.0,26.0,0,0,0.0
2024-12-15 14:00:00,16.4,62.7,10.6,68.9,420.0,0,0,0.0,26.0,0,0,0.0
2024-12-15 15:00:00,17.1,63.9,11.2,68.4,420.0,0,0,0.0,26.0,0,0,0.0
2024-12-15 16:00:00,13.9,60.8,11.5,67.7,420.0,0,0,0.0,26.0,0,0,0.0
2024-12-15 17:00:00,13.2,66.7,11.7,67.6,420.0,0,0,0.0,26.0,0,0,0.0
2024-12-15 18:00:00,12.9,61.9,11.8,67.0,420.0,0,0,0.0,26.0,0,0,0.0
2024-12-15 19:00:00,13.0,65.7,11.9,66.9,420.0,0,0,0.0,26.0,0,0,0.0
2024-12-15 20:00:00,11.7,73.6,11.9,67.5,420.0,0,0,0.0,26.0,0,0,0.0
2024-12-15 21:00:00,11.4,70.1,11.9,67.8,420.0,0,0,0.0,26.0,0,0,0.0
2024-12-15 22:00:00,6.6,70.6,11.3,68.1,420.0,0,0,0.0,26.0,0,0,0.0
2024-12-15 23:00:00,8.6,70.5,11.0,68.3,420.0,0,0,0.0,26.0,0,0,0.0
2024-12-16 00:00:00,9.7,75.7,10.9,69.1,420.0,0,0,0.0,26.0,0,0,0.0
2024-12-16 01:00:00,5.7,74.9,10.4,69.6,420.0,0,0,0.0,26.0,0,0,0.0
2024-12-16 02:00:00,5.9,74.3,9.9,70.1,420.0,0,0,0.0,26.0,0,0,0.0
2024-12-16 03:00:00,8.2,82.0,9.8,71.3,420.0,0,0,0.0,26.0,0,0,0.0
2024-12-16 04:00:00,6.6,73.6,9.4,71.5,420.0,0,0,0.0,26.0,0,0,0.0
2024-12-16 05:00:00,6.0,80.6,9.1,72.4,420.0,0,0,0.0,26.0,0,0,0.0
2024-12-16 06:00:00,7.4,72.7,8.9,72.5,420.0,0,0,0.0,26.0,0,0,0.0
2024-12-16 07:00:00,6.5,72.6,8.7,72.5,420.0,0,0,0.0,26.0,0,0,0.0
2024-12-16 08:00:00,7.8,76.7,8.6,72.9,3198.0,25,1,0.417,26.0,0,0,0.0
2024-12-16 09:00:00,7.1,72.0,8.5,72.8,4587.0,25,1,0.417,26.0,0,0,0.0
2024-12-16 10:00:00,9.4,65.0,8.6,72.0,4837.0,21,1,0.35,26.0,0,0,0.0
2024-12-16 11:00:00,9.5,64.4,8.7,71.3,4962.0,21,1,0.35,26.0,0,0,0.0
2024-12-16 12:00:00,15.8,65.1,9.4,70.6,2691.0,0,0,0.0,26.0,0,0,0.0
2024-12-16 13:00:00,12.5,66.1,9.7,70.2,1555.0,0,0,0.0,26.0,0,0,0.0
2024-12-16 14:00:00,16.7,62.6,10.5,69.4,3432.0,22,1,0.367,26.0,0,0,0.0
2024-12-16 15:00:00,18.1,64.5,11.2,68.9,4371.0,22,1,0.367,26.0,0,0,0.0
2024-12-16 16:00:00,15.9,59.9,11.8,68.0,5000.0,58,1,0.967,26.0,0,0,0.0
2024-12-16 17:00:00,15.3,63.7,12.1,67.6,5000.0,58,1,0.967,26.0,0,0,0.0
2024-12-16 18:00:00,14.3,62.3,12.4,67.1,2710.0,0,0,0.0,26.0,0,0,0.0
2024-12-16 19:00:00,12.7,63.5,12.4,66.7,1565.0,0,0,0.0,26.0,0,0,0.0
2024-12-16 20:00:00,8.1,70.9,12.0,67.1,992.0,0,0,0.0,26.0,0,0,0.0
2024-12-16 21:00:00,7.7,70.3,11.5,67.5,706.0,0,0,0.0,26.0,0,0,0.0
2024-12-16 22:00:00,9.2,73.1,11.3,68.0,563.0,0,0,0.0,26.0,0,0,0.0
2024-12-16 23:00:00,7.1,74.8,10.9,68.7,492.0,0,0,0.0,26.0,0,0,0.0
2024-12-17 00:00:00,7.2,77.9,10.5,69.6,456.0,0,0,0.0,26.0,0,0,0.0
2024-12-17 01:00:00,8.3,77.6,10.3,70.4,438.0,0,0,0.0,26.0,0,0,0.0
2024-12-17 02:00:00,5.3,75.0,9.8,70.9,429.0,0,0,0.0,26.0,0,0,0.0
2024-12-17 03:00:00,5.7,80.0,9.4,71.8,424.0,0,0,0.0,26.0,0,0,0.0
2024-12-17 04:00:00,4.9,79.4,8.9,72.5,422.0,0,0,0.0,26.0,0,0,0.0
2024-12-17 05:00:00,5.2,78.9,8.5,73.2,421.0,0,0,0.0,26.0,0,0,0.0
2024-12-17 06:00:00,7.8,78.4,8.5,73.7,421.0,0,0,0.0,26.0,0,0,0.0
2024-12-17 07:00:00,7.7,70.9,8.4,73.4,420.0,0,0,0.0,26.0,0,0,0.0
2024-12-17 08:00:00,7.8,73.9,8.3,73.5,4198.0,34,1,0.567,26.0,0,0,0.0
2024-12-17 09:00:00,13.7,69.0,8.9,73.0,5000.0,34,1,0.567,26.0,0,0,0.0
2024-12-17 10:00:00,12.0,66.3,9.3,72.4,5000.0,45,1,0.75,26.0,0,0,0.0
2024-12-17 11:00:00,11.0,64.0,9.5,71.5,5000.0,45,1,0.75,26.0,0,0,0.0
2024-12-17 12:00:00,10.4,68.4,9.6,71.2,2710.0,0,0,0.0,26.0,0,0,0.0
2024-12-17 13:00:00,11.0,62.3,9.7,70.3,1565.0,0,0,0.0,26.0,0,0,0.0
2024-12-17 14:00:00,13.1,59.6,10.1,69.2,3770.0,25,1,0.417,26.0,0,0,0.0
2024-12-17 15:00:00,17.1,62.6,10.8,68.6,4873.0,25,1,0.417,26.0,0,0,0.0
2024-12-17 16:00:00,13.4,60.5,11.1,67.8,5000.0,38,1,0.633,26.0,0,0,0.0
2024-12-17 17:00:00,13.2,62.9,11.3,67.3,5000.0,38,1,0.633,26.0,0,0,0.0
2024-12-17 18:00:00,13.8,70.0,11.6,67.6,2710.0,0,0,0.0,26.0,0,0,0.0
2024-12-17 19:00:00,9.6,65.9,11.4,67.4,1565.0,0,0,0.0,26.0,0,0,0.0
2024-12-17 20:00:00,10.8,70.8,11.3,67.7,992.0,0,0,0.0,26.0,0,0,0.0
2024-12-17 21:00:00,10.5,71.8,11.2,68.1,706.0,0,0,0.0,26.0,0,0,0.0
2024-12-17 22:00:00,9.2,69.3,11.0,68.3,563.0,0,0,0.0,26.0,0,0,0.0
2024-12-17 23:00:00,9.3,76.4,10.9,69.1,492.0,0,0,0.0,26.0,0,0,0.0
2024-12-18 00:00:00,7.8,79.4,10.5,70.1,456.0,0,0,0.0,26.0,0,0,0.0
2024-12-18 01:00:00,6.3,81.4,10.1,71.2,438.0,0,0,0.0,26.0,0,0,0.0
2024-12-18 02:00:00,5.7,77.1,9.7,71.8,429.0,0,0,0.0,26.0,0,0,0.0
2024-12-18 03:00:00,5.0,77.9,9.2,72.4,424.0,0,0,0.0,26.0,0,0,0.0
2024-12-18 04:00:00,4.4,82.6,8.7,73.4,422.0,0,0,0.0,26.0,0,0,0.0
2024-12-18 05:00:00,6.1,77.2,8.4,73.8,421.0,0,0,0.0,26.0,0,0,0.0
2024-12-18 06:00:00,7.0,84.6,8.3,74.9,421.0,0,0,0.0,26.0,0,0,0.0
2024-12-18 07:00:00,5.8,71.5,8.0,74.6,420.0,0,0,0.0,26.0,0,0,0.0
2024-12-18 08:00:00,6.6,71.4,7.9,74.2,5000.0,43,1,0.717,26.0,0,0,0.0
2024-12-18 09:00:00,10.4,68.6,8.2,73.7,5000.0,43,1,0.717,26.0,0,0,0.0
2024-12-18 10:00:00,10.5,68.4,8.5,73.2,5000.0,43,1,0.717,26.0,0,0,0.0
2024-12-18 11:00:00,11.7,66.9,8.8,72.5,5000.0,43,1,0.717,26.0,0,0,0.0
2024-12-18 12:00:00,15.2,66.4,9.5,71.9,2710.0,0,0,0.0,26.0,0,0,0.0
2024-12-18 13:00:00,15.7,66.3,10.1,71.4,1565.0,0,0,0.0,26.0,0,0,0.0
2024-12-18 14:00:00,15.3,61.8,10.7,70.4,5000.0,57,1,0.95,26.0,0,0,0.0
2024-12-18 15:00:00,13.8,60.8,11.0,69.4,5000.0,57,1,0.95,26.0,0,0,0.0
2024-12-18 16:00:00,14.0,64.5,11.3,68.9,5000.0,31,1,0.517,26.0,0,0,0.0
2024-12-18 17:00:00,14.9,65.2,11.7,68.6,5000.0,31,1,0.517,26.0,0,0,0.0
2024-12-18 18:00:00,11.8,68.6,11.7,68.6,2710.0,0,0,0.0,26.0,0,0,0.0
2024-12-18 19:00:00,11.9,62.7,11.8,68.0,1565.0,0,0,0.0,26.0,0,0,0.0
2024-12-18 20:00:00,10.6,75.4,11.6,68.7,992.0,0,0,0.0,26.0,0,0,0.0
2024-12-18 21:00:00,9.4,69.0,11.4,68.8,706.0,0,0,0.0,26.0,0,0,0.0
2024-12-18 22:00:00,8.4,71.6,11.1,69.0,563.0,0,0,0.0,26.0,0,0,0.0
2024-12-18 23:00:00,6.3,74.4,10.6,69.6,492.0,0,0,0.0,26.0,0,0,0.0
2024-12-19 00:00:00,8.1,76.6,10.4,70.3,456.0,0,0,0.0,26.0,0,0,0.0
2024-12-19 01:00:00,4.0,75.9,9.7,70.8,438.0,0,0,0.0,26.0,0,0,0.0
2024-12-19 02:00:00,4.3,77.9,9.2,71.5,429.0,0,0,0.0,26.0,0,0,0.0
2024-12-19 03:00:00,7.0,77.6,8.9,72.2,424.0,0,0,0.0,26.0,0,0,0.0
2024-12-19 04:00:00,5.0,83.1,8.5,73.2,422.0,0,0,0.0,26.0,0,0,0.0
2024-12-19 05:00:00,7.0,78.7,8.4,73.8,421.0,0,0,0.0,26.0,0,0,0.0
2024-12-19 06:00:00,9.4,77.1,8.5,74.1,421.0,0,0,0.0,26.0,0,0,0.0
2024-12-19 07:00:00,4.5,76.5,8.1,74.4,420.0,0,0,0.0,26.0,0,0,0.0
2024-12-19 08:00:00,6.3,73.4,7.9,74.3,2976.0,23,1,0.383,26.0,0,0,0.0
2024-12-19 09:00:00,7.4,68.6,7.9,73.7,4253.0,23,1,0.383,26.0,0,0,0.0
2024-12-19 10:00:00,10.7,65.6,8.2,72.9,5000.0,47,1,0.783,26.0,0,0,0.0
2024-12-19 11:00:00,12.0,69.1,8.6,72.5,5000.0,47,1,0.783,26.0,0,0,0.0
2024-12-19 12:00:00,12.5,66.0,9.0,71.9,2710.0,0,0,0.0,26.0,0,0,0.0
2024-12-19 13:00:00,12.9,62.5,9.4,70.9,1565.0,0,0,0.0,26.0,0,0,0.0
2024-12-19 14:00:00,15.3,59.3,10.0,69.8,3437.0,22,1,0.367,26.0,0,0,0.0
2024-12-19 15:00:00,13.0,63.5,10.3,69.1,4373.0,22,1,0.367,26.0,0,0,0.0
2024-12-19 16:00:00,16.5,62.0,11.0,68.4,5000.0,53,1,0.883,26.0,0,0,0.0
2024-12-19 17:00:00,13.6,63.5,11.3,67.9,5000.0,53,1,0.883,26.0,0,0,0.0
2024-12-19 18:00:00,13.6,65.1,11.5,67.6,2710.0,0,0,0.0,26.0,0,0,0.0
2024-12-19 19:00:00,8.7,62.8,11.2,67.2,1565.0,0,0,0.0,26.0,0,0,0.0
2024-12-19 20:00:00,10.0,68.4,11.1,67.3,992.0,0,0,0.0,26.0,0,0,0.0
2024-12-19 21:00:00,10.3,71.9,11.0,67.7,706.0,0,0,0.0,26.0,0,0,0.0
2024-12-19 22:00:00,9.1,68.2,10.8,67.8,563.0,0,0,0.0,26.0,0,0,0.0
2024-12-19 23:00:00,9.7,77.8,10.7,68.8,492.0,0,0,0.0,26.0,0,0,0.0
2024-12-20 00:00:00,4.6,76.7,10.1,69.6,456.0,0,0,0.0,26.0,0,0,0.0
2024-12-20 01:00:00,4.8,77.3,9.6,70.4,438.0,0,0,0.0,26.0,0,0,0.0
2024-12-20 02:00:00,6.8,84.1,9.3,71.7,429.0,0,0,0.0,26.0,0,0,0.0
2024-12-20 03:00:00,6.1,78.9,9.0,72.4,424.0,0,0,0.0,26.0,0,0,0.0
2024-12-20 04:00:00,4.7,78.3,8.5,73.0,422.0,0,0,0.0,26.0,0,0,0.0
2024-12-20 05:00:00,7.7,76.8,8.4,73.4,421.0,0,0,0.0,26.0,0,0,0.0
2024-12-20 06:00:00,5.1,70.8,8.1,73.1,421.0,0,0,0.0,26.0,0,0,0.0
2024-12-20 07:00:00,8.3,74.7,8.1,73.3,420.0,0,0,0.0,26.0,0,0,0.0
2024-12-20 08:00:00,7.7,75.1,8.1,73.5,3642.0,29,1,0.483,26.0,0,0,0.0
2024-12-20 09:00:00,9.4,69.6,8.3,73.1,5000.0,29,1,0.483,26.0,0,0,0.0
2024-12-20 10:00:00,11.3,66.9,8.6,72.5,5000.0,26,1,0.433,26.0,0,0,0.0
2024-12-20 11:00:00,12.9,69.5,9.0,72.2,5000.0,26,1,0.433,26.0,0,0,0.0
2024-12-20 12:00:00,11.8,65.8,9.3,71.5,2710.0,0,0,0.0,26.0,0,0,0.0
2024-12-20 13:00:00,14.6,63.5,9.9,70.7,1565.0,0,0,0.0,26.0,0,0,0.0
2024-12-20 14:00:00,16.1,62.4,10.5,69.9,5000.0,57,1,0.95,26.0,0,0,0.0
2024-12-20 15:00:00,15.7,64.1,11.1,69.3,5000.0,57,1,0.95,26.0,0,0,0.0
2024-12-20 16:00:00,14.1,63.2,11.4,68.7,5000.0,37,1,0.617,26.0,0,0,0.0
2024-12-20 17:00:00,14.0,62.7,11.7,68.1,5000.0,37,1,0.617,26.0,0,0,0.0
2024-12-20 18:00:00,13.1,65.8,11.8,67.9,2710.0,0,0,0.0,26.0,0,0,0.0
2024-12-20 19:00:00,12.6,67.2,11.9,67.8,1565.0,0,0,0.0,26.0,0,0,0.0
2024-12-20 20:00:00,11.3,63.1,11.9,67.3,992.0,0,0,0.0,26.0,0,0,0.0
2024-12-20 21:00:00,10.0,70.2,11.7,67.6,706.0,0,0,0.0,26.0,0,0,0.0
2024-12-20 22:00:00,9.1,70.3,11.4,67.9,563.0,0,0,0.0,26.0,0,0,0.0
2024-12-20 23:00:00,5.7,75.9,10.8,68.7,492.0,0,0,0.0,26.0,0,0,0.0
2024-12-21 00:00:00,6.1,76.2,10.4,69.4,456.0,0,0,0.0,26.0,0,0,0.0
2024-12-21 01:00:00,5.2,76.9,9.8,70.2,438.0,0,0,0.0,26.0,0,0,0.0
2024-12-21 02:00:00,4.5,74.8,9.3,70.7,429.0,0,0,0.0,26.0,0,0,0.0
2024-12-21 03:00:00,5.7,76.2,8.9,71.2,424.0,0,0,0.0,26.0,0,0,0.0
2024-12-21 04:00:00,5.4,79.0,8.6,72.0,422.0,0,0,0.0,26.0,0,0,0.0
2024-12-21 05:00:00,4.8,73.3,8.2,72.1,421.0,0,0,0.0,26.0,0,0,0.0
2024-12-21 06:00:00,10.1,74.1,8.4,72.3,421.0,0,0,0.0,26.0,0,0,0.0
2024-12-21 07:00:00,8.4,79.8,8.4,73.1,420.0,0,0,0.0,26.0,0,0,0.0
2024-12-21 08:00:00,9.9,71.2,8.5,72.9,420.0,0,0,0.0,26.0,0,0,0.0
2024-12-21 09:00:00,9.9,67.5,8.7,72.3,420.0,0,0,0.0,26.0,0,0,0.0
2024-12-21 10:00:00,12.6,69.6,9.1,72.1,420.0,0,0,0.0,26.0,0,0,0.0
2024-12-21 11:00:00,11.7,62.9,9.3,71.1,420.0,0,0,0.0,26.0,0,0,0.0
2024-12-21 12:00:00,11.6,67.3,9.6,70.8,420.0,0,0,0.0,26.0,0,0,0.0
2024-12-21 13:00:00,14.5,63.7,10.1,70.1,420.0,0,0,0.0,26.0,0,0,0.0
2024-12-21 14:00:00,13.6,57.9,10.4,68.8,420.0,0,0,0.0,26.0,0,0,0.0
2024-12-21 15:00:00,16.4,62.1,11.0,68.2,420.0,0,0,0.0,26.0,0,0,0.0
2024-12-21 16:00:00,16.2,61.1,11.6,67.5,420.0,0,0,0.0,26.0,0,0,0.0
2024-12-21 17:00:00,14.0,65.2,11.8,67.2,420.0,0,0,0.0,26.0,0,0,0.0
2024-12-21 18:00:00,14.6,66.7,12.1,67.2,420.0,0,0,0.0,26.0,0,0,0.0
2024-12-21 19:00:00,12.1,67.8,12.1,67.2,420.0,0,0,0.0,26.0,0,0,0.0
2024-12-21 20:00:00,13.0,67.6,12.2,67.3,420.0,0,0,0.0,26.0,0,0,0.0
2024-12-21 21:00:00,9.2,74.0,11.9,68.0,420.0,0,0,0.0,26.0,0,0,0.0
2024-12-21 22:00:00,7.7,74.0,11.5,68.6,420.0,0,0,0.0,26.0,0,0,0.0
2024-12-21 23:00:00,7.4,68.5,11.1,68.6,420.0,0,0,0.0,26.0,0,0,0.0
2024-12-22 00:00:00,8.2,67.4,10.8,68.4,420.0,0,0,0.0,26.0,0,0,0.0
2024-12-22 01:00:00,2.7,78.5,9.9,69.4,420.0,0,0,0.0,26.0,0,0,0.0
2024-12-22 02:00:00,6.0,75.8,9.5,70.1,420.0,0,0,0.0,26.0,0,0,0.0
2024-12-22 03:00:00,5.2,70.4,9.1,70.1,420.0,0,0,0.0,26.0,0,0,0.0
2024-12-22 04:00:00,6.2,78.5,8.8,70.9,420.0,0,0,0.0,26.0,0,0,0.0
2024-12-22 05:00:00,5.6,77.0,8.5,71.6,420.0,0,0,0.0,26.0,0,0,0.0
2024-12-22 06:00:00,7.2,75.6,8.4,72.0,420.0,0,0,0.0,26.0,0,0,0.0
2024-12-22 07:00:00,4.7,80.6,8.0,72.8,420.0,0,0,0.0,26.0,0,0,0.0
2024-12-22 08:00:00,10.5,68.2,8.2,72.4,420.0,0,0,0.0,26.0,0,0,0.0
2024-12-22 09:00:00,9.5,69.3,8.4,72.1,420.0,0,0,0.0,26.0,0,0,0.0
2024-12-22 10:00:00,12.9,61.5,8.8,71.0,420.0,0,0,0.0,26.0,0,0,0.0
2024-12-22 11:00:00,11.8,60.7,9.1,70.0,420.0,0,0,0.0,26.0,0,0,0.0
2024-12-22 12:00:00,13.1,62.9,9.5,69.3,420.0,0,0,0.0,26.0,0,0,0.0
2024-12-22 13:00:00,14.4,61.3,10.0,68.5,420.0,0,0,0.0,26.0,0,0,0.0
2024-12-22 14:00:00,13.7,64.1,10.4,68.0,420.0,0,0,0.0,26.0,0,0,0.0
2024-12-22 15:00:00,15.7,63.7,10.9,67.6,420.0,0,0,0.0,26.0,0,0,0.0
2024-12-22 16:00:00,14.6,60.6,11.3,66.9,420.0,0,0,0.0,26.0,0,0,0.0
2024-12-22 17:00:00,14.2,64.6,11.6,66.7,420.0,0,0,0.0,26.0,0,0,0.0
2024-12-22 18:00:00,10.3,65.5,11.5,66.6,420.0,0,0,0.0,26.0,0,0,0.0
2024-12-22 19:00:00,13.0,66.2,11.6,66.5,420.0,0,0,0.0,26.0,0,0,0.0
2024-12-22 20:00:00,11.1,60.2,11.6,65.9,420.0,0,0,0.0,26.0,0,0,0.0
2024-12-22 21:00:00,9.3,75.4,11.4,66.8,420.0,0,0,0.0,26.0,0,0,0.0
2024-12-22 22:00:00,8.7,71.1,11.1,67.3,420.0,0,0,0.0,26.0,0,0,0.0
2024-12-22 23:00:00,7.5,75.1,10.7,68.0,420.0,0,0,0.0,26.0,0,0,0.0
2024-12-23 00:00:00,7.5,75.0,10.4,68.7,420.0,0,0,0.0,26.0,0,0,0.0
2024-12-23 01:00:00,6.3,82.0,10.0,70.1,420.0,0,0,0.0,26.0,0,0,0.0
2024-12-23 02:00:00,6.7,84.7,9.6,71.5,420.0,0,0,0.0,26.0,0,0,0.0
2024-12-23 03:00:00,4.0,83.0,9.1,72.7,420.0,0,0,0.0,26.0,0,0,0.0
2024-12-23 04:00:00,4.0,78.8,8.6,73.3,420.0,0,0,0.0,26.0,0,0,0.0
2024-12-23 05:00:00,6.8,75.4,8.4,73.5,420.0,0,0,0.0,26.0,0,0,0.0
2024-12-23 06:00:00,6.6,78.4,8.2,74.0,420.0,0,0,0.0,26.0,0,0,0.0
2024-12-23 07:00:00,6.4,79.0,8.0,74.5,420.0,0,0,0.0,26.0,0,0,0.0
2024-12-23 08:00:00,6.6,77.9,7.9,74.8,5000.0,48,1,0.8,26.0,0,0,0.0
2024-12-23 09:00:00,11.5,69.7,8.3,74.3,5000.0,48,1,0.8,26.0,0,0,0.0
2024-12-23 10:00:00,10.7,66.4,8.6,73.5,5000.0,39,1,0.65,26.0,0,0,0.0
2024-12-23 11:00:00,12.3,65.9,9.0,72.8,5000.0,39,1,0.65,26.0,0,0,0.0
2024-12-23 12:00:00,15.4,70.2,9.6,72.5,2710.0,0,0,0.0,26.0,0,0,0.0
2024-12-23 13:00:00,14.6,60.5,10.1,71.3,1565.0,0,0,0.0,26.0,0,0,0.0
2024-12-23 14:00:00,14.0,61.7,10.6,70.3,4881.0,35,1,0.583,26.0,0,0,0.0
2024-12-23 15:00:00,13.5,58.5,10.9,69.2,5000.0,35,1,0.583,26.0,0,0,0.0
2024-12-23 16:00:00,18.0,63.2,11.6,68.6,5000.0,59,1,0.983,26.0,0,0,0.0
2024-12-23 17:00:00,13.1,65.5,11.8,68.3,5000.0,59,1,0.983,26.0,0,0,0.0
2024-12-23 18:00:00,11.8,61.1,11.8,67.5,2710.0,0,0,0.0,26.0,0,0,0.0
2024-12-23 19:00:00,11.3,71.0,11.8,67.9,1565.0,0,0,0.0,26.0,0,0,0.0
2024-12-23 20:00:00,10.9,60.6,11.7,67.2,992.0,0,0,0.0,26.0,0,0,0.0
2024-12-23 21:00:00,11.8,69.1,11.7,67.4,706.0,0,0,0.0,26.0,0,0,0.0
2024-12-23 22:00:00,5.9,71.1,11.1,67.7,563.0,0,0,0.0,26.0,0,0,0.0
2024-12-23 23:00:00,8.3,75.2,10.8,68.5,492.0,0,0,0.0,26.0,0,0,0.0
2024-12-24 00:00:00,9.2,73.1,10.7,68.9,456.0,0,0,0.0,26.0,0,0,0.0
2024-12-24 01:00:00,5.7,74.8,10.2,69.5,438.0,0,0,0.0,26.0,0,0,0.0
2024-12-24 02:00:00,2.9,80.4,9.4,70.6,429.0,0,0,0.0,26.0,0,0,0.0
2024-12-24 03:00:00,5.7,78.9,9.0,71.4,424.0,0,0,0.0,26.0,0,0,0.0
2024-12-24 04:00:00,5.8,75.7,8.7,71.9,422.0,0,0,0.0,26.0,0,0,0.0
2024-12-24 05:00:00,4.2,77.0,8.3,72.4,421.0,0,0,0.0,26.0,0,0,0.0
2024-12-24 06:00:00,8.2,80.5,8.3,73.2,421.0,0,0,0.0,26.0,0,0,0.0
2024-12-24 07:00:00,8.7,74.1,8.3,73.3,420.0,0,0,0.0,26.0,0,0,0.0
2024-12-24 08:00:00,9.1,72.1,8.4,73.2,5000.0,50,1,0.833,26.0,0,0,0.0
2024-12-24 09:00:00,8.5,70.1,8.5,72.9,5000.0,50,1,0.833,26.0,0,0,0.0
2024-12-24 10:00:00,9.3,67.6,8.6,72.3,5000.0,24,1,0.4,26.0,0,0,0.0
2024-12-24 11:00:00,15.0,68.5,9.2,71.9,5000.0,24,1,0.4,26.0,0,0,0.0
2024-12-24 12:00:00,12.2,64.1,9.5,71.2,2710.0,0,0,0.0,26.0,0,0,0.0
2024-12-24 13:00:00,13.1,62.9,9.9,70.3,1565.0,0,0,0.0,26.0,0,0,0.0
2024-12-24 14:00:00,16.4,64.2,10.6,69.7,4881.0,35,1,0.583,26.0,0,0,0.0
2024-12-24 15:00:00,18.7,65.6,11.4,69.3,5000.0,35,1,0.583,26.0,0,0,0.0
2024-12-24 16:00:00,15.1,64.3,11.8,68.8,5000.0,49,1,0.817,26.0,0,0,0.0
2024-12-24 17:00:00,14.0,59.7,12.1,67.9,5000.0,49,1,0.817,26.0,0,0,0.0
2024-12-24 18:00:00,15.5,67.4,12.4,67.8,2710.0,0,0,0.0,26.0,0,0,0.0
2024-12-24 19:00:00,12.1,66.8,12.4,67.7,1565.0,0,0,0.0,26.0,0,0,0.0
2024-12-24 20:00:00,13.2,70.5,12.5,68.0,992.0,0,0,0.0,26.0,0,0,0.0
2024-12-24 21:00:00,7.8,70.7,12.0,68.3,706.0,0,0,0.0,26.0,0,0,0.0
2024-12-24 22:00:00,8.5,75.4,11.7,69.0,563.0,0,0,0.0,26.0,0,0,0.0
2024-12-24 23:00:00,9.0,78.0,11.4,69.9,492.0,0,0,0.0,26.0,0,0,0.0
2024-12-25 00:00:00,4.8,73.3,10.7,70.2,456.0,0,0,0.0,26.0,0,0,0.0
2024-12-25 01:00:00,7.3,75.2,10.4,70.7,438.0,0,0,0.0,26.0,0,0,0.0
2024-12-25 02:00:00,2.9,79.3,9.6,71.6,429.0,0,0,0.0,26.0,0,0,0.0
2024-12-25 03:00:00,4.2,83.4,9.1,72.8,424.0,0,0,0.0,26.0,0,0,0.0
2024-12-25 04:00:00,5.6,78.2,8.7,73.3,422.0,0,0,0.0,26.0,0,0,0.0
2024-12-25 05:00:00,5.1,81.7,8.3,74.2,421.0,0,0,0.0,26.0,0,0,0.0
2024-12-25 06:00:00,7.0,74.4,8.2,74.2,421.0,0,0,0.0,26.0,0,0,0.0
2024-12-25 07:00:00,6.3,73.8,8.0,74.1,420.0,0,0,0.0,26.0,0,0,0.0
2024-12-25 08:00:00,7.2,75.2,8.0,74.2,3642.0,29,1,0.483,26.0,0,0,0.0
2024-12-25 09:00:00,7.3,69.6,7.9,73.8,5000.0,29,1,0.483,26.0,0,0,0.0
2024-12-25 10:00:00,12.2,69.0,8.4,73.3,5000.0,48,1,0.8,26.0,0,0,0.0
2024-12-25 11:00:00,11.4,68.0,8.7,72.8,5000.0,48,1,0.8,26.0,0,0,0.0
2024-12-25 12:00:00,12.2,64.3,9.1,71.9,2710.0,0,0,0.0,26.0,0,0,0.0
2024-12-25 13:00:00,15.3,64.5,9.7,71.2,1565.0,0,0,0.0,26.0,0,0,0.0
2024-12-25 14:00:00,13.8,65.9,10.1,70.7,5000.0,47,1,0.783,26.0,0,0,0.0
2024-12-25 15:00:00,15.1,64.2,10.7,70.0,5000.0,47,1,0.783,26.0,0,0,0.0
2024-12-25 16:00:00,17.1,65.6,11.4,69.6,5000.0,42,1,0.7,26.0,0,0,0.0
2024-12-25 17:00:00,16.0,63.6,11.9,69.0,5000.0,42,1,0.7,26.0,0,0,0.0
2024-12-25 18:00:00,14.7,65.0,12.1,68.6,2710.0,0,0,0.0,26.0,0,0,0.0
2024-12-25 19:00:00,10.7,66.9,12.0,68.4,1565.0,0,0,0.0,26.0,0,0,0.0
2024-12-25 20:00:00,11.7,69.7,12.0,68.5,992.0,0,0,0.0,26.0,0,0,0.0
2024-12-25 21:00:00,9.8,67.7,11.8,68.5,706.0,0,0,0.0,26.0,0,0,0.0
2024-12-25 22:00:00,9.7,68.1,11.5,68.4,563.0,0,0,0.0,26.0,0,0,0.0
2024-12-25 23:00:00,9.7,73.3,11.4,68.9,492.0,0,0,0.0,26.0,0,0,0.0
2024-12-26 00:00:00,6.8,77.3,10.9,69.7,456.0,0,0,0.0,26.0,0,0,0.0
2024-12-26 01:00:00,6.6,72.7,10.5,70.0,438.0,0,0,0.0,26.0,0,0,0.0
2024-12-26 02:00:00,6.4,78.6,10.0,70.9,429.0,0,0,0.0,26.0,0,0,0.0
2024-12-26 03:00:00,4.0,75.8,9.4,71.4,424.0,0,0,0.0,26.0,0,0,0.0
2024-12-26 04:00:00,4.7,73.8,9.0,71.6,422.0,0,0,0.0,26.0,0,0,0.0
2024-12-26 05:00:00,8.3,81.4,8.9,72.6,421.0,0,0,0.0,26.0,0,0,0.0
2024-12-26 06:00:00,7.1,75.0,8.7,72.8,421.0,0,0,0.0,26.0,0,0,0.0
2024-12-26 07:00:00,7.2,76.3,8.6,73.2,420.0,0,0,0.0,26.0,0,0,0.0
2024-12-26 08:00:00,11.3,70.4,8.9,72.9,4753.0,39,1,0.65,26.0,0,0,0.0
2024-12-26 09:00:00,8.3,74.6,8.8,73.1,5000.0,39,1,0.65,26.0,0,0,0.0
2024-12-26 10:00:00,8.6,64.9,8.8,72.3,5000.0,38,1,0.633,26.0,0,0,0.0
2024-12-26 11:00:00,12.1,61.3,9.2,71.2,5000.0,38,1,0.633,26.0,0,0,0.0
2024-12-26 12:00:00,15.2,66.9,9.8,70.7,2710.0,0,0,0.0,26.0,0,0,0.0
2024-12-26 13:00:00,13.5,66.9,10.2,70.4,1565.0,0,0,0.0,26.0,0,0,0.0
2024-12-26 14:00:00,17.0,61.9,10.9,69.5,5000.0,57,1,0.95,26.0,0,0,0.0
2024-12-26 15:00:00,14.3,68.8,11.3,69.4,5000.0,57,1,0.95,26.0,0,0,0.0
2024-12-26 16:00:00,15.9,63.0,11.8,68.8,5000.0,34,1,0.567,26.0,0,0,0.0
2024-12-26 17:00:00,16.4,64.0,12.3,68.3,5000.0,34,1,0.567,26.0,0,0,0.0
2024-12-26 18:00:00,12.8,64.6,12.3,67.9,2710.0,0,0,0.0,26.0,0,0,0.0
2024-12-26 19:00:00,14.1,60.0,12.5,67.1,1565.0,0,0,0.0,26.0,0,0,0.0
2024-12-26 20:00:00,10.9,72.1,12.3,67.6,992.0,0,0,0.0,26.0,0,0,0.0
2024-12-26 21:00:00,9.2,74.6,12.0,68.3,706.0,0,0,0.0,26.0,0,0,0.0
2024-12-26 22:00:00,10.8,71.9,11.9,68.7,563.0,0,0,0.0,26.0,0,0,0.0
2024-12-26 23:00:00,6.6,73.1,11.4,69.1,492.0,0,0,0.0,26.0,0,0,0.0
2024-12-27 00:00:00,10.5,81.3,11.3,70.4,456.0,0,0,0.0,26.0,0,0,0.0
2024-12-27 01:00:00,5.9,75.1,10.7,70.8,438.0,0,0,0.0,26.0,0,0,0.0
2024-12-27 02:00:00,5.3,78.5,10.2,71.6,429.0,0,0,0.0,26.0,0,0,0.0
2024-12-27 03:00:00,3.1,78.2,9.5,72.3,424.0,0,0,0.0,26.0,0,0,0.0
2024-12-27 04:00:00,7.2,72.3,9.2,72.3,422.0,0,0,0.0,26.0,0,0,0.0
2024-12-27 05:00:00,6.9,81.1,9.0,73.1,421.0,0,0,0.0,26.0,0,0,0.0
2024-12-27 06:00:00,5.6,80.7,8.7,73.9,421.0,0,0,0.0,26.0,0,0,0.0
2024-12-27 07:00:00,6.5,75.3,8.4,74.0,420.0,0,0,0.0,26.0,0,0,0.0
2024-12-27 08:00:00,8.2,71.1,8.4,73.7,2753.0,21,1,0.35,26.0,0,0,0.0
2024-12-27 09:00:00,9.1,72.1,8.5,73.6,3920.0,21,1,0.35,26.0,0,0,0.0
2024-12-27 10:00:00,12.6,67.7,8.9,73.0,5000.0,30,1,0.5,26.0,0,0,0.0
2024-12-27 11:00:00,10.5,67.2,9.1,72.4,5000.0,30,1,0.5,26.0,0,0,0.0
2024-12-27 12:00:00,14.2,63.7,9.6,71.5,2710.0,0,0,0.0,26.0,0,0,0.0
2024-12-27 13:00:00,17.1,58.4,10.4,70.2,1565.0,0,0,0.0,26.0,0,0,0.0
2024-12-27 14:00:00,11.5,60.1,10.5,69.2,5000.0,55,1,0.917,26.0,0,0,0.0
2024-12-27 15:00:00,16.1,58.8,11.1,68.2,5000.0,55,1,0.917,26.0,0,0,0.0
2024-12-27 16:00:00,13.4,65.1,11.4,67.9,5000.0,37,1,0.617,26.0,0,0,0.0
2024-12-27 17:00:00,15.0,64.2,11.8,67.5,5000.0,37,1,0.617,26.0,0,0,0.0
2024-12-27 18:00:00,14.7,63.1,12.1,67.1,2710.0,0,0,0.0,26.0,0,0,0.0
2024-12-27 19:00:00,11.9,68.4,12.1,67.2,1565.0,0,0,0.0,26.0,0,0,0.0
2024-12-27 20:00:00,9.3,61.5,11.8,66.6,992.0,0,0,0.0,26.0,0,0,0.0
2024-12-27 21:00:00,9.4,72.8,11.5,67.2,706.0,0,0,0.0,26.0,0,0,0.0
2024-12-27 22:00:00,9.1,74.6,11.3,68.0,563.0,0,0,0.0,26.0,0,0,0.0
2024-12-27 23:00:00,4.5,74.9,10.6,68.7,492.0,0,0,0.0,26.0,0,0,0.0
2024-12-28 00:00:00,7.4,71.6,10.3,69.0,456.0,0,0,0.0,26.0,0,0,0.0
2024-12-28 01:00:00,7.0,76.6,10.0,69.7,438.0,0,0,0.0,26.0,0,0,0.0
2024-12-28 02:00:00,9.8,71.2,9.9,69.9,429.0,0,0,0.0,26.0,0,0,0.0
2024-12-28 03:00:00,7.1,76.8,9.6,70.6,424.0,0,0,0.0,26.0,0,0,0.0
2024-12-28 04:00:00,2.7,76.1,8.9,71.1,422.0,0,0,0.0,26.0,0,0,0.0
2024-12-28 05:00:00,6.1,80.0,8.7,72.0,421.0,0,0,0.0,26.0,0,0,0.0
2024-12-28 06:00:00,9.0,79.9,8.7,72.8,421.0,0,0,0.0,26.0,0,0,0.0
2024-12-28 07:00:00,6.1,77.4,8.4,73.3,420.0,0,0,0.0,26.0,0,0,0.0
2024-12-28 08:00:00,9.3,70.1,8.5,72.9,420.0,0,0,0.0,26.0,0,0,0.0
2024-12-28 09:00:00,9.7,67.9,8.6,72.4,420.0,0,0,0.0,26.0,0,0,0.0
2024-12-28 10:00:00,11.3,65.7,8.9,71.8,420.0,0,0,0.0,26.0,0,0,0.0
2024-12-28 11:00:00,11.0,67.4,9.1,71.3,420.0,0,0,0.0,26.0,0,0,0.0
2024-12-28 12:00:00,14.5,63.8,9.7,70.6,420.0,0,0,0.0,26.0,0,0,0.0
2024-12-28 13:00:00,16.4,62.3,10.4,69.7,420.0,0,0,0.0,26.0,0,0,0.0
2024-12-28 14:00:00,14.4,64.3,10.8,69.2,420.0,0,0,0.0,26.0,0,0,0.0
2024-12-28 15:00:00,14.8,62.3,11.2,68.5,420.0,0,0,0.0,26.0,0,0,0.0
2024-12-28 16:00:00,11.0,62.3,11.2,67.9,420.0,0,0,0.0,26.0,0,0,0.0
2024-12-28 17:00:00,11.6,59.4,11.2,67.0,420.0,0,0,0.0,26.0,0,0,0.0
2024-12-28 18:00:00,11.5,61.2,11.2,66.5,420.0,0,0,0.0,26.0,0,0,0.0
2024-12-28 19:00:00,11.7,64.5,11.3,66.3,420.0,0,0,0.0,26.0,0,0,0.0
2024-12-28 20:00:00,12.3,68.6,11.4,66.5,420.0,0,0,0.0,26.0,0,0,0.0
2024-12-28 21:00:00,7.1,70.2,11.0,66.9,420.0,0,0,0.0,26.0,0,0,0.0
2024-12-28 22:00:00,9.2,71.1,10.8,67.3,420.0,0,0,0.0,26.0,0,0,0.0
2024-12-28 23:00:00,7.4,74.6,10.4,68.0,420.0,0,0,0.0,26.0,0,0,0.0
2024-12-29 00:00:00,7.6,70.9,10.1,68.3,420.0,0,0,0.0,26.0,0,0,0.0
2024-12-29 01:00:00,5.3,81.5,9.7,69.6,420.0,0,0,0.0,26.0,0,0,0.0
2024-12-29 02:00:00,7.3,80.3,9.4,70.7,420.0,0,0,0.0,26.0,0,0,0.0
2024-12-29 03:00:00,5.8,83.0,9.1,71.9,420.0,0,0,0.0,26.0,0,0,0.0
2024-12-29 04:00:00,8.0,77.3,8.9,72.5,420.0,0,0,0.0,26.0,0,0,0.0
2024-12-29 05:00:00,4.2,76.1,8.5,72.8,420.0,0,0,0.0,26.0,0,0,0.0
2024-12-29 06:00:00,11.1,70.9,8.7,72.6,420.0,0,0,0.0,26.0,0,0,0.0
2024-12-29 07:00:00,6.8,69.8,8.5,72.4,420.0,0,0,0.0,26.0,0,0,0.0
2024-12-29 08:00:00,8.9,68.5,8.6,72.0,420.0,0,0,0.0,26.0,0,0,0.0
2024-12-29 09:00:00,9.8,64.1,8.7,71.2,420.0,0,0,0.0,26.0,0,0,0.0
2024-12-29 10:00:00,12.2,71.6,9.1,71.2,420.0,0,0,0.0,26.0,0,0,0.0
2024-12-29 11:00:00,11.9,65.6,9.3,70.7,420.0,0,0,0.0,26.0,0,0,0.0
2024-12-29 12:00:00,13.3,64.9,9.8,70.1,420.0,0,0,0.0,26.0,0,0,0.0
2024-12-29 13:00:00,14.3,65.4,10.2,69.6,420.0,0,0,0.0,26.0,0,0,0.0
2024-12-29 14:00:00,16.7,59.8,10.9,68.6,420.0,0,0,0.0,26.0,0,0,0.0
2024-12-29 15:00:00,14.5,64.7,11.2,68.2,420.0,0,0,0.0,26.0,0,0,0.0
2024-12-29 16:00:00,12.7,56.4,11.4,67.1,420.0,0,0,0.0,26.0,0,0,0.0
2024-12-29 17:00:00,14.7,64.6,11.7,66.8,420.0,0,0,0.0,26.0,0,0,0.0
2024-12-29 18:00:00,12.5,62.6,11.8,66.4,420.0,0,0,0.0,26.0,0,0,0.0
2024-12-29 19:00:00,11.4,63.4,11.8,66.1,420.0,0,0,0.0,26.0,0,0,0.0
2024-12-29 20:00:00,12.3,64.4,11.8,65.9,420.0,0,0,0.0,26.0,0,0,0.0
2024-12-29 21:00:00,9.6,67.3,11.6,66.1,420.0,0,0,0.0,26.0,0,0,0.0
2024-12-29 22:00:00,6.5,74.7,11.1,66.9,420.0,0,0,0.0,26.0,0,0,0.0
2024-12-29 23:00:00,6.7,74.6,10.6,67.7,420.0,0,0,0.0,26.0,0,0,0.0
2024-12-30 00:00:00,4.2,73.4,10.0,68.3,420.0,0,0,0.0,26.0,0,0,0.0
2024-12-30 01:00:00,6.8,84.7,9.7,69.9,420.0,0,0,0.0,26.0,0,0,0.0
2024-12-30 02:00:00,2.2,77.1,8.9,70.6,420.0,0,0,0.0,26.0,0,0,0.0
2024-12-30 03:00:00,5.6,76.2,8.6,71.2,420.0,0,0,0.0,26.0,0,0,0.0
2024-12-30 04:00:00,6.4,75.1,8.4,71.6,420.0,0,0,0.0,26.0,0,0,0.0
2024-12-30 05:00:00,5.9,75.4,8.1,72.0,420.0,0,0,0.0,26.0,0,0,0.0
2024-12-30 06:00:00,8.3,73.6,8.1,72.1,420.0,0,0,0.0,26.0,0,0,0.0
2024-12-30 07:00:00,7.0,76.8,8.0,72.6,420.0,0,0,0.0,26.0,0,0,0.0
2024-12-30 08:00:00,7.2,72.3,8.0,72.6,4198.0,34,1,0.567,26.0,0,0,0.0
2024-12-30 09:00:00,7.3,66.7,7.9,72.0,5000.0,34,1,0.567,26.0,0,0,0.0
2024-12-30 10:00:00,11.9,65.0,8.3,71.3,5000.0,39,1,0.65,26.0,0,0,0.0
2024-12-30 11:00:00,11.7,67.5,8.7,70.9,5000.0,39,1,0.65,26.0,0,0,0.0
2024-12-30 12:00:00,12.7,66.8,9.1,70.5,2710.0,0,0,0.0,26.0,0,0,0.0
2024-12-30 13:00:00,14.7,64.4,9.7,69.9,1565.0,0,0,0.0,26.0,0,0,0.0
2024-12-30 14:00:00,16.7,63.2,10.4,69.2,3881.0,26,1,0.433,26.0,0,0,0.0
2024-12-30 15:00:00,17.3,64.7,11.1,68.8,5000.0,26,1,0.433,26.0,0,0,0.0
2024-12-30 16:00:00,14.0,66.2,11.4,68.5,5000.0,25,1,0.417,26.0,0,0,0.0
2024-12-30 17:00:00,14.7,61.9,11.8,67.8,5000.0,25,1,0.417,26.0,0,0,0.0
2024-12-30 18:00:00,14.0,67.7,12.0,67.8,2710.0,0,0,0.0,26.0,0,0,0.0
2024-12-30 19:00:00,13.2,71.5,12.1,68.2,1565.0,0,0,0.0,26.0,0,0,0.0
2024-12-30 20:00:00,12.9,69.5,12.2,68.3,992.0,0,0,0.0,26.0,0,0,0.0
2024-12-30 21:00:00,8.5,69.5,11.8,68.4,706.0,0,0,0.0,26.0,0,0,0.0
2024-12-30 22:00:00,8.8,74.2,11.5,69.0,563.0,0,0,0.0,26.0,0,0,0.0
2024-12-30 23:00:00,8.5,74.5,11.2,69.6,492.0,0,0,0.0,26.0,0,0,0.0
2024-12-31 00:00:00,6.6,77.8,10.8,70.4,456.0,0,0,0.0,26.0,0,0,0.0
2024-12-31 01:00:00,4.4,82.0,10.1,71.6,438.0,0,0,0.0,26.0,0,0,0.0
2024-12-31 02:00:00,2.1,82.1,9.3,72.6,429.0,0,0,0.0,26.0,0,0,0.0
2024-12-31 03:00:00,4.9,81.0,8.9,73.4,424.0,0,0,0.0,26.0,0,0,0.0
2024-12-31 04:00:00,5.7,78.8,8.5,74.0,422.0,0,0,0.0,26.0,0,0,0.0
2024-12-31 05:00:00,6.5,79.4,8.3,74.5,421.0,0,0,0.0,26.0,0,0,0.0
2024-12-31 06:00:00,6.0,78.8,8.1,75.0,421.0,0,0,0.0,26.0,0,0,0.0
2024-12-31 07:00:00,5.9,74.0,7.9,74.9,420.0,0,0,0.0,26.0,0,0,0.0
2024-12-31 08:00:00,10.0,75.1,8.1,74.9,3976.0,32,1,0.533,26.0,0,0,0.0
2024-12-31 09:00:00,10.7,68.8,8.4,74.3,5000.0,32,1,0.533,26.0,0,0,0.0
2024-12-31 10:00:00,12.6,65.9,8.9,73.4,5000.0,54,1,0.9,26.0,0,0,0.0
2024-12-31 11:00:00,15.1,65.7,9.5,72.7,5000.0,54,1,0.9,26.0,0,0,0.0
2024-12-31 12:00:00,11.2,60.8,9.7,71.5,2710.0,0,0,0.0,26.0,0,0,0.0
2024-12-31 13:00:00,14.4,63.5,10.2,70.7,1565.0,0,0,0.0,26.0,0,0,0.0
2024-12-31 14:00:00,17.8,59.2,11.0,69.5,5000.0,47,1,0.783,26.0,0,0,0.0
2024-12-31 15:00:00,15.1,58.8,11.4,68.5,5000.0,47,1,0.783,26.0,0,0,0.0
2024-12-31 16:00:00,14.1,67.3,11.7,68.3,5000.0,60,1,1.0,26.0,0,0,0.0
2024-12-31 17:00:00,12.6,64.8,11.9,68.0,5000.0,60,1,1.0,26.0,0,0,0.0
2024-12-31 18:00:00,14.1,64.3,12.1,67.6,2710.0,0,0,0.0,26.0,0,0,0.0
2024-12-31 19:00:00,13.3,62.5,12.2,67.1,1565.0,0,0,0.0,26.0,0,0,0.0
2024-12-31 20:00:00,13.8,73.7,12.4,67.8,992.0,0,0,0.0,26.0,0,0,0.0
2024-12-31 21:00:00,10.1,77.3,12.1,68.7,706.0,0,0,0.0,26.0,0,0,0.0
2024-12-31 22:00:00,8.1,73.3,11.7,69.2,563.0,0,0,0.0,26.0,0,0,0.0
2024-12-31 23:00:00,9.6,72.6,11.5,69.5,492.0,0,0,0.0,26.0,0,0,0.0
